dataset,method,offset,mae (m),rmse (m),mean (m),median (m),max (m),min (m),std (m),sse,avg_cpu (%),avg_mem (MB),,winners
AUDrone2,ORB-SLAM3_2,0.5,0.125216,0.140166,0.125216,0.119017,0.256462,0.021249,0.062987,4.420438,,,,1
AUDrone2,ORB-SLAM3,0.5,0.142116,0.170451,0.142116,0.131355,0.540402,0.004709,0.094109,8.832243,,,,1
AUDrone1,ORB-SLAM3,-1.25,0.142701,0.181899,0.142701,0.123694,0.874892,0.04404,0.112799,4.797629,,,,1
AUDrone1,ORB-SLAM3_2,-1.25,0.209389,0.237151,0.209389,0.210062,0.727271,0.068013,0.111341,7.648737,,,,1
AUDrone3,ORB-SLAM3,0.35,0.76173,1.54576,0.76173,0.450912,10.163486,0.116751,1.345043,482.653511,,,,1
AUDrone3,ORB-SLAM3_2,1.7,1.528686,2.92328,1.528686,0.974359,18.916395,0.329668,2.491724,1709.113521,,,,1
AUDrone2,ORB-SLAM3_2,0.45,0.126267,0.142764,0.126267,0.126225,0.275329,0.024291,0.06662,4.565492,,,,0
AUDrone2,ORB-SLAM3_2,0.55,0.130891,0.144779,0.130891,0.132147,0.257503,0.003799,0.061875,4.716232,,,,0
AUDrone2,ORB-SLAM3_2,0.4,0.135839,0.152684,0.135839,0.14167,0.309969,0.013846,0.069715,5.268597,,,,0
AUDrone2,ORB-SLAM3_2,0.6,0.143114,0.156339,0.143114,0.145987,0.269071,0.037359,0.062931,5.548317,,,,0
AUDrone1,ORB-SLAM3,-1.2,0.143667,0.183749,0.143667,0.117956,0.876659,0.040222,0.114557,4.89571,,,,0
AUDrone2,ORB-SLAM3,0.55,0.145693,0.169584,0.145693,0.134835,0.506839,0.030258,0.086789,8.685186,,,,0
AUDrone1,ORB-SLAM3,-1.3,0.146182,0.183496,0.146182,0.130068,0.873653,0.042646,0.110912,4.882238,,,,0
AUDrone2,ORB-SLAM3,0.45,0.14725,0.177491,0.14725,0.135406,0.576122,0.010197,0.099099,9.576915,,,,0
AUDrone1,ORB-SLAM3,-1.15,0.149224,0.188672,0.149224,0.115967,0.877559,0.038141,0.115452,5.161561,,,,0
AUDrone2,ORB-SLAM3_2,0.35,0.150977,0.16827,0.150977,0.16378,0.364531,0.022826,0.074301,6.399121,,,,0
AUDrone1,ORB-SLAM3,-1.35,0.153536,0.188421,0.153536,0.134659,0.872117,0.042956,0.109221,5.147834,,,,0
AUDrone2,ORB-SLAM3,0.6,0.156307,0.176189,0.156307,0.149533,0.482358,0.029571,0.081306,9.374823,,,,0
AUDrone2,ORB-SLAM3_2,0.65,0.158782,0.171998,0.158782,0.161968,0.296905,0.044441,0.066116,6.685797,,,,0
AUDrone1,ORB-SLAM3,-1.1,0.159089,0.196562,0.159089,0.119335,0.878843,0.045107,0.115444,5.602309,,,,0
AUDrone2,ORB-SLAM3,0.4,0.160112,0.190322,0.160112,0.152969,0.611672,0.007157,0.102892,10.975455,,,,0
AUDrone1,ORB-SLAM3,-1.4,0.164252,0.196774,0.164252,0.140401,0.871304,0.053891,0.108357,5.61438,,,,0
AUDrone2,ORB-SLAM3_2,0.3,0.169894,0.187608,0.169894,0.177869,0.415532,0.049226,0.07958,7.954474,,,,0
AUDrone1,ORB-SLAM3,-1.05,0.171578,0.206795,0.171578,0.130628,0.880652,0.066102,0.115435,6.200791,,,,0
AUDrone2,ORB-SLAM3,0.65,0.172222,0.188487,0.172222,0.169398,0.463844,0.039805,0.076596,10.800307,,,,0
AUDrone1,ORB-SLAM3,-1.45,0.177533,0.207718,0.177533,0.155032,0.869081,0.037081,0.107837,6.25627,,,,0
AUDrone2,ORB-SLAM3,0.35,0.177628,0.207782,0.177628,0.171137,0.65178,0.001757,0.107804,13.167898,,,,0
AUDrone2,ORB-SLAM3_2,0.7,0.179839,0.192517,0.179839,0.185721,0.337578,0.06937,0.068709,8.376234,,,,0
AUDrone1,ORB-SLAM3,-1,0.186129,0.219163,0.186129,0.147599,0.882487,0.065521,0.115708,6.964707,,,,0
AUDrone2,ORB-SLAM3,0.7,0.191037,0.204846,0.191037,0.186681,0.454394,0.060812,0.073936,12.756385,,,,0
AUDrone2,ORB-SLAM3_2,0.25,0.191766,0.210421,0.191766,0.195742,0.464973,0.061376,0.08662,10.006639,,,,0
AUDrone1,ORB-SLAM3,-1.5,0.1932,0.221087,0.1932,0.1747,0.866811,0.053254,0.107486,7.087529,,,,0
AUDrone2,ORB-SLAM3,0.3,0.198595,0.228999,0.198595,0.193559,0.692907,0.005189,0.11402,15.994396,,,,0
AUDrone1,ORB-SLAM3,-0.95,0.20159,0.233056,0.20159,0.166486,0.884824,0.064882,0.116948,7.875714,,,,0
AUDrone2,ORB-SLAM3_2,0.75,0.202747,0.215026,0.202747,0.209796,0.37909,0.086825,0.071622,10.44935,,,,0
AUDrone1,ORB-SLAM3_2,-1.2,0.210576,0.239321,0.210576,0.216981,0.729224,0.063709,0.113719,7.789308,,,,0
AUDrone1,ORB-SLAM3,-1.55,0.210621,0.236459,0.210621,0.193703,0.865533,0.050397,0.107479,8.10734,,,,0
AUDrone1,ORB-SLAM3_2,-1.3,0.210719,0.238141,0.210719,0.213243,0.726147,0.065597,0.110944,7.712715,,,,0
AUDrone2,ORB-SLAM3,0.75,0.212357,0.224963,0.212357,0.207466,0.454563,0.056622,0.074249,15.384952,,,,0
AUDrone1,ORB-SLAM3_2,-1.15,0.213763,0.243954,0.213763,0.209593,0.731453,0.061723,0.117555,8.093867,,,,0
AUDrone1,ORB-SLAM3_2,-1.35,0.214084,0.24192,0.214084,0.212231,0.726175,0.051128,0.112664,7.959414,,,,0
AUDrone2,ORB-SLAM3_2,0.2,0.21559,0.235185,0.21559,0.207678,0.508869,0.068128,0.093983,12.555858,,,,0
AUDrone1,ORB-SLAM3,-0.9,0.217771,0.248326,0.217771,0.189836,0.886589,0.062132,0.119338,8.941545,,,,0
AUDrone1,ORB-SLAM3_2,-1.4,0.219371,0.248064,0.219371,0.214279,0.724681,0.040692,0.11581,8.368833,,,,0
AUDrone1,ORB-SLAM3_2,-1.1,0.219628,0.251195,0.219628,0.206161,0.732489,0.041753,0.121912,8.581442,,,,0
AUDrone2,ORB-SLAM3,0.25,0.221552,0.252548,0.221552,0.210211,0.734271,0.012203,0.121224,19.389272,,,,0
AUDrone1,ORB-SLAM3_2,-1.45,0.227486,0.257588,0.227486,0.220113,0.726424,0.040102,0.120837,9.02379,,,,0
AUDrone2,ORB-SLAM3_2,0.8,0.227649,0.23979,0.227649,0.23256,0.414703,0.096625,0.075332,12.994784,,,,0
AUDrone1,ORB-SLAM3_2,-1.05,0.227832,0.260446,0.227832,0.205522,0.732884,0.037048,0.126194,9.225194,,,,0
AUDrone1,ORB-SLAM3,-1.6,0.228972,0.253242,0.228972,0.213544,0.86502,0.05749,0.108182,9.29904,,,,0
AUDrone1,ORB-SLAM3,-0.85,0.234744,0.264782,0.234744,0.214198,0.887412,0.057863,0.122493,10.165848,,,,0
AUDrone2,ORB-SLAM3,0.8,0.235502,0.247708,0.235502,0.23693,0.463996,0.068402,0.076799,18.775928,,,,0
AUDrone1,ORB-SLAM3_2,-1.5,0.237225,0.268733,0.237225,0.226897,0.727038,0.030972,0.12626,9.821541,,,,0
AUDrone1,ORB-SLAM3_2,-1,0.238568,0.271724,0.238568,0.209695,0.733304,0.033424,0.130073,10.041401,,,,0
AUDrone2,ORB-SLAM3_2,0.15,0.240156,0.260809,0.240156,0.23527,0.548639,0.074792,0.101717,15.508877,,,,0
AUDrone2,ORB-SLAM3,0.2,0.245366,0.277722,0.245366,0.23672,0.77728,0.015387,0.130096,23.524431,,,,0
AUDrone1,ORB-SLAM3,-1.65,0.2484,0.271422,0.2484,0.234847,0.864172,0.070313,0.109397,10.682167,,,,0
AUDrone1,ORB-SLAM3_2,-1.55,0.248936,0.281751,0.248936,0.243804,0.727546,0.021203,0.131964,10.796162,,,,0
AUDrone1,ORB-SLAM3_2,-0.95,0.251027,0.284334,0.251027,0.219184,0.733532,0.054701,0.133533,10.995034,,,,0
AUDrone1,ORB-SLAM3,-0.8,0.25108,0.281698,0.25108,0.23572,0.888162,0.041606,0.127723,11.426982,,,,0
AUDrone2,ORB-SLAM3_2,0.85,0.25308,0.265743,0.25308,0.260741,0.444913,0.09543,0.081054,15.818759,,,,0
AUDrone2,ORB-SLAM3,0.85,0.259638,0.272474,0.259638,0.259939,0.480459,0.09325,0.082647,22.569657,,,,0
AUDrone1,ORB-SLAM3_2,-1.6,0.262466,0.29612,0.262466,0.253231,0.726953,0.031993,0.137107,11.925419,,,,0
AUDrone1,ORB-SLAM3_2,-0.9,0.264504,0.298,0.264504,0.230737,0.733429,0.086083,0.137264,12.077308,,,,0
AUDrone2,ORB-SLAM3_2,0.1,0.265381,0.287526,0.265381,0.257085,0.591357,0.083077,0.110655,18.849067,,,,0
AUDrone1,ORB-SLAM3,-1.7,0.268235,0.290537,0.268235,0.262216,0.863519,0.070088,0.111631,12.239672,,,,0
AUDrone1,ORB-SLAM3,-0.75,0.269227,0.299782,0.269227,0.2582,0.887917,0.061402,0.131855,13.03104,,,,0
AUDrone2,ORB-SLAM3,0.15,0.26945,0.303841,0.26945,0.25664,0.823747,0.026079,0.140415,28.434427,,,,0
AUDrone1,ORB-SLAM3_2,-1.65,0.277518,0.311623,0.277518,0.261708,0.725187,0.037808,0.141748,13.206779,,,,0
AUDrone1,ORB-SLAM3_2,-0.85,0.278755,0.312591,0.278755,0.244261,0.732717,0.092458,0.141453,13.289023,,,,0
AUDrone2,ORB-SLAM3_2,0.9,0.2788,0.292041,0.2788,0.287095,0.487875,0.118386,0.086938,19.019193,,,,0
AUDrone2,ORB-SLAM3,0.9,0.284942,0.298758,0.284942,0.2851,0.515335,0.125354,0.089804,26.955499,,,,0
AUDrone1,ORB-SLAM3,-0.7,0.287797,0.319255,0.287797,0.286447,0.888415,0.064921,0.138189,14.778923,,,,0
AUDrone1,ORB-SLAM3,-1.75,0.28804,0.310001,0.28804,0.282453,0.86198,0.069912,0.114602,13.838488,,,,0
AUDrone2,ORB-SLAM3_2,0.05,0.291917,0.315419,0.291917,0.282676,0.648015,0.090955,0.119473,22.683569,,,,0
AUDrone1,ORB-SLAM3_2,-1.7,0.293846,0.328047,0.293846,0.276204,0.724452,0.032931,0.14584,14.635606,,,,0
AUDrone1,ORB-SLAM3_2,-0.8,0.293863,0.32806,0.293863,0.259931,0.73189,0.091007,0.145835,14.636782,,,,0
AUDrone2,ORB-SLAM3,0.1,0.295215,0.331807,0.295215,0.279348,0.870038,0.020635,0.151471,33.909439,,,,0
AUDrone1,ORB-SLAM3,-0.65,0.305693,0.338414,0.305693,0.311745,0.888984,0.056512,0.145177,16.606027,,,,0
AUDrone2,ORB-SLAM3_2,0.95,0.30654,0.320996,0.30654,0.312084,0.532451,0.129172,0.095245,23.080676,,,,0
AUDrone1,ORB-SLAM3_2,-0.75,0.308364,0.343898,0.308364,0.274875,0.733329,0.089631,0.152242,16.084175,,,,0
AUDrone1,ORB-SLAM3,-1.8,0.308775,0.330768,0.308775,0.310949,0.861232,0.075964,0.118598,15.864102,,,,0
AUDrone2,ORB-SLAM3,0.95,0.310936,0.325957,0.310936,0.310806,0.562277,0.140081,0.09781,31.980676,,,,0
AUDrone1,ORB-SLAM3_2,-1.75,0.311372,0.345634,0.311372,0.292668,0.724253,0.040981,0.150033,16.246918,,,,0
AUDrone2,ORB-SLAM3_2,0,0.318029,0.342974,0.318029,0.30952,0.699773,0.099369,0.128408,26.702215,,,,0
AUDrone2,ORB-SLAM3,0.05,0.321244,0.360336,0.321244,0.300837,0.920256,0.013654,0.163231,40.121237,,,,0
AUDrone1,ORB-SLAM3,-0.6,0.323608,0.357851,0.323608,0.333752,0.889501,0.045578,0.152758,18.568295,,,,0
AUDrone1,ORB-SLAM3_2,-0.7,0.324094,0.360774,0.324094,0.292743,0.764404,0.087117,0.158495,17.701486,,,,0
AUDrone1,ORB-SLAM3,-1.85,0.329454,0.351921,0.329454,0.332098,0.859402,0.083403,0.123727,17.958027,,,,0
AUDrone1,ORB-SLAM3_2,-1.8,0.330843,0.364884,0.330843,0.314805,0.723113,0.049897,0.153894,18.107127,,,,0
AUDrone2,ORB-SLAM3_2,1,0.333614,0.34945,0.333614,0.339166,0.575254,0.140087,0.104006,27.475944,,,,0
AUDrone2,ORB-SLAM3,1,0.337318,0.354013,0.337318,0.340762,0.608171,0.150074,0.107432,37.722916,,,,0
AUDrone1,ORB-SLAM3_2,-0.65,0.339112,0.377623,0.339112,0.314375,0.797458,0.082815,0.166139,19.393517,,,,0
AUDrone1,ORB-SLAM3,-0.55,0.341826,0.378019,0.341826,0.350834,0.89086,0.034188,0.161411,20.720277,,,,0
AUDrone2,ORB-SLAM3_2,-0.05,0.345758,0.372208,0.345758,0.332235,0.755566,0.108288,0.137804,31.586833,,,,0
AUDrone2,ORB-SLAM3,0,0.34708,0.388928,0.34708,0.326842,0.973354,0.013921,0.1755,47.043399,,,,0
AUDrone1,ORB-SLAM3,-1.9,0.349557,0.372883,0.349557,0.359185,0.85696,0.098974,0.129813,20.161058,,,,0
AUDrone1,ORB-SLAM3_2,-1.85,0.350329,0.384163,0.350329,0.327585,0.72086,0.052209,0.157641,20.071056,,,,0
AUDrone1,ORB-SLAM3_2,-0.6,0.353527,0.394741,0.353527,0.33753,0.829435,0.076397,0.175609,21.035745,,,,0
AUDrone1,ORB-SLAM3,-0.5,0.360089,0.398295,0.360089,0.373013,0.891977,0.023366,0.170221,23.002671,,,,0
AUDrone2,ORB-SLAM3_2,1.05,0.360457,0.377814,0.360457,0.374692,0.615991,0.149996,0.113198,32.117193,,,,0
AUDrone2,ORB-SLAM3,1.05,0.362972,0.381807,0.362972,0.369455,0.651102,0.126967,0.118437,44.024493,,,,0
AUDrone1,ORB-SLAM3_2,-0.55,0.369896,0.412201,0.369896,0.354753,0.860069,0.075718,0.181897,23.107744,,,,0
AUDrone1,ORB-SLAM3_2,-1.9,0.370716,0.404484,0.370716,0.344075,0.720554,0.059496,0.161793,22.250553,,,,0
AUDrone1,ORB-SLAM3,-1.95,0.371384,0.395782,0.371384,0.382914,0.854385,0.114994,0.136811,22.713289,,,,0
AUDrone2,ORB-SLAM3_2,-0.1,0.372995,0.400816,0.372995,0.364291,0.809135,0.116941,0.146726,36.629072,,,,0
AUDrone2,ORB-SLAM3,-0.05,0.373541,0.418227,0.373541,0.350275,1.028381,0.021266,0.188096,54.398083,,,,0
AUDrone1,ORB-SLAM3,-0.45,0.377402,0.418263,0.377402,0.380275,0.893853,0.012735,0.180309,25.366852,,,,0
AUDrone1,ORB-SLAM3_2,-0.5,0.386656,0.430884,0.386656,0.380395,0.889354,0.073485,0.190154,25.249899,,,,0
AUDrone2,ORB-SLAM3_2,1.1,0.387265,0.40625,0.387265,0.411125,0.655753,0.160842,0.122742,37.133852,,,,0
AUDrone2,ORB-SLAM3,1.1,0.388874,0.409764,0.388874,0.394613,0.685303,0.15164,0.129166,50.371969,,,,0
AUDrone1,ORB-SLAM3_2,-1.95,0.390641,0.424381,0.390641,0.368619,0.722493,0.069801,0.165827,24.313378,,,,0
AUDrone1,ORB-SLAM3,-2,0.391468,0.416853,0.391468,0.402612,0.851322,0.123431,0.143246,25.022355,,,,0
AUDrone1,ORB-SLAM3,-0.4,0.396065,0.439018,0.396065,0.401785,0.894057,0.007788,0.189394,27.94689,,,,0
AUDrone2,ORB-SLAM3_2,-0.15,0.400888,0.430496,0.400888,0.396537,0.864987,0.125316,0.156893,41.883839,,,,0
AUDrone2,ORB-SLAM3,-0.1,0.402638,0.449789,0.402638,0.377811,1.088607,0.024276,0.200483,62.716261,,,,0
AUDrone1,ORB-SLAM3_2,-0.45,0.403069,0.449286,0.403069,0.407557,0.91581,0.070521,0.198476,27.452617,,,,0
AUDrone1,ORB-SLAM3,-0.35,0.412874,0.458762,0.412874,0.415161,0.895769,0.005554,0.199995,30.5171,,,,0
AUDrone1,ORB-SLAM3_2,-2,0.413325,0.447263,0.413325,0.392111,0.748834,0.07851,0.1709,27.206034,,,,0
AUDrone2,ORB-SLAM3_2,1.15,0.414553,0.435374,0.414553,0.441857,0.692648,0.151947,0.133028,42.459351,,,,0
AUDrone2,ORB-SLAM3,1.15,0.4168,0.440316,0.4168,0.421094,0.7515,0.176211,0.141972,58.357354,,,,0
AUDrone1,ORB-SLAM3_2,-0.4,0.417139,0.466387,0.417139,0.430523,0.951264,0.065505,0.208596,29.364794,,,,0
AUDrone2,ORB-SLAM3_2,-0.2,0.43002,0.46063,0.43002,0.422547,0.918995,0.138575,0.165116,47.952773,,,,0
AUDrone1,ORB-SLAM3,-0.3,0.431319,0.479698,0.431319,0.432066,0.89733,0.009024,0.209937,33.36593,,,,0
AUDrone2,ORB-SLAM3,-0.15,0.432167,0.48161,0.432167,0.410317,1.151231,0.025081,0.212556,71.672022,,,,0
AUDrone1,ORB-SLAM3_2,-0.35,0.435672,0.48616,0.435672,0.459881,0.979109,0.066503,0.215735,32.143791,,,,0
AUDrone2,ORB-SLAM3_2,1.2,0.44085,0.463823,0.44085,0.470101,0.741165,0.14415,0.144165,48.834958,,,,0
AUDrone2,ORB-SLAM3,1.2,0.443744,0.469649,0.443744,0.448279,0.798437,0.192831,0.153821,66.391499,,,,0
AUDrone1,ORB-SLAM3,-0.25,0.449024,0.500108,0.449024,0.451531,0.935168,0.019252,0.220195,36.265683,,,,0
AUDrone1,ORB-SLAM3_2,-0.3,0.45312,0.506124,0.45312,0.485064,1.016524,0.065558,0.225484,34.837901,,,,0
AUDrone2,ORB-SLAM3_2,-0.25,0.456088,0.489133,0.456088,0.450146,0.979881,0.142821,0.176734,54.310011,,,,0
AUDrone2,ORB-SLAM3,-0.2,0.459639,0.512013,0.459639,0.441724,1.215145,0.031697,0.225586,81.006491,,,,0
AUDrone1,ORB-SLAM3,-0.2,0.466629,0.520425,0.466629,0.470767,0.973238,0.029006,0.230433,39.27205,,,,0
AUDrone2,ORB-SLAM3_2,1.25,0.468907,0.49386,0.468907,0.507574,0.779159,0.138229,0.154997,54.633057,,,,0
AUDrone1,ORB-SLAM3_2,-0.25,0.469741,0.525236,0.469741,0.502904,1.05186,0.066861,0.234982,37.518727,,,,0
AUDrone2,ORB-SLAM3,1.25,0.470796,0.499279,0.470796,0.476228,0.846066,0.202785,0.166227,75.033227,,,,0
AUDrone1,ORB-SLAM3,-0.15,0.483252,0.540013,0.483252,0.489195,1.009113,0.024785,0.241002,42.284058,,,,0
AUDrone2,ORB-SLAM3_2,-0.3,0.484888,0.519211,0.484888,0.481103,1.030817,0.154265,0.185643,61.46423,,,,0
AUDrone1,ORB-SLAM3_2,-0.2,0.48716,0.544755,0.48716,0.507476,1.085598,0.071161,0.243788,40.359046,,,,0
AUDrone2,ORB-SLAM3,-0.25,0.488896,0.543765,0.488896,0.473729,1.279768,0.041634,0.238036,91.365316,,,,0
AUDrone2,ORB-SLAM3_2,1.3,0.495543,0.522633,0.495543,0.538983,0.823007,0.133704,0.166079,61.45772,,,,0
AUDrone2,ORB-SLAM3,1.3,0.496884,0.528098,0.496884,0.505602,0.89693,0.215352,0.178871,84.503067,,,,0
AUDrone1,ORB-SLAM3,-0.1,0.500304,0.560055,0.500304,0.511814,1.043175,0.019079,0.25171,45.480968,,,,0
AUDrone1,ORB-SLAM3_2,-0.15,0.503409,0.563856,0.503409,0.516603,1.115707,0.076171,0.253995,43.238967,,,,0
AUDrone2,ORB-SLAM3_2,-0.35,0.514366,0.550008,0.514366,0.513336,1.076389,0.165508,0.194775,68.367109,,,,0
AUDrone2,ORB-SLAM3,-0.3,0.5172,0.574876,0.5172,0.505585,1.340946,0.052792,0.25097,102.449402,,,,0
AUDrone1,ORB-SLAM3,-0.05,0.51757,0.580058,0.51757,0.534151,1.075177,0.017323,0.261895,48.787828,,,,0
AUDrone1,ORB-SLAM3_2,-0.1,0.520345,0.583054,0.520345,0.533571,1.146787,0.084004,0.263045,46.233438,,,,0
AUDrone2,ORB-SLAM3,1.35,0.524184,0.558078,0.524184,0.532264,0.945151,0.223496,0.191525,94.369539,,,,0
AUDrone2,ORB-SLAM3_2,1.35,0.524275,0.553044,0.524275,0.567892,0.860525,0.125434,0.176051,68.512144,,,,0
AUDrone1,ORB-SLAM3,0,0.534339,0.59978,0.534339,0.551142,1.107129,0.022328,0.272428,52.161658,,,,0
AUDrone1,ORB-SLAM3_2,-0.05,0.53652,0.601682,0.53652,0.552989,1.177284,0.091678,0.272339,49.234958,,,,0
AUDrone2,ORB-SLAM3_2,-0.4,0.54043,0.578315,0.54043,0.536319,1.122521,0.17352,0.205873,76.254269,,,,0
AUDrone2,ORB-SLAM3,-0.35,0.546107,0.606489,0.546107,0.537502,1.402125,0.061271,0.263812,114.027083,,,,0
AUDrone1,ORB-SLAM3,0.05,0.550596,0.618924,0.550596,0.569087,1.139403,0.028628,0.282684,55.544616,,,,0
AUDrone2,ORB-SLAM3_2,1.4,0.551658,0.582405,0.551658,0.598789,0.902483,0.124792,0.186732,75.640637,,,,0
AUDrone1,ORB-SLAM3_2,0,0.551993,0.619737,0.551993,0.571307,1.213951,0.093944,0.281739,52.233989,,,,0
AUDrone2,ORB-SLAM3,1.4,0.552776,0.589115,0.552776,0.559385,0.993616,0.223234,0.203703,104.811102,,,,0
AUDrone1,ORB-SLAM3,0.1,0.5668,0.638156,0.5668,0.587135,1.171869,0.035387,0.293225,59.050181,,,,0
AUDrone2,ORB-SLAM3_2,-0.45,0.567996,0.607826,0.567996,0.561294,1.174219,0.181313,0.216409,83.496179,,,,0
AUDrone1,ORB-SLAM3_2,0.05,0.568331,0.638528,0.568331,0.591308,1.248844,0.092786,0.291065,55.449724,,,,0
AUDrone2,ORB-SLAM3,-0.4,0.573604,0.637249,0.573604,0.567694,1.461704,0.068156,0.277605,126.292785,,,,0
AUDrone2,ORB-SLAM3_2,1.45,0.577952,0.61104,0.577952,0.629929,0.948812,0.129212,0.198347,83.634783,,,,0
AUDrone2,ORB-SLAM3,1.45,0.579151,0.618462,0.579151,0.586901,1.042679,0.208927,0.216977,115.896133,,,,0
AUDrone1,ORB-SLAM3,0.15,0.582535,0.656868,0.582535,0.61233,1.203271,0.034014,0.303528,62.564047,,,,0
AUDrone1,ORB-SLAM3_2,0.1,0.584266,0.65706,0.584266,0.60976,1.281685,0.092863,0.3006,58.714909,,,,0
AUDrone2,ORB-SLAM3_2,-0.5,0.597027,0.638236,0.597027,0.593244,1.234149,0.193544,0.225617,92.467214,,,,0
AUDrone1,ORB-SLAM3,0.2,0.598679,0.676048,0.598679,0.635307,1.232238,0.033562,0.314045,66.270866,,,,0
AUDrone1,ORB-SLAM3_2,0.15,0.59996,0.675118,0.59996,0.627406,1.313282,0.09715,0.309568,61.986642,,,,0
AUDrone2,ORB-SLAM3,-0.45,0.600297,0.667515,0.600297,0.597278,1.518876,0.073279,0.291924,138.128679,,,,0
AUDrone2,ORB-SLAM3_2,1.5,0.605075,0.640357,0.605075,0.661917,0.992075,0.127989,0.209623,91.852764,,,,0
AUDrone2,ORB-SLAM3,1.5,0.606505,0.648568,0.606505,0.615989,1.088984,0.190011,0.229764,127.033228,,,,0
AUDrone1,ORB-SLAM3,0.25,0.614273,0.694684,0.614273,0.644087,1.262354,0.032288,0.324429,69.974869,,,,0
AUDrone1,ORB-SLAM3_2,0.2,0.615615,0.693213,0.615615,0.644424,1.349674,0.103364,0.31869,65.35411,,,,0
AUDrone2,ORB-SLAM3_2,-0.55,0.624683,0.66749,0.624683,0.624763,1.291402,0.207083,0.235189,100.692768,,,,0
AUDrone1,ORB-SLAM3,0.3,0.630102,0.713599,0.630102,0.664566,1.290942,0.031043,0.334956,73.837508,,,,0
AUDrone2,ORB-SLAM3_2,1.55,0.630913,0.66859,0.630913,0.688855,1.03662,0.129234,0.221273,100.577818,,,,0
AUDrone1,ORB-SLAM3_2,0.25,0.631049,0.711189,0.631049,0.66042,1.382444,0.110717,0.327975,68.787509,,,,0
AUDrone2,ORB-SLAM3,-0.5,0.631697,0.701191,0.631697,0.627957,1.579911,0.080033,0.304348,151.925829,,,,0
AUDrone2,ORB-SLAM3,1.55,0.631902,0.677183,0.631902,0.635802,1.131969,0.17821,0.243469,138.94876,,,,0
AUDrone1,ORB-SLAM3,0.35,0.646028,0.732576,0.646028,0.686783,1.318284,0.034683,0.34542,77.816788,,,,0
AUDrone1,ORB-SLAM3_2,0.3,0.646537,0.729142,0.646537,0.675532,1.413789,0.113623,0.337102,72.304161,,,,0
AUDrone2,ORB-SLAM3_2,-0.6,0.652973,0.697566,0.652973,0.651898,1.349612,0.217375,0.245409,109.971367,,,,0
AUDrone2,ORB-SLAM3_2,1.6,0.656768,0.696695,0.656768,0.713733,1.079864,0.137076,0.232466,109.696845,,,,0
AUDrone2,ORB-SLAM3,1.6,0.659678,0.707642,0.659678,0.669778,1.172914,0.163193,0.256091,150.727903,,,,0
AUDrone2,ORB-SLAM3,-0.55,0.661633,0.733674,0.661633,0.660941,1.635115,0.087878,0.317049,165.789627,,,,0
AUDrone1,ORB-SLAM3,0.4,0.661722,0.751282,0.661722,0.700104,1.356412,0.043468,0.355736,81.841525,,,,0
AUDrone1,ORB-SLAM3_2,0.35,0.662251,0.747378,0.662251,0.693128,1.442596,0.115168,0.346407,75.966099,,,,0
AUDrone1,ORB-SLAM3,0.45,0.6773,0.769837,0.6773,0.717537,1.393118,0.05445,0.365942,85.934009,,,,0
AUDrone1,ORB-SLAM3_2,0.4,0.67761,0.765293,0.67761,0.712094,1.471994,0.116655,0.355693,79.651597,,,,0
AUDrone2,ORB-SLAM3_2,-0.65,0.681613,0.727942,0.681613,0.680861,1.408249,0.227083,0.255545,119.757336,,,,0
AUDrone2,ORB-SLAM3,1.65,0.684923,0.735925,0.684923,0.689964,1.208545,0.155497,0.269195,163.558749,,,,0
AUDrone2,ORB-SLAM3_2,1.65,0.685243,0.727175,0.685243,0.746817,1.105523,0.140453,0.243361,117.389878,,,,0
AUDrone2,ORB-SLAM3,-0.6,0.688572,0.76402,0.688572,0.691182,1.687807,0.098344,0.331053,179.787995,,,,0
AUDrone1,ORB-SLAM3,0.5,0.692258,0.787915,0.692258,0.725928,1.428692,0.067089,0.376283,90.017471,,,,0
AUDrone1,ORB-SLAM3_2,0.45,0.692651,0.782926,0.692651,0.724017,1.499754,0.11845,0.364976,83.364374,,,,0
AUDrone1,ORB-SLAM3,0.55,0.70733,0.805975,0.70733,0.738311,1.463546,0.081728,0.386367,94.191434,,,,0
AUDrone1,ORB-SLAM3_2,0.5,0.707635,0.800615,0.707635,0.734954,1.522497,0.120619,0.374482,87.173944,,,,0
AUDrone2,ORB-SLAM3,1.7,0.709237,0.76287,0.709237,0.705091,1.260991,0.153417,0.280985,175.173023,,,,0
AUDrone2,ORB-SLAM3_2,1.7,0.709839,0.753776,0.709839,0.771105,1.130191,0.159805,0.25359,124.999364,,,,0
AUDrone2,ORB-SLAM3_2,-0.7,0.709951,0.757624,0.709951,0.708124,1.462013,0.238893,0.264505,129.148649,,,,0
AUDrone1,ORB-SLAM3,0.6,0.717367,0.818951,0.717367,0.750522,1.503464,0.112615,0.395051,96.578059,,,,0
AUDrone2,ORB-SLAM3,-0.65,0.71767,0.795758,0.71767,0.725466,1.741244,0.106557,0.343775,194.401901,,,,0
AUDrone1,ORB-SLAM3_2,0.55,0.722742,0.818452,0.722742,0.750906,1.55177,0.122889,0.384066,91.101375,,,,0
AUDrone1,ORB-SLAM3,0.65,0.735637,0.840045,0.735637,0.767202,1.529501,0.111805,0.405603,102.322985,,,,0
AUDrone2,ORB-SLAM3,1.75,0.73717,0.793813,0.73717,0.732046,1.309462,0.145653,0.294481,190.301917,,,,0
AUDrone1,ORB-SLAM3_2,0.6,0.738258,0.836244,0.738258,0.767889,1.577793,0.125976,0.392782,95.105261,,,,0
AUDrone2,ORB-SLAM3_2,1.75,0.739315,0.785782,0.739315,0.805359,1.186282,0.174448,0.266209,135.839781,,,,0
AUDrone2,ORB-SLAM3_2,-0.75,0.739735,0.788558,0.739735,0.739765,1.511477,0.253154,0.27316,138.666832,,,,0
AUDrone2,ORB-SLAM3,-0.7,0.749096,0.829432,0.749096,0.760588,1.797783,0.119407,0.356107,211.202853,,,,0
AUDrone1,ORB-SLAM3,0.7,0.750517,0.858347,0.750517,0.787214,1.560315,0.124883,0.416514,106.830107,,,,0
AUDrone1,ORB-SLAM3_2,0.65,0.751726,0.852879,0.751726,0.783578,1.611482,0.127082,0.402878,98.926836,,,,0
AUDrone2,ORB-SLAM3,1.8,0.763393,0.82269,0.763393,0.749289,1.356173,0.145396,0.306676,204.399075,,,,0
AUDrone1,ORB-SLAM3,0.75,0.763979,0.87457,0.763979,0.803775,1.590441,0.136298,0.425686,110.906525,,,,0
AUDrone2,ORB-SLAM3_2,1.8,0.765502,0.813986,0.765502,0.830581,1.228202,0.159542,0.276731,147.091331,,,,0
AUDrone1,ORB-SLAM3_2,0.7,0.765836,0.869623,0.765836,0.797075,1.64579,0.128448,0.411994,102.849235,,,,0
AUDrone2,ORB-SLAM3_2,-0.8,0.767265,0.817629,0.767265,0.762712,1.556326,0.264858,0.282527,148.410949,,,,0
AUDrone3,ORB-SLAM3,0.4,0.771429,1.549165,0.771429,0.461286,10.166255,0.114887,1.343432,484.782451,,,,0
AUDrone1,ORB-SLAM3,0.8,0.77778,0.891592,0.77778,0.819395,1.625,0.139325,0.435883,115.265658,,,,0
AUDrone2,ORB-SLAM3,-0.75,0.77926,0.862013,0.77926,0.796331,1.849945,0.128296,0.368539,227.378344,,,,0
AUDrone1,ORB-SLAM3_2,0.75,0.779651,0.8863,0.779651,0.813354,1.68088,0.130532,0.421511,106.831772,,,,0
AUDrone3,ORB-SLAM3,0.45,0.781571,1.55298,0.781571,0.475557,10.169771,0.116769,1.341975,487.173173,,,,0
AUDrone2,ORB-SLAM3,1.85,0.788069,0.850328,0.788069,0.767745,1.412165,0.153055,0.31938,219.086362,,,,0
AUDrone3,ORB-SLAM3,0.5,0.790271,1.554101,0.790271,0.489999,10.175784,0.114689,1.338172,490.29196,,,,0
AUDrone1,ORB-SLAM3,0.85,0.790671,0.907233,0.790671,0.83463,1.65743,0.126843,0.444871,119.345315,,,,0
AUDrone2,ORB-SLAM3_2,1.85,0.791201,0.842174,0.791201,0.858058,1.273698,0.144921,0.288543,158.164151,,,,0
AUDrone1,ORB-SLAM3_2,0.8,0.793407,0.902765,0.793407,0.839641,1.713554,0.132558,0.430685,110.837802,,,,0
AUDrone2,ORB-SLAM3_2,-0.85,0.794361,0.846825,0.794361,0.78341,1.6075,0.272562,0.293435,159.916184,,,,0
AUDrone3,ORB-SLAM3,-0.1,0.799774,1.722112,0.799774,0.45157,11.416771,0.175994,1.525133,604.99642,,,,0
AUDrone3,ORB-SLAM3,0.55,0.801494,1.558781,0.801494,0.500902,10.179792,0.117147,1.336938,493.248895,,,,0
AUDrone1,ORB-SLAM3,0.9,0.803198,0.922323,0.803198,0.849418,1.687882,0.112185,0.45338,123.34866,,,,0
AUDrone3,ORB-SLAM3,0,0.805605,1.726188,0.805605,0.491912,11.418274,0.157645,1.526672,604.884405,,,,0
AUDrone3,ORB-SLAM3,-0.05,0.806491,1.729205,0.806491,0.478029,11.411684,0.174797,1.529615,604.010319,,,,0
AUDrone1,ORB-SLAM3_2,0.85,0.806993,0.919027,0.806993,0.850104,1.743351,0.134721,0.439741,114.866942,,,,0
AUDrone3,ORB-SLAM3,0.05,0.808589,1.727125,0.808589,0.497355,11.421426,0.128846,1.526153,605.540767,,,,0
AUDrone3,ORB-SLAM3,0.85,0.810498,1.42547,0.810498,0.567126,9.042774,0.113405,1.172628,410.456649,,,,0
AUDrone2,ORB-SLAM3,-0.8,0.810757,0.895846,0.810757,0.831349,1.907163,0.140637,0.381068,243.169669,,,,0
AUDrone3,ORB-SLAM3,0.1,0.812541,1.728389,0.812541,0.513593,11.424221,0.107083,1.525485,606.427794,,,,0
AUDrone3,ORB-SLAM3,0.15,0.81478,1.726491,0.81478,0.525137,11.431438,0.090948,1.522138,608.077497,,,,0
AUDrone2,ORB-SLAM3,1.9,0.815255,0.879464,0.815255,0.787591,1.452651,0.181185,0.329873,233.58381,,,,0
AUDrone3,ORB-SLAM3,0.6,0.815498,1.566975,0.815498,0.51855,10.180948,0.12236,1.338048,495.99265,,,,0
AUDrone1,ORB-SLAM3,0.95,0.816525,0.938957,0.816525,0.873999,1.715682,0.098385,0.463602,127.837868,,,,0
AUDrone2,ORB-SLAM3_2,1.9,0.817514,0.870643,0.817514,0.889036,1.313814,0.135591,0.299483,169.038232,,,,0
AUDrone1,ORB-SLAM3_2,0.9,0.820407,0.935197,0.820407,0.859575,1.774016,0.136704,0.448916,118.944741,,,,0
AUDrone2,ORB-SLAM3_2,-0.9,0.822658,0.876698,0.822658,0.809174,1.665841,0.28435,0.303039,170.62907,,,,0
AUDrone3,ORB-SLAM3,0.2,0.823376,1.732009,0.823376,0.522249,11.431353,0.072698,1.523781,608.970875,,,,0
AUDrone3,ORB-SLAM3,0.9,0.826806,1.435783,0.826806,0.581118,9.044869,0.120347,1.173825,414.355919,,,,0
AUDrone3,ORB-SLAM3,0.65,0.827101,1.57207,0.827101,0.534294,10.185117,0.127526,1.336902,499.22362,,,,0
AUDrone3,ORB-SLAM3,0.25,0.827158,1.730654,0.827158,0.513416,11.438615,0.058782,1.520188,611.013138,,,,0
AUDrone1,ORB-SLAM3,1,0.829023,0.954397,0.829023,0.898776,1.740783,0.083198,0.472859,132.076733,,,,0
AUDrone1,ORB-SLAM3_2,0.95,0.833548,0.951017,0.833548,0.87433,1.805897,0.138677,0.457855,123.003023,,,,0
AUDrone3,ORB-SLAM3,0.3,0.834546,1.733146,0.834546,0.504782,11.44201,0.0673,1.518989,612.774235,,,,0
AUDrone3,ORB-SLAM3,0.7,0.836918,1.574461,0.836918,0.538412,10.191798,0.130784,1.333602,503.222252,,,,0
AUDrone2,ORB-SLAM3,-0.85,0.837232,0.925407,0.837232,0.845479,1.973242,0.14315,0.394235,262.051793,,,,0
AUDrone3,ORB-SLAM3,0.95,0.838842,1.440748,0.838842,0.59928,9.051337,0.122871,1.171366,419.302527,,,,0
AUDrone2,ORB-SLAM3,1.95,0.840823,0.907647,0.840823,0.811583,1.507647,0.16131,0.341819,248.794499,,,,0
AUDrone1,ORB-SLAM3,1.05,0.841789,0.9703,0.841789,0.906728,1.76976,0.068829,0.482569,136.514834,,,,0
AUDrone2,ORB-SLAM3_2,1.95,0.84364,0.898834,0.84364,0.918312,1.354285,0.134819,0.310121,180.162305,,,,0
AUDrone1,ORB-SLAM3_2,1,0.84663,0.966919,0.84663,0.891154,1.834928,0.140367,0.467066,127.15092,,,,0
AUDrone3,ORB-SLAM3,0.75,0.851984,1.58374,0.851984,0.551978,10.194343,0.138589,1.335049,506.662922,,,,0
AUDrone2,ORB-SLAM3_2,-0.95,0.852167,0.907522,0.852167,0.83566,1.718549,0.297968,0.312101,182.014764,,,,0
AUDrone1,ORB-SLAM3,1.1,0.854103,0.985633,0.854103,0.913628,1.808381,0.057115,0.491914,140.863451,,,,0
AUDrone3,ORB-SLAM3,1,0.855678,1.451685,0.855678,0.614554,9.053841,0.131117,1.172691,423.585074,,,,0
AUDrone1,ORB-SLAM3_2,1.05,0.859294,0.982402,0.859294,0.906373,1.86251,0.13848,0.476158,131.255352,,,,0
AUDrone3,ORB-SLAM3,0.8,0.862271,1.58663,0.862271,0.575619,10.200886,0.142548,1.331872,511.031073,,,,0
AUDrone1,ORB-SLAM3,1.15,0.866108,1.000488,0.866108,0.928656,1.846021,0.05016,0.500834,145.141626,,,,0
AUDrone2,ORB-SLAM3,2,0.867565,0.936621,0.867565,0.842068,1.565118,0.137525,0.352973,264.055135,,,,0
AUDrone3,ORB-SLAM3,1.05,0.867704,1.456797,0.867704,0.627246,9.059697,0.136033,1.170191,428.695872,,,,0
AUDrone2,ORB-SLAM3,-0.9,0.868017,0.958661,0.868017,0.877477,2.038088,0.151869,0.406913,279.385562,,,,0
AUDrone2,ORB-SLAM3_2,2,0.870594,0.927148,0.870594,0.946299,1.38828,0.141636,0.318855,190.83183,,,,0
AUDrone1,ORB-SLAM3_2,1.1,0.872354,0.998413,0.872354,0.925079,1.886921,0.125893,0.48562,135.568648,,,,0
AUDrone1,ORB-SLAM3,1.2,0.877853,1.015127,0.877853,0.94309,1.881318,0.046751,0.509761,149.420075,,,,0
AUDrone2,ORB-SLAM3_2,-1,0.880683,0.937313,0.880683,0.865341,1.773839,0.310401,0.320863,194.160866,,,,0
AUDrone3,ORB-SLAM3,1.1,0.882196,1.465067,0.882196,0.644637,9.06453,0.141542,1.169681,433.577399,,,,0
AUDrone1,ORB-SLAM3_2,1.15,0.885314,1.01399,0.885314,0.951486,1.918451,0.112921,0.494361,139.831797,,,,0
AUDrone1,ORB-SLAM3,1.25,0.889475,1.029429,0.889475,0.960752,1.913031,0.048537,0.518224,153.659848,,,,0
AUDrone3,ORB-SLAM3,1.3,0.893561,1.362891,0.893561,0.716237,8.027671,0.140097,1.029087,371.494341,,,,0
AUDrone1,ORB-SLAM3,1.3,0.895065,1.037442,0.895065,0.938225,1.948035,0.050336,0.524542,154.985087,,,,0
AUDrone2,ORB-SLAM3,-0.95,0.896282,0.98999,0.896282,0.912999,2.100059,0.158743,0.420426,297.944318,,,,0
AUDrone3,ORB-SLAM3,1.15,0.896745,1.473544,0.896745,0.660312,9.06881,0.142586,1.169265,438.609107,,,,0
AUDrone1,ORB-SLAM3_2,1.2,0.897069,1.028442,0.897069,0.971556,1.956282,0.101138,0.502953,143.84634,,,,0
AUDrone3,ORB-SLAM3,-0.15,0.906587,1.942322,0.906587,0.471958,12.812511,0.230021,1.717765,769.61376,,,,0
AUDrone2,ORB-SLAM3_2,-1.05,0.908622,0.966863,0.908622,0.898285,1.830035,0.32013,0.330499,206.596149,,,,0
AUDrone3,ORB-SLAM3,1.35,0.909229,1.373241,0.909229,0.73956,8.03236,0.140842,1.029122,377.157908,,,,0
AUDrone1,ORB-SLAM3_2,1.25,0.910199,1.04443,0.910199,0.988738,1.992773,0.091619,0.512224,148.353558,,,,0
AUDrone3,ORB-SLAM3,1.2,0.911604,1.482349,0.911604,0.669144,9.073614,0.14545,1.168904,443.866573,,,,0
AUDrone1,ORB-SLAM3,1.35,0.911978,1.056581,0.911978,0.987815,1.979104,0.046097,0.533533,161.872579,,,,0
AUDrone1,ORB-SLAM3_2,1.3,0.922443,1.059167,0.922443,1.007578,2.02573,0.084736,0.520512,152.569463,,,,0
AUDrone3,ORB-SLAM3,1.4,0.923023,1.381458,0.923023,0.754707,8.037893,0.142088,1.02784,383.593533,,,,0
AUDrone2,ORB-SLAM3,-1,0.923471,1.020258,0.923471,0.937098,2.15841,0.164523,0.433737,317.482749,,,,0
AUDrone1,ORB-SLAM3,1.4,0.923712,1.071017,0.923712,0.998903,2.008866,0.050633,0.542064,166.326125,,,,0
AUDrone3,ORB-SLAM3,1.25,0.928864,1.494268,0.928864,0.664782,9.07712,0.148922,1.170491,448.800456,,,,0
AUDrone1,ORB-SLAM3_2,1.35,0.934267,1.073318,0.934267,1.022641,2.056131,0.081232,0.528352,156.673588,,,,0
AUDrone1,ORB-SLAM3,1.45,0.934366,1.083733,0.934366,1.006299,2.037329,0.053677,0.549033,170.299175,,,,0
AUDrone2,ORB-SLAM3_2,-1.1,0.937455,0.996851,0.937455,0.926824,1.879113,0.334323,0.338952,218.616411,,,,0
AUDrone3,ORB-SLAM3,1.45,0.93898,1.392339,0.93898,0.784346,8.042583,0.144514,1.028068,389.660145,,,,0
AUDrone1,ORB-SLAM3,1.5,0.94509,1.096487,0.94509,1.011803,2.066329,0.043683,0.555959,174.331298,,,,0
AUDrone1,ORB-SLAM3_2,1.4,0.946113,1.087513,0.946113,1.035805,2.08682,0.080088,0.536242,160.845131,,,,0
AUDrone2,ORB-SLAM3,-1.05,0.952814,1.05215,0.952814,0.967018,2.21563,0.173121,0.44628,337.641115,,,,0
AUDrone3,ORB-SLAM3,1.5,0.954386,1.403026,0.954386,0.813886,8.047498,0.148703,1.028411,395.664856,,,,0
AUDrone1,ORB-SLAM3,1.55,0.955138,1.108494,0.955138,1.016772,2.09234,0.038147,0.562557,178.170115,,,,0
AUDrone1,ORB-SLAM3_2,1.45,0.957493,1.101091,0.957493,1.046666,2.114926,0.081606,0.5437,164.886698,,,,0
AUDrone1,ORB-SLAM3_2,1.5,0.962479,1.109163,0.962479,1.034009,2.143744,0.081912,0.551251,166.082799,,,,0
AUDrone2,ORB-SLAM3_2,-1.15,0.962971,1.024701,0.962971,0.948017,1.931378,0.3389,0.350283,233.102523,,,,0
AUDrone1,ORB-SLAM3,1.6,0.965917,1.121121,0.965917,1.019753,2.116887,0.039643,0.569136,182.252315,,,,0
AUDrone3,ORB-SLAM3,1.55,0.970054,1.413962,0.970054,0.833677,8.052355,0.150735,1.028729,401.856888,,,,0
AUDrone1,ORB-SLAM3,1.65,0.976088,1.132768,0.976088,1.02343,2.138832,0.048946,0.574818,186.058786,,,,0
AUDrone1,ORB-SLAM3_2,1.55,0.978939,1.126395,0.978939,1.068077,2.168811,0.084924,0.557174,172.552115,,,,0
AUDrone2,ORB-SLAM3,-1.1,0.98428,1.085851,0.98428,1.008732,2.268798,0.190446,0.458545,356.07958,,,,0
AUDrone1,ORB-SLAM3,1.7,0.985101,1.143063,0.985101,1.025388,2.162189,0.06428,0.579802,189.456142,,,,0
AUDrone3,ORB-SLAM3,1.6,0.986211,1.425531,0.986211,0.845353,8.057387,0.153981,1.029334,408.459985,,,,0
AUDrone1,ORB-SLAM3_2,1.6,0.990064,1.139648,0.990064,1.078324,2.193826,0.088315,0.564422,176.636586,,,,0
AUDrone2,ORB-SLAM3_2,-1.2,0.990735,1.054004,0.990735,0.974021,1.974499,0.349151,0.359678,246.625042,,,,0
AUDrone3,ORB-SLAM3,1.75,0.9949,1.348686,0.9949,0.878247,7.532891,0.166067,0.910564,361.971607,,,,0
AUDrone1,ORB-SLAM3,1.75,0.995258,1.154878,0.995258,1.025323,2.18315,0.081188,0.585836,193.392688,,,,0
AUDrone1,ORB-SLAM3_2,1.65,1.000059,1.151273,1.000059,1.086199,2.216772,0.096328,0.570362,180.258565,,,,0
AUDrone3,ORB-SLAM3,1.65,1.001775,1.436761,1.001775,0.859974,8.062343,0.158021,1.029916,414.920555,,,,0
AUDrone1,ORB-SLAM3,1.8,1.004028,1.164877,1.004028,1.023819,2.198106,0.100164,0.59065,196.756191,,,,0
AUDrone3,ORB-SLAM3,1.8,1.008993,1.359301,1.008993,0.899926,7.537923,0.169632,0.910841,369.539733,,,,0
AUDrone1,ORB-SLAM3_2,1.7,1.009737,1.162695,1.009737,1.096862,2.241068,0.10723,0.576447,183.852905,,,,0
AUDrone2,ORB-SLAM3,-1.15,1.011305,1.115707,1.011305,1.037967,2.325229,0.19642,0.471238,378.420081,,,,0
AUDrone1,ORB-SLAM3,1.85,1.012865,1.174929,1.012865,1.021545,2.219796,0.120017,0.595452,200.166473,,,,0
AUDrone1,ORB-SLAM3_2,1.75,1.013292,1.168853,1.013292,1.086858,2.265762,0.133344,0.58263,184.439372,,,,0
AUDrone2,ORB-SLAM3_2,-1.25,1.016907,1.082091,1.016907,0.998497,2.020691,0.354327,0.369893,261.115492,,,,0
AUDrone3,ORB-SLAM3,1.7,1.019487,1.450602,1.019487,0.872836,8.067242,0.166324,1.031937,420.849424,,,,0
AUDrone1,ORB-SLAM3,1.9,1.020733,1.184085,1.020733,1.017801,2.238458,0.138935,0.600135,203.298462,,,,0
AUDrone1,ORB-SLAM3,1.95,1.022533,1.187488,1.022533,0.989377,2.259627,0.168058,0.603783,203.058238,,,,0
AUDrone3,ORB-SLAM3,1.85,1.026203,1.373612,1.026203,0.92637,7.54321,0.177162,0.913081,375.475297,,,,0
AUDrone1,ORB-SLAM3_2,1.8,1.028751,1.184695,1.028751,1.124225,2.279401,0.130609,0.587515,190.876387,,,,0
AUDrone1,ORB-SLAM3,2,1.035987,1.201793,1.035987,1.01422,2.276448,0.175454,0.60913,209.424552,,,,0
AUDrone1,ORB-SLAM3_2,1.85,1.037472,1.195078,1.037472,1.136094,2.302212,0.142489,0.593181,194.23681,,,,0
AUDrone3,ORB-SLAM3,1.9,1.040198,1.38448,1.040198,0.93546,7.548015,0.180584,0.913659,383.35674,,,,0
AUDrone2,ORB-SLAM3,-1.2,1.043339,1.149615,1.043339,1.069002,2.37887,0.207082,0.482761,399.127591,,,,0
AUDrone2,ORB-SLAM3_2,-1.3,1.044611,1.111284,1.044611,1.02841,2.077921,0.353634,0.37913,275.394091,,,,0
AUDrone1,ORB-SLAM3_2,1.9,1.046011,1.205136,1.046011,1.147683,2.321902,0.15392,0.598511,197.520094,,,,0
AUDrone1,ORB-SLAM3_2,1.95,1.054665,1.215284,1.054665,1.160724,2.341239,0.164613,0.603819,200.860594,,,,0
AUDrone3,ORB-SLAM3,1.95,1.05607,1.397463,1.05607,0.952871,7.553301,0.187597,0.915215,390.580434,,,,0
AUDrone1,ORB-SLAM3_2,2,1.056615,1.220051,1.056615,1.145218,2.364436,0.133152,0.609991,200.95085,,,,0
AUDrone2,ORB-SLAM3,-1.25,1.068485,1.177942,1.068485,1.092734,2.433047,0.212299,0.49587,419.039302,,,,0
AUDrone2,ORB-SLAM3_2,-1.35,1.072591,1.140686,1.072591,1.060134,2.132091,0.332229,0.388219,290.159826,,,,0
AUDrone3,ORB-SLAM3,2,1.073162,1.411911,1.073162,0.973113,7.558786,0.196039,0.917505,396.70484,,,,0
AUDrone2,ORB-SLAM3,-1.3,1.099571,1.210962,1.099571,1.112768,2.495031,0.222623,0.50732,444.328247,,,,0
AUDrone2,ORB-SLAM3_2,-1.4,1.10041,1.169461,1.10041,1.093093,2.177032,0.340651,0.395902,302.248281,,,,0
AUDrone3,ORB-SLAM3,-0.25,1.115292,2.309481,1.115292,0.524224,12.888022,0.343717,2.022331,1104.076196,,,,0
AUDrone3,ORB-SLAM3,-0.3,1.116601,2.310151,1.116601,0.518809,12.884758,0.338602,2.022375,1104.717118,,,,0
AUDrone3,ORB-SLAM3,-0.35,1.11854,2.311335,1.11854,0.530367,12.882333,0.316881,2.022656,1105.849706,,,,0
AUDrone3,ORB-SLAM3,-0.2,1.118622,2.313699,1.118622,0.551983,12.88579,0.348912,2.025311,1102.75938,,,,0
AUDrone3,ORB-SLAM3,-0.4,1.120655,2.312633,1.120655,0.555112,12.879694,0.299223,2.022969,1107.092212,,,,0
AUDrone3,ORB-SLAM3,-0.5,1.126074,2.316197,1.126074,0.603143,12.874933,0.260682,2.024037,1110.507062,,,,0
AUDrone3,ORB-SLAM3,-0.45,1.127169,2.318581,1.127169,0.583307,12.871217,0.273081,2.026155,1107.418086,,,,0
AUDrone2,ORB-SLAM3,-1.35,1.128444,1.242124,1.128444,1.143364,2.550378,0.229622,0.51912,467.490294,,,,0
AUDrone2,ORB-SLAM3_2,-1.45,1.129673,1.199643,1.129673,1.125775,2.218359,0.381584,0.403709,316.611316,,,,0
AUDrone3,ORB-SLAM3,-0.55,1.133074,2.322515,1.133074,0.626928,12.866172,0.249771,2.027368,1111.179768,,,,0
AUDrone3,ORB-SLAM3,-0.65,1.137084,2.323298,1.137084,0.634285,12.86793,0.220611,2.026019,1117.327028,,,,0
AUDrone3,ORB-SLAM3,-0.6,1.140442,2.329064,1.140442,0.640683,12.857394,0.239364,2.030747,1112.030965,,,,0
AUDrone3,ORB-SLAM3,-0.7,1.14508,2.330214,1.14508,0.633077,12.858895,0.215692,2.029455,1118.559085,,,,0
AUDrone3,ORB-SLAM3,-0.75,1.150069,2.333329,1.150069,0.65617,12.856728,0.201687,2.030213,1121.55149,,,,0
AUDrone2,ORB-SLAM3_2,-1.5,1.158726,1.229926,1.158726,1.153326,2.255554,0.38578,0.412399,328.259946,,,,0
AUDrone3,ORB-SLAM3,-0.8,1.158881,2.340557,1.158881,0.660295,12.847257,0.200025,2.033519,1123.031991,,,,0
AUDrone2,ORB-SLAM3,-1.4,1.161233,1.276679,1.161233,1.171398,2.614553,0.239362,0.530515,488.972862,,,,0
AUDrone3,ORB-SLAM3,-0.85,1.161814,2.340354,1.161814,0.669581,12.852675,0.195151,2.031611,1128.315039,,,,0
AUDrone3,ORB-SLAM3,-0.9,1.168715,2.344129,1.168715,0.678141,12.850122,0.197795,2.032005,1131.9576,,,,0
AUDrone3,ORB-SLAM3,-0.95,1.176204,2.348153,1.176204,0.694573,12.847882,0.199274,2.03233,1135.847725,,,,0
AUDrone3,ORB-SLAM3,-1,1.181851,2.348812,1.181851,0.712334,12.853481,0.203214,2.029814,1142.00164,,,,0
AUDrone2,ORB-SLAM3_2,-1.55,1.183974,1.256395,1.183974,1.183266,2.292433,0.387633,0.420399,344.11938,,,,0
AUDrone2,ORB-SLAM3,-1.45,1.189733,1.307498,1.189733,1.205991,2.676095,0.24811,0.542296,512.865051,,,,0
AUDrone3,ORB-SLAM3,-1.05,1.193293,2.357165,1.193293,0.726635,12.844509,0.186132,2.032801,1144.583073,,,,0
AUDrone3,ORB-SLAM3,-1.1,1.205311,2.365722,1.205311,0.744952,12.8356,0.168465,2.035649,1147.310987,,,,0
AUDrone2,ORB-SLAM3_2,-1.6,1.211178,1.284763,1.211178,1.216436,2.338843,0.401824,0.428559,358.183558,,,,0
AUDrone3,ORB-SLAM3,-1.15,1.21375,2.367366,1.21375,0.748817,12.842321,0.141471,2.032544,1154.511055,,,,0
AUDrone2,ORB-SLAM3,-1.5,1.218676,1.33882,1.218676,1.226009,2.739318,0.25931,0.554318,535.939658,,,,0
AUDrone3,ORB-SLAM3,-1.2,1.226788,2.376273,1.226788,0.770368,12.833156,0.130994,2.035108,1157.567724,,,,0
AUDrone2,ORB-SLAM3_2,-1.65,1.236436,1.311656,1.236436,1.238729,2.394634,0.38779,0.437798,375.056279,,,,0
AUDrone3,ORB-SLAM3,-1.25,1.23671,2.378496,1.23671,0.793025,12.840371,0.12286,2.031696,1165.39171,,,,0
AUDrone2,ORB-SLAM3,-1.55,1.246645,1.369229,1.246645,1.256688,2.797392,0.271861,0.566273,560.561724,,,,0
AUDrone3,ORB-SLAM3,-1.3,1.248107,2.381094,1.248107,0.816802,12.847661,0.117056,2.027766,1173.608892,,,,0
AUDrone2,ORB-SLAM3_2,-1.7,1.261995,1.33923,1.261995,1.263512,2.444488,0.390782,0.448226,390.991218,,,,0
AUDrone3,ORB-SLAM3,-1.35,1.26429,2.393768,1.26429,0.84897,12.829581,0.1186,2.032658,1174.675941,,,,0
AUDrone2,ORB-SLAM3,-1.6,1.2742,1.399045,1.2742,1.286081,2.852502,0.281401,0.577701,585.240367,,,,0
AUDrone3,ORB-SLAM3,-1.4,1.277867,2.399799,1.277867,0.838412,12.828014,0.120339,2.031279,1180.602288,,,,0
AUDrone2,ORB-SLAM3_2,-1.75,1.283748,1.362493,1.283748,1.28628,2.490873,0.40634,0.456485,404.69218,,,,0
AUDrone3,ORB-SLAM3,-1.45,1.292968,2.40944,1.292968,0.857506,12.8184,0.127659,2.033134,1184.301874,,,,0
AUDrone2,ORB-SLAM3,-1.65,1.298603,1.426255,1.298603,1.301487,2.900371,0.288762,0.589774,606.192973,,,,0
AUDrone3,ORB-SLAM3,-1.5,1.307139,2.413145,1.307139,0.89843,12.826625,0.138406,2.028462,1193.770318,,,,0
AUDrone2,ORB-SLAM3_2,-1.8,1.309208,1.389051,1.309208,1.311052,2.532097,0.421538,0.464152,422.552321,,,,0
AUDrone3,ORB-SLAM3,-1.55,1.322886,2.420364,1.322886,0.91066,12.826496,0.146887,2.026853,1200.922857,,,,0
AUDrone2,ORB-SLAM3_2,-1.85,1.332407,1.413635,1.332407,1.334728,2.579451,0.410759,0.472288,433.644873,,,,0
AUDrone2,ORB-SLAM3,-1.7,1.33285,1.461886,1.33285,1.334511,2.957704,0.307168,0.600516,632.584373,,,,0
AUDrone3,ORB-SLAM3,-1.6,1.338295,2.424614,1.338295,0.937686,12.835049,0.167651,2.021811,1211.023325,,,,0
AUDrone3,ORB-SLAM3,-1.65,1.354863,2.432126,1.354863,0.952881,12.834534,0.190034,2.019798,1218.538743,,,,0
AUDrone2,ORB-SLAM3,-1.75,1.357736,1.489638,1.357736,1.359132,3.025823,0.310457,0.61284,659.049002,,,,0
AUDrone2,ORB-SLAM3_2,-1.9,1.360739,1.442591,1.360739,1.363416,2.632868,0.408265,0.479019,451.592154,,,,0
AUDrone3,ORB-SLAM3,-1.7,1.3717,2.439933,1.3717,0.956453,12.834267,0.211138,2.017848,1226.37384,,,,0
AUDrone2,ORB-SLAM3,-1.8,1.38047,1.515243,1.38047,1.37644,3.080612,0.317733,0.624711,686.492222,,,,0
AUDrone2,ORB-SLAM3_2,-1.95,1.386331,1.469065,1.386331,1.387314,2.679251,0.422829,0.486044,466.160915,,,,0
AUDrone3,ORB-SLAM3,-1.75,1.388921,2.445054,1.388921,0.98641,12.843339,0.240759,2.012259,1237.505777,,,,0
AUDrone2,ORB-SLAM3,-1.85,1.405027,1.542598,1.405027,1.403416,3.135418,0.325912,0.636795,713.882324,,,,0
AUDrone3,ORB-SLAM3,-1.8,1.40673,2.453386,1.40673,0.997641,12.843261,0.263854,2.010028,1245.954326,,,,0
AUDrone2,ORB-SLAM3_2,-2,1.409793,1.494195,1.409793,1.399232,2.727412,0.421424,0.495077,484.478103,,,,0
AUDrone3,ORB-SLAM3,-1.85,1.424696,2.464539,1.424696,1.025276,12.833105,0.269015,2.011018,1251.234639,,,,0
AUDrone2,ORB-SLAM3,-1.9,1.43713,1.575546,1.43713,1.435117,3.19135,0.338292,0.645759,739.739238,,,,0
AUDrone3,ORB-SLAM3,-1.9,1.443282,2.470704,1.443282,1.049229,12.842696,0.27972,2.005322,1263.606368,,,,0
AUDrone3,ORB-SLAM3,-1.95,1.461264,2.482178,1.461264,1.045307,12.832512,0.284732,2.006468,1269.208363,,,,0
AUDrone2,ORB-SLAM3,-1.95,1.463053,1.604006,1.463053,1.452817,3.244182,0.3511,0.657504,766.705062,,,,0
AUDrone3,ORB-SLAM3,-2,1.479523,2.491171,1.479523,1.060674,12.832343,0.293448,2.004232,1278.422182,,,,0
AUDrone2,ORB-SLAM3,-2,1.484662,1.628556,1.484662,1.478662,3.300595,0.362686,0.669307,795.658245,,,,0
AUDrone3,ORB-SLAM3_2,1.75,1.545781,2.935873,1.545781,0.970567,18.917353,0.334949,2.495979,1715.250954,,,,0
AUDrone3,ORB-SLAM3_2,1.8,1.553747,2.93566,1.553747,0.985938,18.921841,0.335202,2.490776,1723.619543,,,,0
AUDrone3,ORB-SLAM3_2,1.85,1.571261,2.948584,1.571261,0.998933,18.922912,0.340759,2.495052,1730.135366,,,,0
AUDrone3,ORB-SLAM3_2,1.25,1.583633,3.246509,1.583633,0.899399,21.319719,0.124367,2.834065,2107.963724,,,,0
AUDrone3,ORB-SLAM3_2,1.9,1.583805,2.954915,1.583805,1.011765,18.925761,0.344687,2.494611,1737.572938,,,,0
AUDrone3,ORB-SLAM3_2,1.3,1.587765,3.243644,1.587765,0.919894,21.325504,0.151347,2.828468,2114.766572,,,,0
AUDrone3,ORB-SLAM3_2,1.95,1.597056,2.961782,1.597056,1.025298,18.929228,0.347935,2.494307,1745.658392,,,,0
AUDrone3,ORB-SLAM3_2,1.35,1.598028,3.248234,1.598028,0.92545,21.327606,0.180308,2.827955,2120.755247,,,,0
AUDrone3,ORB-SLAM3_2,2,1.60552,2.962109,1.60552,1.033919,18.93408,0.348714,2.489255,1754.81763,N/A,N/A,,0
AUDrone3,ORB-SLAM3_2,1.4,1.608421,3.253013,1.608421,0.939607,21.330258,0.205609,2.827557,2127.001222,,,,0
AUDrone3,ORB-SLAM3_2,1.45,1.618952,3.257828,1.618952,0.959281,21.33267,0.220129,2.82709,2133.302707,,,,0
AUDrone3,ORB-SLAM3_2,1.5,1.635356,3.270202,1.635356,0.973907,21.332292,0.23645,2.83193,2138.843893,,,,0
AUDrone3,ORB-SLAM3_2,1.55,1.646171,3.275293,1.646171,0.993347,21.335006,0.248764,2.831548,2145.508323,,,,0
AUDrone3,ORB-SLAM3_2,1.6,1.657152,3.280459,1.657152,0.998615,21.337571,0.264285,2.831123,2152.282504,,,,0
AUDrone3,ORB-SLAM3_2,1.65,1.673548,3.293034,1.673548,1.007484,21.337789,0.282302,2.836073,2157.970439,,,,0
AUDrone3,ORB-SLAM3_2,0.85,1.704977,3.61584,1.704977,0.968055,23.871325,0.196773,3.188628,2641.007955,,,,0
AUDrone3,ORB-SLAM3_2,0.9,1.717821,3.627334,1.717821,0.962219,23.869105,0.17192,3.194784,2644.668566,,,,0
AUDrone3,ORB-SLAM3_2,1,1.723139,3.625687,1.723139,0.97493,23.877749,0.123828,3.190047,2655.413014,,,,0
AUDrone3,ORB-SLAM3_2,0.95,1.723865,3.630654,1.723865,0.972315,23.871492,0.145828,3.195299,2649.511072,,,,0
AUDrone3,ORB-SLAM3_2,1.05,1.736618,3.637554,1.736618,0.97632,23.876355,0.118454,3.196241,2659.591567,,,,0
AUDrone3,ORB-SLAM3_2,1.1,1.743299,3.641079,1.743299,0.974172,23.878593,0.09204,3.196618,2664.749221,,,,0
AUDrone3,ORB-SLAM3_2,1.15,1.750406,3.644825,1.750406,0.973625,23.88113,0.059932,3.197003,2670.234655,,,,0
AUDrone3,ORB-SLAM3_2,1.2,1.75082,3.640266,1.75082,0.968465,23.887296,0.039,3.191577,2676.8106,,,,0
AUDrone3,ORB-SLAM3_2,0.4,1.892989,4.030747,1.892989,1.056051,26.156823,0.593097,3.558583,3298.125074,,,,0
AUDrone3,ORB-SLAM3_2,0.45,1.894877,4.032225,1.894877,1.055472,26.15798,0.563458,3.559253,3300.543787,,,,0
AUDrone3,ORB-SLAM3_2,0.5,1.897077,4.033889,1.897077,1.050637,26.159378,0.533798,3.559966,3303.268524,,,,0
AUDrone3,ORB-SLAM3_2,0.35,1.899439,4.038585,1.899439,1.057293,26.150257,0.627184,3.564029,3294.653833,,,,0
AUDrone3,ORB-SLAM3_2,0.55,1.899533,4.035721,1.899533,1.049635,26.160901,0.503296,3.560733,3306.270203,,,,0
AUDrone3,ORB-SLAM3_2,0.6,1.902303,4.037731,1.902303,1.05318,26.162627,0.472677,3.561533,3309.56424,,,,0
AUDrone3,ORB-SLAM3_2,0.65,1.905389,4.039866,1.905389,1.05851,26.164468,0.44148,3.562304,3313.064491,,,,0
AUDrone3,ORB-SLAM3_2,0.7,1.908703,4.042097,1.908703,1.063225,26.166404,0.40958,3.56306,3316.725144,,,,0
AUDrone3,ORB-SLAM3_2,0.75,1.912427,4.044581,1.912427,1.065429,26.168641,0.377469,3.563883,3320.803006,,,,0
AUDrone3,ORB-SLAM3_2,0.8,1.916492,4.047177,1.916492,1.067158,26.17067,0.345933,3.564646,3325.067429,,,,0
AUDrone3,ORB-SLAM3_2,0.05,2.13565,4.502045,2.13565,1.233046,29.008551,0.769583,3.963258,4134.755657,,,,0
AUDrone3,ORB-SLAM3_2,0.3,2.137481,4.504979,2.137481,1.20461,29.013089,0.738208,3.965603,4140.14635,,,,0
AUDrone3,ORB-SLAM3_2,0.15,2.144942,4.512905,2.144942,1.222802,29.003637,0.757691,3.970583,4134.360461,,,,0
AUDrone3,ORB-SLAM3_2,0,2.145013,4.512075,2.145013,1.24424,29.001529,0.776929,3.969602,4132.839778,,,,0
AUDrone3,ORB-SLAM3_2,0.2,2.145303,4.513433,2.145303,1.21552,29.004332,0.750511,3.970989,4135.329559,,,,0
AUDrone3,ORB-SLAM3_2,-0.05,2.145494,4.512256,2.145494,1.233413,29.001566,0.782766,3.969547,4133.171633,,,,0
AUDrone3,ORB-SLAM3_2,0.1,2.154036,4.522676,2.154036,1.233973,28.996412,0.764418,3.976773,4131.828583,,,,0
AUDrone3,ORB-SLAM3_2,0.25,2.155184,4.524571,2.155184,1.215848,28.999693,0.744955,3.978307,4135.29247,,,,0
AUDrone3,ORB-SLAM3_2,-0.1,2.407641,5.013185,2.407641,1.36736,31.806522,0.824716,4.397191,5152.065451,,,,0
AUDrone3,ORB-SLAM3_2,-0.15,2.418582,5.024608,2.418582,1.36509,31.798349,0.833271,4.40422,5150.324642,,,,0
AUDrone3,ORB-SLAM3_2,-0.25,2.950164,5.910767,2.950164,1.665909,32.181946,0.979052,5.121884,7231.992457,,,,0
AUDrone3,ORB-SLAM3_2,-0.3,2.951225,5.911392,2.951225,1.666239,32.181669,0.985793,5.121995,7233.524008,,,,0
AUDrone3,ORB-SLAM3_2,-0.55,2.958409,5.916312,2.958409,1.696131,32.18061,1.019098,5.12353,7245.567823,,,,0
AUDrone3,ORB-SLAM3_2,-0.2,2.961585,5.923337,2.961585,1.676493,32.17395,0.97588,5.129809,7227.700746,,,,0
AUDrone3,ORB-SLAM3_2,-0.65,2.961857,5.919166,2.961857,1.706675,32.180666,1.035404,5.124835,7252.560638,,,,0
AUDrone3,ORB-SLAM3_2,-0.7,2.963658,5.920762,2.963658,1.708848,32.180758,1.044753,5.125637,7256.472426,,,,0
AUDrone3,ORB-SLAM3_2,-0.35,2.964612,5.924736,2.964612,1.673882,32.171335,0.993941,5.129676,7231.115291,,,,0
AUDrone3,ORB-SLAM3_2,-0.75,2.965506,5.922473,2.965506,1.712984,32.180937,1.053539,5.126545,7260.668269,,,,0
AUDrone3,ORB-SLAM3_2,-0.4,2.965911,5.925553,2.965911,1.68059,32.170898,1.000788,5.129869,7233.109633,,,,0
AUDrone3,ORB-SLAM3_2,-0.45,2.967325,5.926506,2.967325,1.696455,32.170526,1.007499,5.130152,7235.435769,,,,0
AUDrone3,ORB-SLAM3_2,-0.5,2.968889,5.927606,2.968889,1.700402,32.170358,1.014696,5.130518,7238.122672,,,,0
AUDrone3,ORB-SLAM3_2,-0.85,2.969337,5.926105,2.969337,1.718981,32.181177,1.058432,5.128524,7269.575397,,,,0
AUDrone3,ORB-SLAM3_2,-0.6,2.972323,5.930288,2.972323,1.708795,32.170463,1.029964,5.131629,7244.673811,,,,0
AUDrone3,ORB-SLAM3_2,-0.8,2.979552,5.936692,2.979552,1.720253,32.170311,1.065194,5.134841,7260.329065,,,,0
AUDrone3,ORB-SLAM3_2,-0.9,2.983522,5.940575,2.983522,1.736663,32.17056,1.035585,5.137026,7269.830018,,,,0
AUDrone3,ORB-SLAM3_2,-0.95,2.985743,5.942717,2.985743,1.748035,32.170812,1.004234,5.138212,7275.071883,,,,0
AUDrone3,ORB-SLAM3_2,-1.2,2.985757,5.942836,2.985757,1.807111,32.184597,0.844432,5.138341,7310.679983,,,,0
AUDrone3,ORB-SLAM3_2,-1,2.987812,5.944771,2.987812,1.760011,32.170637,0.974583,5.139386,7280.102849,,,,0
AUDrone3,ORB-SLAM3_2,-1.15,2.995005,5.952209,2.995005,1.793372,32.172058,0.881494,5.143805,7298.330067,,,,0
AUDrone3,ORB-SLAM3_2,-1.25,3.000426,5.957854,3.000426,1.818707,32.173619,0.825887,5.147181,7312.182075,,,,0
AUDrone3,ORB-SLAM3_2,-1.05,3.002272,5.959541,3.002272,1.782415,32.159855,0.951711,5.148057,7280.806923,,,,0
AUDrone3,ORB-SLAM3_2,-1.3,3.003236,5.960942,3.003236,1.828411,32.174796,0.79773,5.149117,7319.762438,,,,0
AUDrone3,ORB-SLAM3_2,-1.35,3.006153,5.964212,3.006153,1.840736,32.176072,0.770147,5.151201,7327.796941,,,,0
AUDrone3,ORB-SLAM3_2,-1.4,3.009123,5.96739,3.009123,1.854512,32.176929,0.743917,5.153146,7335.606069,,,,0
AUDrone3,ORB-SLAM3_2,-1.45,3.012048,5.970744,3.012048,1.8678,32.178206,0.71752,5.155322,7343.854586,,,,0
AUDrone3,ORB-SLAM3_2,-1.1,3.01684,5.974394,3.01684,1.787551,32.148632,0.930477,5.156749,7281.450391,,,,0
AUDrone3,ORB-SLAM3_2,-1.8,3.025426,5.985485,3.025426,1.960553,32.201501,0.529994,5.164574,7415.987907,,,,0
AUDrone3,ORB-SLAM3_2,-1.5,3.027073,5.986111,3.027073,1.873166,32.166706,0.702672,5.164335,7345.873193,,,,0
AUDrone3,ORB-SLAM3_2,-1.85,3.029503,5.989738,3.029503,1.964403,32.203419,0.506266,5.167115,7426.531715,,,,0
AUDrone3,ORB-SLAM3_2,-1.55,3.030334,5.989637,3.030334,1.879862,32.167871,0.677273,5.16651,7354.52842,,,,0
AUDrone3,ORB-SLAM3_2,-1.75,3.03291,5.993079,3.03291,1.92197,32.186718,0.563886,5.16899,7398.901748,,,,0
AUDrone3,ORB-SLAM3_2,-1.9,3.033788,5.994037,3.033788,1.961448,32.205142,0.484716,5.169585,7437.194715,,,,0
AUDrone3,ORB-SLAM3_2,-1.65,3.037163,5.997031,3.037163,1.906915,32.170344,0.62517,5.171075,7372.697212,,,,0
AUDrone3,ORB-SLAM3_2,-1.95,3.038198,5.998388,3.038198,1.961035,32.206835,0.465205,5.172041,7447.996087,,,,0
AUDrone3,ORB-SLAM3_2,-1.7,3.040688,6.00082,3.040688,1.90669,32.171775,0.59882,5.173399,7382.017429,,,,0
AUDrone3,ORB-SLAM3_2,-2,3.042922,6.002801,3.042922,1.960415,32.208377,0.448807,5.174384,7458.960303,,,,0
AUDrone3,ORB-SLAM3_2,-1.6,3.057387,6.017203,3.057387,1.907226,32.14288,0.671393,5.182578,7349.965836,,,,0
