1413394889305760256,0.50608,0.27106,0.21651,0.00348,0.78589,-0.01979,0.61804,0.39736,0.11747,0.24206,
1413394889405760512,0.52648,0.28072,0.24221,0.00221,0.75342,-0.01389,0.65739,0.23298,0.10714,0.29711,
1413394889505760512,0.54284,0.30268,0.26807,-0.00018,0.73187,-0.00772,0.68140,0.02007,0.11087,0.24673,
1413394889605760512,0.52921,0.31586,0.28215,-0.00101,0.75524,-0.00466,0.65543,-0.21813,0.11844,0.18841,
1413394889705760512,0.49340,0.32566,0.29525,0.00114,0.79941,-0.00598,0.60076,-0.37211,0.12740,0.20537,
1413394889805760256,0.45029,0.33779,0.31259,0.00366,0.84008,-0.00939,0.54237,-0.39074,0.15132,0.22051,
1413394889905760512,0.41567,0.35274,0.33294,0.00626,0.86804,-0.01636,0.49619,-0.28139,0.15883,0.21514,
1413394890005760512,0.39546,0.36703,0.34934,0.00710,0.88690,-0.02270,0.46135,-0.09718,0.14467,0.12378,
1413394890105760512,0.39398,0.37898,0.35640,0.00310,0.89771,-0.02649,0.43978,0.13431,0.12660,0.04991,
1413394890205760512,0.41832,0.38791,0.36013,-0.00282,0.88645,-0.02992,0.46184,0.42602,0.09719,0.05893,
1413394890305760256,0.47000,0.39334,0.35885,-0.01292,0.85914,-0.03672,0.51026,0.63790,0.04937,-0.03958,
1413394890405760512,0.53714,0.39373,0.35188,-0.01885,0.82338,-0.04524,0.56538,0.71547,-0.02103,-0.07696,
1413394890505760512,0.60737,0.38300,0.34225,-0.00842,0.78483,-0.05900,0.61684,0.65295,-0.13343,-0.11491,
1413394890605760512,0.66519,0.35744,0.33185,0.01503,0.75539,-0.07057,0.65129,0.47723,-0.20856,-0.09150,
1413394890705760512,0.69293,0.32103,0.31241,0.05441,0.73322,-0.07838,0.67327,0.20303,-0.25736,-0.08633,
1413394890805760256,0.69240,0.29201,0.29529,0.07139,0.74234,-0.07370,0.66212,-0.07503,-0.23885,-0.14291,
1413394890905760512,0.66855,0.26956,0.27547,0.07346,0.77952,-0.07619,0.61737,-0.26117,-0.20725,-0.16434,
1413394891005760512,0.63080,0.25189,0.25619,0.07347,0.82190,-0.07922,0.55929,-0.31961,-0.18954,-0.12772,
1413394891105760512,0.59690,0.23601,0.24216,0.07203,0.85324,-0.08186,0.50999,-0.23437,-0.19739,-0.10146,
1413394891205760512,0.57817,0.21871,0.23181,0.06979,0.87142,-0.08492,0.47806,-0.04529,-0.22427,-0.09086,
1413394891305760256,0.58505,0.19465,0.22501,0.07112,0.87931,-0.08574,0.46305,0.21113,-0.26706,-0.05030,
1413394891405760512,0.61778,0.16661,0.22612,0.08057,0.87315,-0.08364,0.47341,0.48214,-0.30983,0.02423,
1413394891505760512,0.67102,0.13408,0.23243,0.09260,0.85517,-0.08626,0.50266,0.67085,-0.33646,0.05820,
1413394891605760512,0.73911,0.09867,0.23850,0.10377,0.83578,-0.08686,0.53213,0.77751,-0.33807,0.04210,
1413394891705760512,0.81183,0.06245,0.24357,0.11563,0.82274,-0.09199,0.54887,0.81418,-0.34128,0.04884,
1413394891805760256,0.87844,0.00913,0.25547,0.13104,0.81668,-0.10608,0.55191,0.81599,-0.35858,0.12778,
1413394891905760512,0.96456,-0.01060,0.27257,0.14036,0.80230,-0.10361,0.57086,0.83374,-0.26837,0.29091,
1413394892005760512,1.04677,-0.03237,0.30389,0.14634,0.78553,-0.09853,0.59314,0.79817,-0.18333,0.33344,
1413394892105760512,1.13433,-0.01756,0.32432,0.12659,0.77383,-0.08169,0.61521,0.70939,-0.04321,0.30057,
1413394892205760512,1.18697,-0.04080,0.37284,0.13852,0.77246,-0.07373,0.61537,0.61575,0.05331,0.33787,
1413394892305760256,1.24734,-0.03337,0.40258,0.12487,0.77499,-0.05548,0.61703,0.51789,0.13571,0.24673,
1413394892405760512,1.29091,-0.00769,0.41524,0.10048,0.77875,-0.03182,0.61841,0.40889,0.20328,0.06132,
1413394892505760512,1.32167,0.03016,0.41150,0.06860,0.78191,-0.00389,0.61959,0.28090,0.28375,-0.04988,
1413394892605760512,1.34086,0.06894,0.40605,0.03689,0.78918,0.02574,0.61252,0.15861,0.35173,-0.03392,
1413394892705760512,1.34620,0.11612,0.40336,0.00091,0.79774,0.05952,0.60005,0.06270,0.40087,0.02157,
1413394892805760256,1.34738,0.16095,0.40838,-0.02968,0.80448,0.09314,0.58589,0.01026,0.43456,0.07511,
1413394892905760512,1.34646,0.20601,0.41727,-0.05602,0.80862,0.12575,0.57199,-0.02121,0.44193,0.09024,
1413394893005760512,1.33969,0.25411,0.42634,-0.08120,0.81292,0.16092,0.55377,-0.01739,0.45630,0.10487,
1413394893105760512,1.33142,0.30493,0.43838,-0.10132,0.80990,0.19894,0.54242,0.01106,0.48284,0.13821,
1413394893205760512,1.29616,0.36237,0.45120,-0.13437,0.79689,0.24929,0.53364,-0.03675,0.52728,0.12525,
1413394893305760256,1.26948,0.41861,0.46937,-0.16162,0.78273,0.28314,0.53013,-0.04709,0.56227,0.17086,
1413394893405760512,1.25119,0.47925,0.49037,-0.17692,0.76527,0.30485,0.53863,-0.05913,0.59835,0.18514,
1413394893505760512,1.22911,0.54568,0.51071,-0.18125,0.74887,0.32354,0.54924,-0.11921,0.64899,0.14482,
1413394893605760512,1.20494,0.61510,0.52065,-0.17902,0.73643,0.33682,0.55873,-0.19699,0.68945,0.03159,
1413394893705760512,1.17232,0.68840,0.52145,-0.16837,0.72377,0.34752,0.57187,-0.30855,0.74018,-0.03262,
1413394893805760256,1.12697,0.76325,0.51632,-0.16227,0.71502,0.35062,0.58265,-0.44608,0.80393,-0.07716,
1413394893905760512,1.07688,0.84792,0.50425,-0.16203,0.71554,0.34436,0.58581,-0.59384,0.87180,-0.11121,
1413394894005760512,1.00118,0.93812,0.49964,-0.17368,0.71335,0.34079,0.58722,-0.77292,0.94010,-0.11040,
1413394894105760512,0.91582,1.03857,0.48697,-0.19018,0.70815,0.34207,0.58766,-0.92843,0.97648,-0.15598,
1413394894205760512,0.81954,1.14021,0.46911,-0.22118,0.70779,0.34261,0.57683,-1.06369,0.97748,-0.20256,
1413394894305760256,0.70807,1.24509,0.44830,-0.25505,0.70869,0.34855,0.55787,-1.15070,0.95098,-0.23181,
1413394894405760512,0.58857,1.33634,0.42602,-0.28205,0.70545,0.36279,0.53960,-1.20154,0.88047,-0.24238,
1413394894505760512,0.47404,1.41271,0.39722,-0.29934,0.70183,0.38310,0.52064,-1.19040,0.79345,-0.28451,
1413394894605760512,0.35690,1.48323,0.36649,-0.31296,0.69519,0.40399,0.50552,-1.17571,0.71864,-0.31608,
1413394894705760512,0.24099,1.54938,0.33316,-0.32386,0.68352,0.42318,0.49884,-1.14598,0.65401,-0.33265,
1413394894805760256,0.12987,1.60240,0.29962,-0.32714,0.67299,0.44085,0.49570,-1.12290,0.59428,-0.34156,
1413394894905760512,0.01728,1.65921,0.26732,-0.33002,0.66959,0.45276,0.48759,-1.11577,0.53868,-0.32581,
1413394895005760512,-0.09282,1.71023,0.23650,-0.33821,0.67379,0.45443,0.47446,-1.09265,0.51607,-0.31124,
1413394895105760512,-0.20473,1.75292,0.20953,-0.34301,0.67839,0.45410,0.46468,-1.05421,0.46384,-0.27298,
1413394895205760512,-0.31440,1.79279,0.18681,-0.34364,0.68282,0.45309,0.45867,-1.00400,0.40697,-0.19337,
1413394895305760256,-0.41546,1.82965,0.17055,-0.34132,0.68353,0.45032,0.46206,-0.93978,0.37191,-0.12350,
1413394895405760512,-0.51099,1.86705,0.15932,-0.32242,0.67640,0.45792,0.47837,-0.89258,0.37282,-0.09066,
1413394895505760512,-0.60697,1.90455,0.15689,-0.30638,0.67310,0.46321,0.48836,-0.92105,0.36881,0.07320,
1413394895605760512,-0.70493,1.94194,0.16790,-0.29851,0.67492,0.46280,0.49111,-0.96476,0.36448,0.17371,
1413394895705760512,-0.79964,1.98210,0.19489,-0.30242,0.68231,0.45595,0.48488,-1.00565,0.40233,0.33388,
1413394895805760256,-0.89509,2.02516,0.23438,-0.30807,0.68804,0.45016,0.47859,-0.99852,0.42381,0.38631,
1413394895905760512,-0.99039,2.06857,0.27086,-0.31208,0.68954,0.44730,0.47652,-0.98233,0.43386,0.27302,
1413394896005760512,-1.08150,2.11360,0.29465,-0.31446,0.68834,0.44690,0.47706,-0.94507,0.44008,0.16210,
1413394896105760512,-1.17320,2.16053,0.30586,-0.31651,0.68758,0.44783,0.47592,-0.91858,0.45723,0.04078,
1413394896205760512,-1.26384,2.20941,0.30646,-0.31695,0.68761,0.44893,0.47455,-0.88766,0.48435,-0.06726,
1413394896305760256,-1.35613,2.25990,0.29745,-0.33334,0.69409,0.43854,0.46347,-0.84219,0.47407,-0.14484,
1413394896405760512,-1.44577,2.31030,0.28754,-0.35255,0.70321,0.42498,0.44788,-0.76246,0.46793,-0.12366,
1413394896505760512,-1.52002,2.35800,0.27812,-0.36790,0.71067,0.41327,0.43452,-0.62333,0.44220,-0.15848,
1413394896605760512,-1.57931,2.40003,0.26136,-0.38513,0.71841,0.39923,0.41974,-0.44483,0.39163,-0.24055,
1413394896705760512,-1.61899,2.43571,0.23616,-0.40406,0.72507,0.38333,0.40506,-0.22831,0.33461,-0.32644,
1413394896805760256,-1.63465,2.46016,0.20210,-0.42100,0.73097,0.36763,0.39152,0.02622,0.23617,-0.37901,
1413394896905760512,-1.61905,2.47148,0.16635,-0.43160,0.73020,0.35613,0.39204,0.37573,0.08478,-0.35842,
1413394897005760512,-1.57032,2.46489,0.13319,-0.43910,0.73043,0.34888,0.38980,0.69290,-0.09370,-0.32640,
1413394897105760512,-1.48300,2.44288,0.10784,-0.43942,0.73242,0.34793,0.38654,1.07731,-0.25722,-0.22606,
1413394897205760512,-1.35957,2.40734,0.08975,-0.43108,0.73001,0.35511,0.39390,1.43133,-0.39217,-0.16185,
1413394897305760256,-1.20280,2.35906,0.07733,-0.39991,0.72020,0.38155,0.41929,1.71448,-0.50954,-0.07030,
1413394897405760512,-1.02451,2.30110,0.06988,-0.36257,0.70303,0.41101,0.45317,1.85253,-0.57527,-0.02898,
1413394897505760512,-0.83709,2.23917,0.06709,-0.33880,0.68894,0.43006,0.47499,1.89306,-0.61327,-0.00509,
1413394897605760512,-0.64905,2.17670,0.06748,-0.32684,0.68260,0.44029,0.48309,1.86970,-0.61516,0.02277,
1413394897705760512,-0.46384,2.11532,0.07386,-0.32588,0.67679,0.44251,0.48984,1.82962,-0.62467,0.09310,
1413394897805760256,-0.28335,2.05208,0.08481,-0.32727,0.67089,0.44304,0.49650,1.77306,-0.64211,0.13307,
1413394897905760512,-0.10878,1.98699,0.10130,-0.33023,0.66628,0.44223,0.50145,1.71453,-0.66771,0.18008,
1413394898005760512,0.05883,1.91870,0.12250,-0.33110,0.66295,0.44216,0.50534,1.63831,-0.70079,0.20630,
1413394898105760512,0.21820,1.84736,0.14575,-0.32605,0.66350,0.44617,0.50437,1.55239,-0.72144,0.24053,
1413394898205760512,0.36839,1.77321,0.17079,-0.31873,0.66106,0.45354,0.50568,1.46052,-0.73716,0.26528,
1413394898305760256,0.50816,1.69973,0.20031,-0.30611,0.65192,0.46570,0.51422,1.33101,-0.72642,0.28106,
1413394898405760512,0.63422,1.62679,0.22912,-0.29467,0.63914,0.48342,0.52055,1.16774,-0.69844,0.28370,
1413394898505760512,0.74144,1.55858,0.25997,-0.29120,0.62670,0.50420,0.51791,0.95770,-0.65530,0.30002,
1413394898605760512,0.83079,1.49332,0.28973,-0.29209,0.61367,0.52728,0.50996,0.75775,-0.60929,0.31599,
1413394898705760512,0.90105,1.43320,0.32048,-0.29401,0.60548,0.54512,0.49980,0.56213,-0.55614,0.30662,
1413394898805760256,0.95107,1.38009,0.35228,-0.29565,0.60647,0.55749,0.48372,0.37464,-0.48473,0.32600,
1413394898905760512,0.98054,1.33461,0.38806,-0.28817,0.60098,0.57055,0.47985,0.19283,-0.38721,0.37451,
1413394899005760512,0.98987,1.30162,0.42440,-0.27727,0.59560,0.58121,0.48018,-0.00409,-0.27734,0.34025,
1413394899105760512,0.97760,1.27907,0.45294,-0.27321,0.60177,0.58456,0.47066,-0.20977,-0.16340,0.22590,
1413394899205760512,0.94844,1.26825,0.47172,-0.27194,0.60929,0.58532,0.46067,-0.38680,-0.02515,0.12467,
1413394899305760256,0.90140,1.27345,0.48152,-0.27105,0.60886,0.58640,0.46039,-0.56390,0.12085,0.05106,
1413394899405760512,0.83805,1.29226,0.48272,-0.28711,0.61434,0.57734,0.45479,-0.72834,0.24164,-0.07100,
1413394899505760512,0.76004,1.32365,0.47239,-0.31556,0.62299,0.56586,0.43829,-0.84384,0.35929,-0.16014,
1413394899605760512,0.67395,1.36492,0.45489,-0.33685,0.61949,0.56824,0.42411,-0.90988,0.47112,-0.19848,
1413394899705760512,0.58106,1.41550,0.43395,-0.35194,0.60655,0.58231,0.41128,-0.96243,0.57589,-0.16557,
1413394899805760256,0.48355,1.47443,0.41633,-0.36871,0.58678,0.60045,0.39900,-1.02144,0.66488,-0.12023,
1413394899905760512,0.38022,1.54221,0.40062,-0.39038,0.56144,0.61673,0.38991,-1.06865,0.72182,-0.10050,
1413394900005760512,0.27202,1.61653,0.39122,-0.41855,0.53937,0.62738,0.37454,-1.09697,0.76685,0.00949,
1413394900105760512,0.16120,1.69358,0.39667,-0.44487,0.51542,0.63697,0.36154,-1.10457,0.78268,0.14718,
1413394900205760512,0.04913,1.76822,0.41269,-0.47118,0.49265,0.64321,0.34866,-1.09008,0.76876,0.17191,
1413394900305760256,-0.06011,1.84042,0.42485,-0.48945,0.47002,0.65152,0.33919,-1.05755,0.73215,0.08799,
1413394900405760512,-0.16634,1.90753,0.42934,0.50221,-0.44371,-0.66189,-0.33588,-1.02379,0.67365,0.01381,
1413394900505760512,-0.26904,1.96731,0.42477,0.50060,-0.41479,-0.68121,-0.33662,-1.01271,0.60063,-0.07948,
1413394900605760512,-0.37228,2.01887,0.41418,-0.49553,0.38628,0.70017,0.33911,-1.03407,0.51672,-0.12735,
1413394900705760512,-0.47997,2.06106,0.40093,-0.49492,0.35629,0.71460,0.34273,-1.10951,0.40454,-0.11333,
1413394900805760256,-0.59709,2.08681,0.39429,-0.49718,0.32934,0.72819,0.33776,-1.22975,0.21739,-0.00329,
1413394900905760512,-0.72660,2.09681,0.40412,0.50480,-0.30757,-0.73988,-0.32118,-1.37081,0.05440,0.16282,
1413394901005760512,-0.86682,2.08755,0.43252,0.51622,-0.28065,-0.74966,-0.30456,-1.49125,-0.11034,0.34139,
1413394901105760512,-1.01445,2.06031,0.46944,0.53156,-0.25287,-0.75665,-0.28456,-1.56364,-0.28249,0.33495,
1413394901205760512,-1.16481,2.01743,0.50076,0.55478,-0.23031,-0.75781,-0.25477,-1.56585,-0.44410,0.25148,
1413394901305760256,-1.31679,1.96498,0.52310,0.58024,-0.21718,-0.75495,-0.21495,-1.53769,-0.58015,0.16248,
1413394901405760512,-1.46429,1.90363,0.53935,0.60462,-0.20855,-0.74928,-0.17182,-1.46488,-0.64516,0.11898,
1413394901505760512,-1.60173,1.83797,0.55003,0.62703,-0.19560,-0.74104,-0.13941,-1.31929,-0.67223,0.02435,
1413394901605760512,-1.72424,1.76911,0.54971,0.63154,-0.17939,-0.74549,-0.11502,-1.16719,-0.69545,-0.10182,
1413394901705760512,-1.82946,1.69655,0.53995,0.62050,-0.15381,-0.76243,-0.10012,-1.01900,-0.71418,-0.18132,
1413394901805760256,-1.91875,1.61996,0.52970,0.61239,-0.11626,-0.77634,-0.09361,-0.88139,-0.74312,-0.12248,
1413394901905760512,-1.99761,1.53877,0.52379,0.61301,-0.07257,-0.78209,-0.08536,-0.77971,-0.81172,-0.04189,
1413394902005760512,-2.06709,1.45170,0.52230,0.61529,-0.03273,-0.78453,-0.06967,-0.67125,-0.88837,0.00992,
1413394902105760512,-2.13315,1.35724,0.52779,0.61637,-0.00032,-0.78594,-0.04882,-0.57691,-0.97839,0.07975,
1413394902205760512,-2.19335,1.25590,0.53432,0.61888,0.02685,-0.78456,-0.02688,-0.49108,-1.04621,0.02436,
1413394902305760256,-2.24105,1.14747,0.53318,0.62612,0.05281,-0.77791,-0.00620,-0.39382,-1.10450,-0.02833,
1413394902405760512,-2.27639,1.03493,0.52696,0.63765,0.07638,-0.76646,0.01038,-0.25493,-1.15027,-0.07471,
1413394902505760512,-2.29169,0.91782,0.51647,0.63981,0.08479,-0.76261,0.04326,-0.08162,-1.17404,-0.08238,
1413394902605760512,-2.29080,0.80301,0.50640,0.63590,0.07859,-0.76312,0.08423,0.08746,-1.13280,-0.08932,
1413394902705760512,-2.27859,0.69746,0.49875,0.62321,0.06652,-0.76986,0.12042,0.18155,-1.00411,-0.04550,
1413394902805760256,-2.25766,0.60764,0.49472,0.60927,0.05585,-0.77778,0.14400,0.25509,-0.82707,-0.02587,
1413394902905760512,-2.22986,0.53784,0.49281,0.59645,0.05570,-0.78764,0.14412,0.30552,-0.62363,-0.03446,
1413394903055760384,-2.18240,0.46273,0.47436,0.58523,0.05609,-0.79898,0.12646,0.33901,-0.37976,-0.19879,
1413394903255760384,-2.11817,0.41122,0.40610,0.54766,0.02609,-0.82917,0.10892,0.30741,-0.13548,-0.45312,
1413394903455760384,-2.07610,0.40950,0.32339,0.55585,0.00348,-0.82904,0.06091,0.13101,0.08861,-0.31631,
1413394903605760512,-2.06852,0.42801,0.29054,0.57752,-0.00470,-0.81568,0.03324,0.04975,0.17430,-0.12618,
1413394903705760512,-2.06317,0.44660,0.28473,0.58484,-0.00540,-0.81092,0.01863,0.05097,0.20477,0.03090,
1413394903805760256,-2.06035,0.47565,0.29768,0.58687,-0.00240,-0.80965,0.00677,0.07202,0.21180,0.16234,
1413394903905760512,-2.04879,0.49745,0.31971,0.58494,0.00646,-0.81097,-0.01120,0.09798,0.20068,0.15759,
1413394904005760512,-2.06514,0.50095,0.34832,0.58058,0.00033,-0.81383,-0.02474,0.07678,0.13541,0.06580,
1413394904105760512,-2.06498,0.51956,0.35913,0.57205,-0.02576,-0.81948,-0.02356,0.06761,0.12077,-0.01843,
1413394904205760512,-2.06224,0.53806,0.36053,0.55959,-0.05957,-0.82625,-0.02474,0.03473,0.13939,-0.09483,
1413394904305760256,-2.06362,0.55807,0.35087,0.54412,-0.09303,-0.83301,-0.03706,-0.02756,0.19333,-0.17901,
1413394904405760512,-2.07035,0.58156,0.33148,0.53069,-0.12822,-0.83584,-0.05740,-0.10914,0.24535,-0.24733,
1413394904505760512,-2.08569,0.61153,0.30649,0.52464,-0.16131,-0.83135,-0.08714,-0.20875,0.31915,-0.22569,
1413394904605760512,-2.10979,0.64542,0.28628,0.53308,-0.19441,-0.81463,-0.12003,-0.27306,0.34241,-0.18140,
1413394904705760512,-2.14123,0.68343,0.27012,0.54369,-0.22865,-0.79352,-0.14981,-0.34011,0.37928,-0.13184,
1413394904805760256,-2.17681,0.72381,0.25843,0.54813,-0.26027,-0.77419,-0.18016,-0.34898,0.37680,-0.09873,
1413394904905760512,-2.21163,0.76316,0.25045,0.55172,-0.29073,-0.75271,-0.21098,-0.33875,0.35981,-0.04236,
1413394905005760512,-2.24247,0.79745,0.24864,0.56239,-0.31875,-0.72357,-0.24200,-0.28933,0.30503,0.01102,
1413394905105760512,-2.26849,0.82355,0.25118,0.57378,-0.34646,-0.69179,-0.26864,-0.20766,0.20648,0.03992,
1413394905205760512,-2.28306,0.83957,0.25262,0.56942,-0.38006,-0.67300,-0.27997,-0.09368,0.08294,-0.01600,
1413394905305760256,-2.28675,0.84501,0.24700,0.53500,-0.42187,-0.68032,-0.27012,-0.00707,0.00609,-0.06815,
1413394905405760512,-2.28472,0.84651,0.23936,-0.48015,0.46090,0.70451,0.24637,0.03553,0.03689,-0.05520,
1413394905505760512,-2.28023,0.85846,0.23525,-0.42790,0.48606,0.72726,0.22747,0.02624,0.23150,0.00379,
1413394905605760512,-2.27984,0.89402,0.23715,-0.39410,0.49584,0.74138,0.22178,-0.04903,0.54150,0.11034,
1413394905705760512,-2.29176,0.96444,0.25320,-0.41037,0.47697,0.73431,0.25471,-0.17999,0.82729,0.22931,
1413394905805760256,-2.31522,1.05700,0.27919,-0.46292,0.44667,0.70504,0.29850,-0.24813,0.93746,0.28778,
1413394905905760512,-2.33894,1.14738,0.30799,0.52183,-0.41340,-0.66604,-0.33644,-0.25844,0.85903,0.28536,
1413394906005760512,-2.36670,1.22336,0.33671,0.56732,-0.38872,-0.63198,-0.35728,-0.21214,0.65450,0.27810,
1413394906105760512,-2.37995,1.27561,0.36436,0.60219,-0.37672,-0.60575,-0.35848,-0.07382,0.38337,0.28990,
1413394906205760512,-2.37728,1.29634,0.39443,0.61428,-0.38921,-0.59747,-0.33794,0.12175,0.10672,0.31687,
1413394906305760256,-2.35199,1.30667,0.42016,0.58646,-0.42152,-0.62007,-0.30644,0.34079,-0.07891,0.27798,
1413394906405760512,-2.30972,1.28889,0.44282,0.53854,-0.45607,-0.64774,-0.28707,0.49768,-0.16224,0.19391,
1413394906505760512,-2.25556,1.27508,0.45859,-0.47235,0.48521,0.67903,0.28350,0.58675,-0.12414,0.13288,
1413394906605760512,-2.19433,1.25772,0.45756,-0.41549,0.51156,0.69559,0.28604,0.57471,0.00027,0.06379,
1413394906705760512,-2.14224,1.25751,0.45427,-0.39082,0.52679,0.68917,0.30788,0.48156,0.18083,0.04922,
1413394906805760256,-2.09514,1.27077,0.45492,-0.41065,0.52558,0.65603,0.35321,0.41147,0.29692,0.02927,
1413394906905760512,-2.05496,1.29917,0.45376,-0.44732,0.51043,0.61212,0.40580,0.34385,0.27772,0.00010,
1413394907005760512,-2.02494,1.32070,0.45324,-0.48465,0.48880,0.56745,0.45187,0.26794,0.10203,0.00288,
1413394907105760512,-2.00004,1.31324,0.45648,0.51751,-0.47273,-0.52740,-0.48017,0.24572,-0.20115,0.02390,
1413394907205760512,-1.97486,1.27111,0.45521,0.51963,-0.48325,-0.52382,-0.47124,0.24499,-0.57183,-0.05211,
1413394907305760256,-1.94056,1.20613,0.44524,-0.49049,0.51820,0.55097,0.43280,0.28073,-0.83177,-0.07089,
1413394907405760512,-1.91299,1.11941,0.43093,-0.45055,0.56775,0.57990,0.37200,0.30897,-0.94023,-0.13472,
1413394907505760512,-1.87775,1.02790,0.41370,-0.42593,0.62344,0.58270,0.30061,0.41510,-0.85963,-0.18726,
1413394907605760512,-1.82858,0.95095,0.39359,-0.40311,0.66347,0.57498,0.25828,0.60885,-0.63346,-0.19712,
1413394907705760512,-1.75839,0.90459,0.37336,-0.38016,0.67338,0.57324,0.27098,0.84475,-0.29140,-0.13497,
1413394907805760256,-1.67059,0.88742,0.35996,-0.37766,0.64309,0.57043,0.34411,0.93836,-0.06877,-0.12882,
1413394907905760512,-1.57614,0.88184,0.34110,-0.39460,0.59689,0.55554,0.42355,0.90360,-0.02140,-0.23025,
1413394908005760512,-1.48989,0.87477,0.31235,-0.41534,0.56014,0.53776,0.47387,0.82015,-0.11253,-0.31329,
1413394908105760512,-1.41616,0.86867,0.27462,-0.42106,0.54888,0.53389,0.48621,0.72271,-0.23831,-0.43619,
1413394908205760512,-1.33759,0.84548,0.23324,-0.39800,0.56861,0.55807,0.45479,0.64119,-0.34123,-0.47893,
1413394908305760256,-1.27687,0.80108,0.18429,-0.35975,0.59546,0.58680,0.41433,0.55235,-0.35500,-0.44391,
1413394908405760512,-1.22391,0.77508,0.14464,-0.33156,0.61777,0.60668,0.37466,0.47535,-0.21449,-0.33042,
1413394908505760512,-1.17551,0.77629,0.12160,-0.32191,0.63597,0.61285,0.34106,0.42925,0.05881,-0.15428,
1413394908605760512,-1.12807,0.81514,0.13110,-0.33630,0.62523,0.61026,0.35154,0.42696,0.41346,0.16818,
1413394908705760512,-1.12572,0.92193,0.16657,-0.37542,0.58905,0.59311,0.40038,0.32659,0.57366,0.34938,
1413394908805760256,-1.09391,0.97593,0.20616,-0.41792,0.54725,0.56949,0.44893,0.24796,0.48531,0.43216,
1413394908905760512,-1.07208,1.02345,0.24974,-0.45466,0.51606,0.54523,0.47926,0.16706,0.27528,0.52280,
1413394909005760512,-1.05601,1.03373,0.31082,-0.48835,0.50196,0.52302,0.48580,0.11556,0.01811,0.59051,
1413394909105760512,-1.04314,1.02611,0.36551,-0.48583,0.52235,0.53095,0.45740,0.11440,-0.19967,0.54705,
1413394909205760512,-1.02540,1.00154,0.41390,-0.45442,0.56033,0.55504,0.41408,0.16898,-0.35996,0.44833,
1413394909305760256,-0.98474,0.98818,0.44621,-0.40852,0.60020,0.57619,0.37533,0.25637,-0.35793,0.36642,
1413394909405760512,-0.95064,0.96549,0.47753,-0.37860,0.63494,0.57289,0.35399,0.32032,-0.23979,0.32578,
1413394909505760512,-0.91422,0.94901,0.50869,-0.37307,0.65400,0.54841,0.36379,0.39823,-0.08458,0.31358,
1413394909605760512,-0.86941,0.95840,0.53742,-0.38853,0.65919,0.51141,0.39112,0.48316,0.03208,0.32774,
1413394909705760512,-0.81498,0.96307,0.57190,-0.40473,0.65323,0.47917,0.42412,0.58312,0.04097,0.36910,
1413394909805760256,-0.75235,0.96255,0.61232,-0.41523,0.63073,0.45701,0.47001,0.64436,-0.04814,0.43207,
1413394909905760512,-0.68710,0.95011,0.65526,-0.42176,0.60650,0.44226,0.50861,0.63556,-0.20975,0.38968,
1413394910005760512,-0.62196,0.92294,0.68290,-0.40183,0.60805,0.45598,0.51076,0.60915,-0.40367,0.31118,
1413394910105760512,-0.56360,0.87889,0.70050,-0.36474,0.63065,0.48440,0.48436,0.55872,-0.48095,0.20964,
1413394910205760512,-0.51841,0.83023,0.69847,-0.33302,0.65943,0.50682,0.44428,0.50654,-0.46798,0.09981,
1413394910305760256,-0.48290,0.78809,0.69152,-0.30835,0.68327,0.52308,0.40551,0.48511,-0.34873,0.02193,
1413394910405760512,-0.45487,0.75792,0.67445,-0.29493,0.69795,0.53173,0.37834,0.48144,-0.17970,-0.10316,
1413394910505760512,-0.41764,0.74348,0.65728,-0.29454,0.69737,0.53443,0.37591,0.51973,0.07833,-0.07893,
1413394910605760512,-0.35596,0.74336,0.64907,-0.32352,0.66806,0.52343,0.41838,0.55917,0.23759,-0.06305,
1413394910705760512,-0.30340,0.76546,0.64154,-0.36878,0.62717,0.49742,0.47247,0.52653,0.25922,-0.07234,
1413394910805760256,-0.25187,0.78290,0.63223,-0.41041,0.59557,0.46992,0.50600,0.47189,0.11628,-0.10942,
1413394910905760512,-0.20350,0.78173,0.62025,-0.43751,0.58025,0.45317,0.51626,0.43764,-0.10992,-0.12334,
1413394911005760512,-0.46477,0.76325,0.63028,-0.41254,0.60139,0.41243,0.54594,-0.09565,-0.34850,-0.12216,
1413394911105760512,-0.17848,0.68577,0.58647,-0.41828,0.61350,0.45065,0.49556,0.35616,-0.63929,-0.23957,
1413394911205760512,-0.14057,0.61748,0.56084,-0.36802,0.64482,0.48870,0.45820,0.36274,-0.73487,-0.26496,
1413394911305760256,-0.10155,0.54730,0.53290,-0.32584,0.67086,0.51504,0.42250,0.38031,-0.68610,-0.31075,
1413394911405760512,-0.06088,0.48795,0.50042,-0.29627,0.68863,0.52826,0.39869,0.40067,-0.50511,-0.33309,
1413394911505760512,-0.02086,0.44762,0.46403,-0.28282,0.69598,0.53213,0.39045,0.41679,-0.28815,-0.38802,
1413394911605760512,0.02018,0.42680,0.42607,-0.29166,0.68997,0.52112,0.40903,0.43015,-0.06684,-0.37108,
1413394911705760512,0.06490,0.42557,0.39275,-0.32177,0.66530,0.49540,0.45653,0.41716,0.06907,-0.28585,
1413394911805760256,0.10597,0.42484,0.36560,-0.35588,0.63166,0.46659,0.50661,0.34682,-0.00580,-0.18632,
1413394911905760512,0.13145,0.41853,0.35300,-0.37543,0.60930,0.44473,0.53853,0.20889,-0.17945,-0.10353,
1413394912005760512,0.14603,0.39146,0.34241,-0.36362,0.61961,0.44876,0.53148,0.10948,-0.33032,-0.08779,
1413394912105760512,0.15697,0.35533,0.34147,-0.33211,0.65441,0.46856,0.49183,0.02731,-0.40843,0.01391,
1413394912205760512,0.16297,0.31484,0.33936,-0.29774,0.68737,0.48192,0.45456,0.00433,-0.37684,0.04756,
1413394912305760256,0.16378,0.28280,0.34597,-0.27124,0.70978,0.48149,0.43681,0.00797,-0.22643,0.10961,
1413394912405760512,0.16933,0.26559,0.35458,-0.25538,0.72634,0.46820,0.43358,0.05143,-0.03038,0.11679,
1413394912505760512,0.17810,0.27219,0.37126,-0.25133,0.73915,0.44273,0.44100,0.09993,0.16205,0.18395,
1413394912605760512,0.18946,0.29671,0.39716,-0.25986,0.74283,0.40800,0.46282,0.15222,0.28511,0.23729,
1413394912705760512,0.20627,0.33431,0.42034,-0.26955,0.74333,0.37129,0.48678,0.20360,0.35647,0.26128,
1413394912805760256,0.22819,0.37345,0.44509,-0.27199,0.74654,0.34198,0.50175,0.23867,0.37422,0.25206,
1413394912905760512,0.25072,0.41260,0.46847,-0.26659,0.74999,0.32527,0.51054,0.27521,0.36766,0.25594,
1413394913005760512,0.27900,0.44822,0.49267,-0.24748,0.74949,0.32605,0.52030,0.29004,0.36321,0.25491,
1413394913105760512,0.30687,0.48586,0.51698,-0.23182,0.74702,0.32967,0.52871,0.27567,0.37951,0.26060,
1413394913205760512,0.33312,0.52212,0.54326,-0.22746,0.74323,0.33631,0.53175,0.23652,0.41318,0.26969,
1413394913305760256,0.35309,0.56386,0.56851,-0.23568,0.73387,0.34901,0.53299,0.16950,0.45285,0.28948,
1413394913405760512,0.36494,0.60745,0.59435,-0.25246,0.71752,0.36867,0.53434,0.09869,0.48131,0.25966,
1413394913505760512,0.36933,0.65231,0.61110,-0.26876,0.69750,0.39913,0.53099,0.02204,0.47095,0.14477,
1413394913605760512,0.36737,0.69621,0.61663,-0.27967,0.67246,0.43832,0.52674,-0.08081,0.46610,0.04109,
1413394913705760512,0.35483,0.73997,0.60973,-0.28993,0.64859,0.47947,0.51515,-0.19313,0.45998,-0.10853,
1413394913805760256,0.32950,0.78465,0.58794,-0.30717,0.63271,0.51581,0.48915,-0.31322,0.47450,-0.24946,
1413394913905760512,0.29444,0.83519,0.55504,-0.33441,0.62135,0.54189,0.45656,-0.39910,0.51459,-0.34506,
1413394914005760512,0.25051,0.88826,0.51594,-0.36554,0.60647,0.56133,0.42835,-0.44660,0.53547,-0.41519,
1413394914105760512,0.20273,0.94872,0.47362,-0.38939,0.58501,0.58197,0.40920,-0.49008,0.57694,-0.39709,
1413394914205760512,0.15293,1.01158,0.43853,-0.40480,0.55501,0.60720,0.39926,-0.52244,0.61112,-0.24646,
1413394914305760256,0.09655,1.07347,0.41829,-0.41742,0.52282,0.63302,0.38949,-0.58877,0.61641,-0.10270,
1413394914405760512,0.03134,1.13445,0.41368,-0.42890,0.49044,0.65676,0.37971,-0.68835,0.61213,0.05856,
1413394914505760512,-0.04317,1.19435,0.42440,-0.44098,0.46140,0.67573,0.36884,-0.78850,0.62580,0.20465,
1413394914605760512,-0.12730,1.25329,0.44101,-0.45648,0.44650,0.68594,0.34893,-0.86139,0.57519,0.16767,
1413394914705760512,-0.21802,1.30839,0.45126,-0.47302,0.43744,0.69108,0.32758,-0.91226,0.55344,0.06914,
1413394914805760256,-0.31287,1.36064,0.45233,-0.48731,0.42752,0.69614,0.30845,-0.94866,0.53009,-0.03082,
1413394914905760512,-0.40809,1.40953,0.44272,-0.49498,0.41131,0.70447,0.29924,-0.95901,0.50540,-0.12670,
1413394915005760512,-0.50285,1.45182,0.42063,0.50124,-0.38830,-0.71369,-0.29771,-0.98001,0.44399,-0.25573,
1413394915105760512,-0.60048,1.48556,0.39271,0.50768,-0.35649,-0.72454,-0.30037,-1.03141,0.35050,-0.26309,
1413394915205760512,-0.70181,1.50758,0.36728,0.50935,-0.32149,-0.74049,-0.29813,-1.09999,0.24480,-0.21918,
1413394915305760256,-0.81293,1.52070,0.34605,0.51308,-0.28558,-0.75547,-0.29061,-1.17080,0.08744,-0.19073,
1413394915405760512,-0.93369,1.51945,0.32834,0.52113,-0.25123,-0.76621,-0.27970,-1.26858,-0.07614,-0.14829,
1413394915505760512,-1.06310,1.50196,0.31418,0.53199,-0.21822,-0.77364,-0.26619,-1.34648,-0.26534,-0.11447,
1413394915605760512,-1.20108,1.46461,0.30401,0.55658,-0.19377,-0.77374,-0.23239,-1.40687,-0.45840,-0.09729,
1413394915705760512,-1.34152,1.40962,0.29561,0.58504,-0.17528,-0.77079,-0.18136,-1.39459,-0.62555,-0.08800,
1413394915805760256,-1.47920,1.34527,0.29082,0.60869,-0.14698,-0.76730,-0.13836,-1.29726,-0.71968,-0.02508,
1413394915905760512,-1.60830,1.27341,0.29071,0.63037,-0.11134,-0.76086,-0.10638,-1.17030,-0.78484,0.00757,
1413394916005760512,-1.72243,1.19504,0.29163,0.64131,-0.07788,-0.75927,-0.07852,-1.01111,-0.83598,0.00732,
1413394916105760512,-1.82009,1.11140,0.29453,0.64731,-0.05060,-0.75876,-0.05214,-0.83193,-0.87212,0.04949,
1413394916205760512,-1.89981,1.02294,0.29763,0.63529,-0.02782,-0.77120,-0.02964,-0.65231,-0.90025,0.02886,
1413394916305760256,-1.96521,0.93067,0.30193,0.61265,-0.00640,-0.79027,-0.00912,-0.55811,-0.92535,0.05898,
1413394916405760512,-2.01924,0.83791,0.30660,0.59475,0.00644,-0.80348,0.02545,-0.49384,-0.92063,0.01592,
1413394916505760512,-2.06558,0.74708,0.30110,0.58062,0.01119,-0.81078,0.07339,-0.46603,-0.86098,-0.07255,
1413394916605760512,-2.11520,0.66462,0.28678,0.57889,0.01276,-0.80510,0.12857,-0.48126,-0.74336,-0.16748,
1413394916705760512,-2.16096,0.59986,0.26134,0.57531,0.02785,-0.79819,0.17647,-0.47499,-0.55110,-0.28637,
1413394916855760640,-2.23474,0.54301,0.20693,0.55713,0.09338,-0.80001,0.20218,-0.50114,-0.21690,-0.44429,
1413394917055760384,-2.34421,0.52991,0.10351,0.53202,0.20716,-0.79659,0.19872,-0.61083,0.04511,-0.52975,
1413394917255760384,-2.47642,0.53843,0.00160,0.50476,0.31532,-0.77834,0.19994,-0.70569,0.00170,-0.46265,
1413394917455760384,-2.59542,0.50459,-0.09582,-0.48599,-0.37464,0.75945,-0.21609,-0.74012,-0.20981,-0.41733,
1413394917655760640,-2.76068,0.44217,-0.16287,0.50360,0.40436,-0.73180,0.21759,-0.80609,-0.49601,-0.30592,
1413394917855760640,-2.91014,0.31554,-0.19684,0.52711,0.42002,-0.71070,0.20162,-0.64407,-0.79103,-0.06238,
1413394918055760384,-2.99921,0.13353,-0.20103,0.52792,0.44345,-0.69593,0.20085,-0.33323,-1.08582,-0.14432,
1413394918255760384,-3.02961,-0.09818,-0.22660,-0.49150,-0.43803,0.70257,-0.27009,-0.12791,-1.27210,-0.15810,
1413394918455760384,-3.04641,-0.35185,-0.24767,-0.43731,-0.43222,0.71165,-0.33986,-0.19675,-1.31622,-0.10313,
1413394918655760640,-3.11065,-0.61398,-0.25704,-0.42636,-0.46645,0.68331,-0.36570,-0.44077,-1.31439,-0.02591,
1413394918855760640,-3.21187,-0.87309,-0.25982,-0.44574,-0.51923,0.63251,-0.36281,-0.52867,-1.28578,0.06811,
1413394919055760384,-3.30660,-1.12359,-0.22350,-0.46421,-0.53845,0.58404,-0.39176,-0.36847,-1.17883,0.34768,
1413394919255760384,-3.36963,-1.32820,-0.12773,0.44962,0.55191,-0.54710,0.44035,-0.24246,-0.87957,0.64386,
1413394919455760384,-3.41282,-1.48021,0.00747,0.45168,0.58880,-0.48642,0.46120,-0.13012,-0.53092,0.71274,
1413394919655760640,-3.41895,-1.56064,0.13250,0.40621,0.64964,-0.46121,0.44750,0.08267,-0.21847,0.54106,
1413394919855760640,-3.38786,-1.60030,0.22052,0.31559,0.68830,-0.46495,0.45876,0.23299,-0.17646,0.34321,
1413394920055760384,-3.33188,-1.66088,0.27522,0.25236,0.72821,-0.42907,0.47109,0.31264,-0.32524,0.15650,
1413394920255760384,-3.26653,-1.75691,0.28201,0.20568,0.76894,-0.36674,0.48159,0.38737,-0.51168,-0.07535,
1413394920455760384,-3.17774,-1.87312,0.25612,0.19882,0.79156,-0.28584,0.50220,0.53788,-0.62406,-0.09837,
1413394920655760640,-3.05791,-1.99044,0.22997,0.21313,0.80130,-0.21782,0.51482,0.71154,-0.55091,-0.03606,
1413394920855760640,-2.89143,-2.07874,0.21336,0.21034,0.80861,-0.20076,0.51147,0.92267,-0.32231,-0.08579,
1413394921055760384,-2.67654,-2.14142,0.19059,0.18943,0.80739,-0.22320,0.51227,1.15577,-0.19701,-0.20594,
1413394921255760384,-2.42846,-2.19480,0.14356,0.15954,0.78515,-0.26510,0.53648,1.25318,-0.21059,-0.36403,
1413394921455760384,-2.17843,-2.26324,0.05058,0.09636,0.76509,-0.33297,0.54267,1.18639,-0.44912,-0.54879,
1413394921655760640,-1.96053,-2.39447,-0.06919,0.14185,0.77244,-0.31983,0.53002,1.05558,-0.83965,-0.55209,
1413394921855760640,-1.74619,-2.55777,-0.17662,0.21140,0.76818,-0.26970,0.54081,1.09436,-0.83261,-0.46119,
1413394922055760384,-1.53915,-2.69936,-0.25960,0.17767,0.74555,-0.24118,0.59533,1.00124,-0.66555,-0.24625,
1413394922255760384,-1.40016,-2.82290,-0.29222,0.13656,0.77114,-0.18759,0.59288,0.69982,-0.56033,0.02903,
1413394922455760384,-1.23179,-2.92157,-0.25244,0.13598,0.80824,-0.12645,0.55881,0.71794,-0.44349,0.47873,
1413394922655760640,-1.07577,-2.99073,-0.14733,0.09816,0.81441,-0.12161,0.55884,0.78210,-0.31047,0.60475,
1413394922855760640,-0.89610,-3.05309,-0.03508,0.07254,0.82409,-0.12873,0.54685,0.85906,-0.31961,0.60820,
1413394923055760384,-0.71111,-3.12220,0.07940,0.07002,0.83252,-0.13009,0.53392,0.98511,-0.38390,0.48090,
1413394923255760384,-0.50346,-3.19947,0.16785,0.09537,0.82596,-0.11533,0.54350,1.14208,-0.40873,0.46237,
1413394923455760384,-0.25690,-3.27028,0.24948,0.09029,0.82457,-0.11259,0.54705,1.24230,-0.28606,0.42855,
1413394923655760640,0.01782,-3.32331,0.32724,0.06305,0.83536,-0.08593,0.53927,1.41270,-0.24817,0.39133,
1413394923855760640,0.31182,-3.36644,0.37949,0.04808,0.82818,-0.02376,0.55789,1.50685,-0.15497,0.16171,
1413394924055760384,0.61547,-3.38214,0.38282,0.01479,0.81999,0.03333,0.57121,1.50460,-0.00661,-0.03759,
1413394924255760384,0.90626,-3.36714,0.36872,-0.04846,0.81553,0.07551,0.57172,1.44561,0.11781,-0.00463,
1413394924455760384,1.19016,-3.33761,0.37047,-0.10836,0.80911,0.12269,0.56440,1.43037,0.10822,0.05088,
1413394924655760640,1.47486,-3.31636,0.37974,-0.13995,0.79472,0.18848,0.55974,1.39788,0.10195,0.09042,
1413394924855760640,1.75081,-3.29461,0.39973,-0.15876,0.76436,0.26260,0.56708,1.31279,0.14976,0.15705,
1413394924955760384,1.87906,-3.28108,0.41147,-0.16202,0.74392,0.29548,0.57708,1.21285,0.17592,0.18170,
1413394925055760384,1.99486,-3.26162,0.42909,-0.15924,0.72624,0.32099,0.58668,1.05948,0.22135,0.17604,
1413394925155760640,2.08641,-3.23235,0.44575,-0.15971,0.72459,0.34053,0.57749,0.86487,0.32241,0.17526,
1413394925255760384,2.15730,-3.19454,0.46421,-0.15767,0.72381,0.36183,0.56597,0.69060,0.41998,0.19258,
1413394925355760640,2.19685,-3.14626,0.48371,-0.15591,0.72022,0.37889,0.55984,0.52624,0.54444,0.14350,
1413394925455760384,2.22380,-3.08319,0.49102,-0.16497,0.72064,0.38205,0.55453,0.36974,0.67861,0.03164,
1413394925555760384,2.22622,-3.00654,0.49028,-0.17722,0.72349,0.37850,0.54944,0.22163,0.80447,-0.07276,
1413394925655760640,2.23730,-2.92324,0.48013,-0.18962,0.72576,0.37576,0.54417,0.10019,0.88665,-0.16656,
1413394925755760384,2.23825,-2.82969,0.46433,-0.21401,0.73386,0.36155,0.53380,0.01146,0.96307,-0.16720,
1413394925855760640,2.23437,-2.73113,0.45293,-0.23197,0.74084,0.34857,0.52521,-0.02831,1.00576,-0.13416,
1413394925955760384,2.22712,-2.63157,0.44403,-0.24200,0.74370,0.34427,0.51945,-0.03635,1.01954,-0.10081,
1413394926055760384,2.22135,-2.53059,0.43664,-0.24119,0.74131,0.35263,0.51763,-0.04104,1.04500,-0.08978,
1413394926155760640,2.21561,-2.42679,0.42833,-0.23314,0.73717,0.36545,0.51834,-0.05617,1.05652,-0.08739,
1413394926255760384,2.20436,-2.32191,0.41952,-0.22555,0.73396,0.37590,0.51879,-0.09573,1.10106,-0.07649,
1413394926355760640,2.19276,-2.20898,0.41277,-0.23001,0.73839,0.37624,0.51021,-0.12690,1.15995,-0.08391,
1413394926455760384,2.17842,-2.09023,0.40634,-0.23528,0.74335,0.37566,0.50094,-0.12636,1.23535,-0.05756,
1413394926555760384,2.16516,-1.96421,0.40251,-0.24798,0.74162,0.37936,0.49456,-0.12276,1.31254,-0.03466,
1413394926655760640,2.15253,-1.83069,0.40009,-0.27309,0.73480,0.38725,0.48531,-0.11009,1.36352,-0.02459,
1413394926755760384,2.14266,-1.69339,0.39853,-0.31133,0.72625,0.39504,0.46859,-0.07302,1.37368,-0.00671,
1413394926855760640,2.13986,-1.55787,0.39897,-0.35282,0.71712,0.40382,0.44520,0.02141,1.33184,0.00472,
1413394926955760384,2.14886,-1.42810,0.39779,-0.38426,0.70568,0.41757,0.42425,0.17483,1.27918,-0.04127,
1413394927055760384,2.17753,-1.30567,0.38910,-0.39780,0.69113,0.43674,0.41635,0.37000,1.23221,-0.11677,
1413394927155760640,2.22298,-1.19643,0.37081,-0.38557,0.66893,0.46806,0.42987,0.50318,1.15979,-0.20494,
1413394927255760384,2.27530,-1.08771,0.35067,-0.36951,0.64842,0.49369,0.44641,0.56881,1.13512,-0.12752,
1413394927355760640,2.32156,-0.96400,0.31209,-0.35555,0.63907,0.50822,0.45485,0.53050,1.12108,-0.04713,
1413394927455760384,2.38066,-0.88691,0.34302,-0.35499,0.63825,0.51509,0.44867,0.52984,1.09397,0.11532,
1413394927555760384,2.43050,-0.78193,0.36265,-0.35514,0.64272,0.51594,0.44113,0.49350,1.08647,0.25169,
1413394927655760640,2.47619,-0.68319,0.39784,-0.35767,0.64429,0.51457,0.43839,0.46854,1.07923,0.32993,
1413394927755760384,2.52892,-0.54670,0.42197,-0.35989,0.64324,0.51520,0.43737,0.46866,1.13516,0.33404,
1413394927855760640,2.56395,-0.47421,0.46688,-0.36052,0.63690,0.51918,0.44141,0.44368,1.09910,0.26045,
1413394927955760384,2.60519,-0.36943,0.48678,-0.36082,0.63603,0.52071,0.44061,0.42315,1.11158,0.15366,
1413394928055760384,2.64524,-0.26130,0.49850,-0.36151,0.63226,0.52135,0.44468,0.40824,1.10542,0.06666,
1413394928155760640,2.68430,-0.15266,0.50348,-0.35868,0.62047,0.52414,0.46005,0.37194,1.10370,0.00173,
1413394928255760384,2.71637,-0.04912,0.50427,-0.36029,0.60660,0.52271,0.47854,0.29008,1.08323,-0.00396,
1413394928355760640,2.73998,0.05308,0.50500,-0.36339,0.59718,0.51877,0.49213,0.18308,1.01323,0.01900,
1413394928455760384,2.75249,0.14537,0.50541,-0.37052,0.60201,0.51265,0.48733,0.07936,0.91511,0.01654,
1413394928555760384,2.75604,0.23183,0.50904,-0.37865,0.61391,0.50537,0.47365,0.01076,0.83337,0.04460,
1413394928655760640,2.75808,0.31731,0.51702,-0.38154,0.62308,0.50124,0.46364,-0.01412,0.78492,0.07484,
1413394928755760384,2.75626,0.39495,0.52668,-0.38010,0.62766,0.49962,0.46038,-0.02810,0.73486,0.08086,
1413394928855760640,2.75435,0.46677,0.53287,-0.37476,0.62787,0.50115,0.46280,-0.02844,0.69201,0.01554,
1413394928955760384,2.74952,0.53719,0.52894,-0.36693,0.62570,0.50443,0.46841,-0.05449,0.68047,-0.09885,
1413394929055760384,2.74185,0.60446,0.51652,-0.36626,0.62558,0.50341,0.47020,-0.10829,0.62650,-0.15711,
1413394929155760640,2.72874,0.66703,0.50048,-0.37268,0.62146,0.49761,0.47673,-0.15051,0.58482,-0.14665,
1413394929255760384,2.71210,0.72667,0.48785,-0.38209,0.61934,0.49035,0.47957,-0.18464,0.51445,-0.12001,
1413394929355760640,2.69269,0.77564,0.47890,-0.39367,0.62122,0.48213,0.47609,-0.19825,0.41898,-0.09644,
1413394929455760384,2.67390,0.81462,0.47289,-0.39684,0.62629,0.48004,0.46887,-0.18820,0.33274,-0.05745,
1413394929555760384,2.65603,0.84482,0.46935,-0.38924,0.63814,0.48576,0.45311,-0.15791,0.26326,-0.04582,
1413394929655760640,2.64097,0.86843,0.46471,-0.37709,0.64763,0.49336,0.44157,-0.11853,0.23294,-0.00553,
1413394929755760384,2.62954,0.89167,0.46333,-0.36605,0.64905,0.49996,0.44134,-0.09673,0.24354,-0.02509,
1413394929855760640,2.62110,0.91484,0.45560,-0.36167,0.64651,0.50219,0.44612,-0.08240,0.25459,-0.11088,
1413394929955760384,2.61326,0.93809,0.44028,-0.36645,0.64048,0.49805,0.45547,-0.08849,0.24359,-0.18648,
1413394930055760384,2.60532,0.95964,0.41676,-0.37225,0.63193,0.49317,0.46784,-0.10239,0.18788,-0.29072,
1413394930155760640,2.59465,0.97568,0.38827,-0.37642,0.62390,0.48916,0.47935,-0.12021,0.12720,-0.27395,
1413394930255760384,2.57997,0.98531,0.36440,-0.38421,0.61473,0.48279,0.49133,-0.17136,0.04368,-0.21418,
1413394930355760640,2.56135,0.98636,0.34496,-0.39804,0.61571,0.47259,0.48901,-0.19526,-0.06689,-0.20411,
1413394930455760384,2.54176,0.97575,0.32167,-0.39003,0.63919,0.47882,0.45831,-0.18488,-0.15793,-0.23893,
1413394930555760384,2.52563,0.95868,0.29340,-0.36724,0.67166,0.49338,0.41302,-0.13937,-0.18248,-0.33358,
1413394930655760640,2.51640,0.94363,0.25471,-0.34243,0.69941,0.50560,0.37139,-0.04208,-0.11596,-0.42621,
1413394930755760384,2.51891,0.94386,0.21377,-0.31998,0.70209,0.51911,0.36770,0.09154,0.11889,-0.38399,
1413394930855760640,2.53250,0.96568,0.17741,-0.32086,0.68116,0.52007,0.40323,0.16251,0.30447,-0.34480,
1413394930955760384,2.54900,1.00177,0.14626,-0.34059,0.65261,0.50734,0.44799,0.16304,0.40597,-0.27730,
1413394931055760384,2.56266,1.04144,0.12305,-0.36068,0.62925,0.49205,0.48149,0.11810,0.40218,-0.15383,
1413394931155760640,2.57027,1.07430,0.11085,-0.36949,0.61831,0.48370,0.49720,0.05272,0.29352,-0.05569,
1413394931255760384,2.57069,1.09563,0.11416,-0.37455,0.61355,0.47795,0.50481,-0.03142,0.18166,0.12102,
1413394931355760640,2.56371,1.10600,0.14576,-0.38163,0.60685,0.47022,0.51477,-0.09277,0.08521,0.36355,
1413394931455760384,2.54844,1.10073,0.18391,-0.37989,0.61262,0.47009,0.50930,-0.16149,-0.06709,0.33312,
1413394931555760384,2.52734,1.08482,0.21130,-0.35996,0.63185,0.48295,0.48780,-0.21778,-0.16725,0.22903,
1413394931655760640,2.49991,1.06203,0.22865,-0.34309,0.64216,0.49631,0.47286,-0.26797,-0.19115,0.15352,
1413394931755760384,2.46578,1.03857,0.23885,-0.32963,0.63693,0.51651,0.46785,-0.34021,-0.16767,0.09795,
1413394931855760640,2.42404,1.02099,0.24312,-0.32532,0.62142,0.54100,0.46402,-0.44901,-0.11651,0.01785,
1413394931955760384,2.37107,1.01141,0.23992,-0.34216,0.60737,0.55965,0.44814,-0.56461,-0.03633,-0.01282,
1413394932055760384,2.30721,1.00687,0.24221,-0.37532,0.58668,0.57331,0.43157,-0.65800,-0.00263,0.11202,
1413394932155760640,2.23686,1.00528,0.26029,-0.41674,0.56019,0.58415,0.41386,-0.71657,0.00048,0.24938,
1413394932255760384,2.16391,1.00346,0.29261,-0.45751,0.53578,0.59381,0.38859,-0.71306,-0.02216,0.37075,
1413394932355760640,2.09522,0.99927,0.33505,-0.49207,0.50623,0.60567,0.36711,-0.65665,-0.06350,0.44884,
1413394932455760384,2.03284,0.98828,0.37756,0.51792,-0.47057,-0.61968,-0.35541,-0.58343,-0.14528,0.37935,
1413394932555760384,1.97581,0.96530,0.40933,0.53707,-0.43524,-0.63457,-0.34559,-0.50344,-0.26169,0.26487,
1413394932655760640,1.92634,0.93104,0.42676,0.54842,-0.40424,-0.65216,-0.33243,-0.43628,-0.38332,0.12843,
1413394932755760384,1.88525,0.88483,0.43485,0.55063,-0.37993,-0.67402,-0.31330,-0.37982,-0.50412,0.10563,
1413394932855760640,1.85116,0.82902,0.44199,0.54146,-0.36510,-0.70116,-0.28617,-0.32292,-0.59211,0.11088,
1413394932955760384,1.82029,0.76652,0.45060,0.53061,-0.35356,-0.72548,-0.25908,-0.29895,-0.62729,0.08660,
1413394933055760384,1.79059,0.70377,0.45506,0.52608,-0.34034,-0.74291,-0.23557,-0.31117,-0.61168,0.02424,
1413394933155760640,1.75969,0.64380,0.45079,0.52741,-0.32151,-0.75572,-0.21760,-0.33320,-0.58973,-0.05824,
1413394933255760384,1.72957,0.58682,0.43788,0.53658,-0.29979,-0.76255,-0.20183,-0.33536,-0.57639,-0.16459,
1413394933355760640,1.70084,0.53111,0.41377,0.54648,-0.27558,-0.76761,-0.19022,-0.32620,-0.55129,-0.27442,
1413394933455760384,1.67184,0.48011,0.38005,0.55535,-0.25331,-0.77172,-0.17852,-0.31264,-0.54346,-0.39568,
1413394933555760384,1.64227,0.42690,0.33717,0.56246,-0.23326,-0.77576,-0.16563,-0.31457,-0.53990,-0.46833,
1413394933655760640,1.61316,0.37507,0.29273,0.57331,-0.21233,-0.77649,-0.15265,-0.29711,-0.53499,-0.42383,
1413394933755760384,1.58791,0.32635,0.25258,0.58777,-0.19190,-0.77315,-0.14120,-0.25421,-0.53504,-0.37481,
1413394933855760640,1.56426,0.27935,0.21562,0.59556,-0.17685,-0.77238,-0.13209,-0.19463,-0.54430,-0.35191,
1413394933955760384,1.54863,0.22482,0.17917,0.58832,-0.16235,-0.78295,-0.12043,-0.13324,-0.56943,-0.34715,
1413394934055760384,1.53463,0.17037,0.14627,0.57804,-0.14582,-0.79603,-0.10462,-0.12697,-0.58138,-0.30129,
1413394934155760640,1.51896,0.11387,0.12137,0.58539,-0.12440,-0.79619,-0.08910,-0.15031,-0.57939,-0.23142,
1413394934255760384,1.50567,0.05651,0.09379,0.59725,-0.09967,-0.79250,-0.07283,-0.12099,-0.59081,-0.32998,
1413394934355760640,1.49831,-0.00102,0.05332,0.59787,-0.07356,-0.79651,-0.05207,-0.07768,-0.59834,-0.45876,
1413394934455760384,1.49307,-0.05930,0.00087,0.59064,-0.05352,-0.80477,-0.02498,-0.03339,-0.58876,-0.57468,
1413394934555760384,1.49166,-0.11357,-0.06204,0.58493,-0.03510,-0.81028,-0.00880,-0.03507,-0.54510,-0.66102,
1413394934655760640,1.49093,-0.16512,-0.12558,0.58158,-0.01694,-0.81330,-0.00322,-0.02417,-0.50745,-0.57911,
1413394934755760384,1.49473,-0.21383,-0.17642,0.58215,-0.00709,-0.81304,0.00404,0.04256,-0.49048,-0.46797,
1413394934855760640,1.49853,-0.26362,-0.21049,0.58491,-0.00251,-0.81105,0.00823,0.04900,-0.46207,-0.30044,
1413394934955760384,1.49881,-0.30509,-0.22390,0.58624,-0.00063,-0.81007,0.01052,0.03181,-0.43842,-0.10590,
1413394935055760384,1.49958,-0.34066,-0.21820,0.59153,-0.00179,-0.80619,0.01214,0.02783,-0.40803,0.04178,
1413394935155760640,1.50286,-0.37634,-0.20773,0.59855,-0.00978,-0.80094,0.01199,0.04945,-0.36697,0.04004,
1413394935255760384,1.51143,-0.40805,-0.20269,0.60456,-0.02005,-0.79628,0.00604,0.10376,-0.32968,-0.02546,
1413394935355760640,1.52475,-0.43960,-0.20866,0.61216,-0.02715,-0.79026,-0.00323,0.15659,-0.30277,-0.11370,
1413394935455760384,1.54283,-0.47019,-0.22621,0.61490,-0.03171,-0.78786,-0.01296,0.20903,-0.29184,-0.23418,
1413394935555760384,1.56699,-0.49952,-0.25436,0.60618,-0.03549,-0.79425,-0.02101,0.26942,-0.29738,-0.32531,
1413394935655760640,1.59760,-0.53005,-0.28620,0.59732,-0.03934,-0.80058,-0.02714,0.32171,-0.30489,-0.29056,
1413394935755760384,1.63107,-0.56082,-0.30527,0.59456,-0.04231,-0.80228,-0.03235,0.35304,-0.31251,-0.14903,
1413394935855760640,1.66566,-0.59291,-0.31050,0.59650,-0.04501,-0.80058,-0.03511,0.34538,-0.32223,0.02180,
1413394935955760384,1.70488,-0.62633,-0.31131,0.59289,-0.04833,-0.80301,-0.03625,0.38031,-0.34115,-0.04855,
1413394936055760384,1.74553,-0.65902,-0.32340,0.57866,-0.04655,-0.81350,-0.03455,0.40321,-0.35954,-0.20112,
1413394936205760512,1.80633,-0.71552,-0.36319,0.55518,-0.02525,-0.83117,-0.01724,0.34018,-0.39249,-0.29281,
1413394936305760256,1.83912,-0.75550,-0.39375,0.56188,0.00650,-0.82719,0.00122,0.29995,-0.43215,-0.31202,
1413394936505760512,1.89442,-0.84749,-0.44701,0.58285,0.09958,-0.80474,0.05254,0.28179,-0.49279,-0.23109,
1413394936705760512,1.95448,-0.95575,-0.48519,0.57036,0.19166,-0.79164,0.10618,0.32366,-0.57462,-0.16054,
1413394936905760512,2.02309,-1.08057,-0.50842,0.55101,0.25565,-0.77992,0.15084,0.36007,-0.66161,-0.09916,
1413394937105760512,2.09736,-1.22347,-0.52973,0.52473,0.32056,-0.76616,0.18680,0.36630,-0.77959,-0.09593,
1413394937255760384,2.15380,-1.34813,-0.54410,0.50591,0.36100,-0.75306,0.21594,0.35037,-0.86691,-0.10719,
1413394937355760640,2.18835,-1.43879,-0.55207,-0.49150,-0.37401,0.74987,-0.23714,0.30916,-0.93055,-0.08667,
1413394937555760384,2.23719,-1.63149,-0.56838,-0.48560,-0.38544,0.74054,-0.25928,0.18783,-0.99764,-0.10102,
1413394937755760384,2.24636,-1.83687,-0.56839,-0.49130,-0.38064,0.73581,-0.26893,0.08802,-1.04557,-0.06581,
1413394937955760384,2.21054,-2.03579,-0.55537,-0.49183,-0.35610,0.74722,-0.27012,-0.09244,-1.03973,0.00760,
1413394938155760640,2.17138,-2.21949,-0.51829,-0.48016,-0.31921,0.77169,-0.26841,-0.29860,-1.00160,0.23392,
1413394938355760640,2.08180,-2.40458,-0.42786,-0.49408,-0.29526,0.78039,-0.24432,-0.60734,-0.92153,0.61228,
1413394938555760384,1.94350,-2.59093,-0.29705,0.52724,0.27072,-0.77790,0.20879,-0.74429,-0.87409,0.61790,
1413394938755760384,1.79476,-2.76549,-0.20126,0.53355,0.23253,-0.79714,0.16069,-0.78587,-0.85666,0.36318,
1413394938955760384,1.63586,-2.92729,-0.15128,0.53465,0.14947,-0.81918,0.14408,-0.85275,-0.82072,0.17103,
1413394939155760640,1.45310,-3.06793,-0.14085,0.55264,0.04404,-0.82170,0.13211,-0.95527,-0.59484,-0.02536,
1413394939355760640,1.26533,-3.15259,-0.15576,0.56546,-0.01298,-0.82106,0.07714,-0.99966,-0.33384,-0.13728,
1413394939555760384,1.06824,-3.20439,-0.15410,0.57350,-0.00947,-0.81913,0.00516,-1.00862,-0.21674,0.14452,
1413394939755760384,0.86345,-3.24686,-0.10453,0.57855,-0.04729,-0.81416,0.01335,-0.99479,-0.16137,0.34443,
1413394939955760384,0.66405,-3.25531,-0.04243,0.56735,-0.08886,-0.81862,0.00946,-0.98345,0.07065,0.24092,
1413394940155760640,0.46411,-3.22850,-0.01823,0.54550,-0.10048,-0.83100,-0.04211,-1.02230,0.17100,-0.01187,
1413394940355760640,0.24495,-3.18390,-0.03396,0.55795,-0.15272,-0.81237,-0.07367,-1.09697,0.27150,-0.22248,
1413394940555760384,0.01837,-3.12028,-0.07605,0.56175,-0.20822,-0.79141,-0.12147,-1.07467,0.37455,-0.23114,
1413394940755760384,-0.20617,-3.04532,-0.09995,0.54250,-0.23272,-0.78392,-0.19235,-1.10718,0.32259,-0.06636,
1413394940955760384,-0.44351,-2.99979,-0.08002,0.54092,-0.26635,-0.77431,-0.19212,-1.19129,0.20742,0.20130,
1413394941055760384,-0.56205,-2.98171,-0.05533,0.53779,-0.29302,-0.77142,-0.17275,-1.18579,0.22868,0.23276,
1413394941205760512,-0.72984,-2.94075,-0.01434,0.52688,-0.33299,-0.76782,-0.14826,-1.13688,0.36850,0.28070,
1413394941405760512,-0.93867,-2.83201,0.05883,0.50950,-0.34885,-0.77222,-0.14963,-1.07908,0.68958,0.36669,
1413394941605760512,-1.15335,-2.66784,0.14405,-0.49710,0.31086,0.78262,0.20919,-1.14825,0.89270,0.43180,
1413394941755760384,-1.33999,-2.53062,0.20795,0.50170,-0.30642,-0.77390,-0.23557,-1.28127,0.89637,0.41560,
1413394941855760640,-1.47769,-2.43981,0.24909,0.51388,-0.32205,-0.76116,-0.22991,-1.33909,0.87269,0.37349,
1413394941955760384,-1.61825,-2.34970,0.28658,0.52997,-0.35308,-0.74444,-0.20071,-1.34574,0.88282,0.36643,
1413394942055760384,-1.75012,-2.25619,0.32315,0.54213,-0.38372,-0.72833,-0.16850,-1.27217,0.97856,0.39893,
1413394942155760640,-1.84765,-2.14952,0.36738,0.55107,-0.41226,-0.71219,-0.13838,-1.08183,1.14844,0.44168,
1413394942255760384,-1.92824,-2.02875,0.41769,0.55411,-0.43744,-0.69755,-0.12258,-0.82197,1.36229,0.50860,
1413394942355760640,-1.97956,-1.88674,0.47089,0.55100,-0.45971,-0.68554,-0.12288,-0.52472,1.59047,0.55622,
1413394942455760384,-2.02362,-1.71221,0.52968,0.54412,-0.47686,-0.67548,-0.14233,-0.27909,1.83740,0.56292,
1413394942555760384,-2.03499,-1.52522,0.57719,0.53734,-0.49386,-0.66162,-0.17215,-0.06144,1.97247,0.39621,
1413394942655760640,-2.02746,-1.32483,0.60724,0.52925,-0.51225,-0.64433,-0.20575,0.13990,2.07729,0.21736,
1413394942755760384,-2.00880,-1.11134,0.61940,0.51860,-0.52206,-0.62706,-0.25553,0.31623,2.13541,0.06154,
1413394942855760640,-1.97168,-0.90067,0.61796,0.50349,-0.51360,-0.61107,-0.33060,0.43520,2.10200,-0.10744,
1413394942955760384,-1.92757,-0.69228,0.59485,-0.48501,0.49869,0.59215,0.40673,0.46140,1.97919,-0.32322,
1413394943055760384,-1.88113,-0.50356,0.55103,-0.46704,0.49574,0.56879,0.46107,0.41606,1.79981,-0.48871,
1413394943155760640,-1.84044,-0.33789,0.49641,-0.44902,0.50466,0.54350,0.49830,0.33264,1.56127,-0.57763,
1413394943255760384,-1.81048,-0.20277,0.42944,-0.43069,0.51910,0.51737,0.52666,0.21870,1.27381,-0.66975,
1413394943355760640,-1.79357,-0.08247,0.36489,-0.41260,0.53878,0.49191,0.54544,0.06549,0.98075,-0.63022,
1413394943455760384,-1.79423,0.00580,0.30956,-0.38896,0.56070,0.47205,0.55812,-0.11154,0.66506,-0.51445,
1413394943555760384,-1.81661,0.07518,0.26692,-0.36057,0.58594,0.45772,0.56316,-0.30536,0.43873,-0.39401,
1413394943655760640,-1.85908,0.11635,0.23391,-0.33283,0.61838,0.45042,0.55132,-0.50014,0.26904,-0.32726,
1413394943755760384,-1.91656,0.13775,0.20747,-0.31859,0.64998,0.43939,0.53194,-0.62727,0.16980,-0.31648,
1413394943855760640,-1.98525,0.15590,0.17600,-0.32121,0.67090,0.42320,0.51732,-0.69570,0.14423,-0.35115,
1413394943955760384,-2.05822,0.16646,0.14028,-0.33123,0.68693,0.40730,0.50251,-0.72937,0.07866,-0.41362,
1413394944055760384,-2.12987,0.16893,0.10469,-0.32782,0.69422,0.40510,0.49647,-0.69788,0.02290,-0.36827,
1413394944155760640,-2.20166,0.16339,0.07822,-0.31967,0.69601,0.40852,0.49648,-0.67229,-0.03409,-0.27306,
1413394944255760384,-2.27018,0.15588,0.05914,-0.31354,0.70057,0.40846,0.49403,-0.64596,-0.07027,-0.18887,
1413394944355760640,-2.33357,0.14683,0.04968,-0.30332,0.71042,0.40947,0.48543,-0.58722,-0.05901,0.00198,
1413394944455760384,-2.39157,0.14170,0.05508,-0.28444,0.72251,0.41228,0.47655,-0.52410,-0.02555,0.10917,
1413394944555760384,-2.44518,0.14038,0.05813,-0.26720,0.73936,0.40247,0.46900,-0.45866,0.02183,0.02577,
1413394944655760640,-2.49175,0.14335,0.04890,-0.25188,0.76280,0.38080,0.45791,-0.38219,0.08099,-0.10474,
1413394944755760384,-2.52587,0.15277,0.03029,-0.23101,0.78766,0.35452,0.44782,-0.25159,0.15470,-0.19734,
1413394944855760640,-2.54668,0.17007,0.00409,-0.20927,0.80917,0.32224,0.44453,-0.09772,0.25658,-0.25421,
1413394944955760384,-2.54900,0.20016,-0.02680,-0.18752,0.82456,0.28547,0.45104,0.10029,0.35207,-0.30442,
1413394945055760384,-2.53255,0.23992,-0.05939,-0.16271,0.83020,0.24936,0.47128,0.28270,0.44937,-0.31142,
1413394945155760640,-2.50126,0.28831,-0.09437,-0.13335,0.83015,0.21530,0.49670,0.42356,0.53203,-0.33143,
1413394945255760384,-2.45371,0.34246,-0.12847,-0.10586,0.82770,0.18073,0.52062,0.53976,0.59862,-0.30169,
1413394945355760640,-2.39582,0.40377,-0.15679,-0.07809,0.82190,0.14684,0.54481,0.60400,0.66125,-0.24064,
1413394945455760384,-2.33462,0.47230,-0.18030,-0.06005,0.80857,0.10587,0.57567,0.60265,0.71185,-0.23668,
1413394945555760384,-2.27570,0.54265,-0.20281,-0.06118,0.80216,0.05064,0.59181,0.55651,0.69194,-0.23800,
1413394945655760640,-2.22283,0.60860,-0.22461,-0.05876,0.79955,-0.00403,0.59770,0.51309,0.62215,-0.21971,
1413394945755760384,-2.17421,0.66362,-0.24228,-0.04898,0.79852,-0.05569,0.59739,0.45693,0.50120,-0.18566,
1413394945855760640,-2.12950,0.70461,-0.25847,-0.03074,0.79594,-0.10519,0.59538,0.42687,0.33454,-0.16227,
1413394945955760384,-2.09322,0.72765,-0.27408,-0.00738,0.79026,-0.15485,0.59284,0.31878,0.15042,-0.12647,
1413394946055760384,-2.06469,0.73383,-0.28485,0.03520,0.78491,-0.19337,0.58761,0.23629,-0.03139,-0.07619,
1413394946205760512,-2.03994,0.71540,-0.29135,0.10482,0.77102,-0.24745,0.57732,0.09763,-0.19414,-0.01398,
1413394946355760640,-1.97948,0.73687,-0.29312,0.15580,0.74720,-0.31418,0.56455,0.06260,-0.19643,-0.02337,
1413394946555760384,-2.05804,0.61888,-0.30973,0.20473,0.70501,-0.40721,0.54335,-0.24492,-0.39554,0.00030,
1413394946755760384,-2.13173,0.51486,-0.29168,0.29750,0.65778,-0.46468,0.51273,-0.43521,-0.48549,0.03836,
1413394946955760384,-2.23029,0.42830,-0.28493,0.37743,0.60052,-0.52571,0.46964,-0.52649,-0.40243,0.07574,
1413394947155760640,-2.33928,0.36466,-0.26308,-0.43850,-0.53899,0.58775,-0.41444,-0.53324,-0.26042,0.24467,
1413394947355760640,-2.43404,0.31310,-0.18564,-0.48092,-0.47956,0.64080,-0.35792,-0.45220,-0.17782,0.59990,
1413394947555760384,-2.51965,0.26348,-0.05236,0.50049,0.44142,-0.66775,0.32980,-0.32556,-0.11842,0.68432,
1413394947755760384,-2.56316,0.24542,0.07345,-0.46140,-0.45441,0.70386,-0.29188,-0.24883,-0.15654,0.44007,
1413394947955760384,-2.56943,0.22362,0.16998,-0.42505,-0.49113,0.70255,-0.29078,-0.24083,-0.42321,0.57110,
1413394948155760640,-2.61160,0.09633,0.27440,-0.39329,-0.53592,0.68173,-0.30555,-0.29218,-0.74983,0.53385,
1413394948355760640,-2.67602,-0.09410,0.36580,-0.42744,-0.54824,0.63054,-0.34516,-0.31318,-1.04445,0.44559,
1413394948555760384,-2.73018,-0.30220,0.43305,-0.49821,-0.51335,0.56226,-0.41488,-0.21739,-0.90054,0.35432,
1413394948755760384,-2.75224,-0.43722,0.49545,0.52908,0.48748,-0.53292,0.44545,-0.04341,-0.37141,0.39401,
1413394948955760384,-2.71709,-0.45093,0.55202,-0.48829,-0.51642,0.57758,-0.40160,0.15216,0.04853,0.34342,
1413394949155760640,-2.65774,-0.39402,0.57299,-0.41335,-0.56054,0.64010,-0.32436,0.26871,0.15952,0.06351,
1413394949355760640,-2.58401,-0.39485,0.55779,-0.37353,-0.57620,0.66932,-0.28369,0.32964,-0.25821,-0.09763,
1413394949555760384,-2.51467,-0.50497,0.55231,-0.41041,-0.55820,0.65096,-0.31021,0.36036,-0.78554,0.04963,
1413394949755760384,-2.43275,-0.66982,0.57383,-0.49417,-0.50703,0.59179,-0.38535,0.47941,-0.77756,0.09758,
1413394949955760384,-2.32237,-0.79959,0.58719,-0.49114,-0.48775,0.58520,-0.42241,0.60840,-0.46543,0.04577,
1413394950155760640,-2.20047,-0.85765,0.60058,-0.44262,-0.49721,0.58965,-0.45736,0.57114,-0.12685,0.02033,
1413394950355760640,-2.11401,-0.85472,0.60676,-0.37024,-0.55982,0.61515,-0.41366,0.31108,-0.00616,0.04736,
1413394950555760384,-2.06877,-0.87674,0.62052,-0.35427,-0.61363,0.61460,-0.34673,0.22383,-0.30110,0.12090,
1413394950755760384,-2.02071,-0.97301,0.65613,0.39023,0.61031,-0.58495,0.36479,0.32949,-0.69660,0.27652,
1413394950955760384,-1.95114,-1.11800,0.71481,0.45814,0.56898,-0.50542,0.45925,0.46351,-0.59938,0.29243,
1413394951155760640,-1.84829,-1.18747,0.77186,0.46429,0.55513,-0.44586,0.52676,0.54829,-0.02373,0.26378,
1413394951355760640,-1.74409,-1.13278,0.82015,0.37099,0.61679,-0.47038,0.51057,0.44648,0.49831,0.21016,
1413394951555760384,-1.66511,-1.02923,0.86904,0.26829,0.69782,-0.52107,0.41177,0.37222,0.41529,0.32051,
1413394951755760384,-1.58525,-1.00679,0.94244,0.22845,0.72106,-0.54654,0.35940,0.44977,-0.27124,0.48978,
1413394951955760384,-1.47631,-1.13079,1.05630,0.30699,0.68694,-0.50650,0.42111,0.59623,-0.88367,0.63291,
1413394952155760640,-1.35906,-1.31013,1.16661,0.37875,0.62660,-0.45868,0.50351,0.60215,-0.82110,0.41653,
1413394952355760640,-1.22959,-1.44016,1.20647,0.35234,0.63425,-0.47362,0.49927,0.57998,-0.57641,0.03581,
1413394952555760384,-1.12667,-1.53515,1.21397,0.28941,0.66904,-0.48958,0.47849,0.46196,-0.55343,0.13054,
1413394952755760384,-1.03730,-1.64872,1.27088,0.30514,0.69100,-0.45596,0.47065,0.43337,-0.69941,0.35309,
1413394952955760384,-0.96440,-1.74781,1.35300,0.34636,0.65506,-0.40937,0.53230,0.42963,-0.57684,0.20907,
1413394953155760640,-0.89172,-1.83098,1.36762,0.36935,0.62247,-0.38075,0.57544,0.29081,-0.17348,0.06382,
1413394953355760640,-0.84600,-1.81645,1.41275,0.38386,0.60145,-0.36935,0.59539,0.05723,0.50205,0.46912,
1413394953555760384,-0.88463,-1.62579,1.47699,0.34896,0.65211,-0.40934,0.53424,-0.13187,0.98161,-0.00908,
1413394953755760384,-0.88322,-1.44631,1.40068,0.28928,0.72210,-0.46122,0.42680,-0.06733,0.97408,-0.75563,
1413394953955760384,-0.84961,-1.30255,1.23478,0.27576,0.73635,-0.47244,0.39818,0.17860,0.62484,-0.96484,
1413394954155760640,-0.78260,-1.21359,1.04796,0.32715,0.69289,-0.43303,0.47472,0.37039,0.42167,-0.87539,
1413394954355760640,-0.70497,-1.11595,0.87558,0.36736,0.64528,-0.39254,0.54274,0.37946,0.65669,-0.77423,
1413394954555760384,-0.64835,-0.94942,0.75027,0.33812,0.65994,-0.41541,0.52687,0.27112,1.03135,-0.53577,
1413394954755760384,-0.61619,-0.70190,0.64026,0.25484,0.71409,-0.48692,0.43363,0.23363,0.98973,-0.54772,
1413394954955760384,-0.56360,-0.54893,0.52961,0.26698,0.71547,-0.49326,0.41657,0.31861,0.49570,-0.55976,
1413394955155760640,-0.48307,-0.46183,0.41676,0.32820,0.68227,-0.43212,0.48995,0.44301,0.39784,-0.56790,
1413394955355760640,-0.41128,-0.37435,0.31520,0.31116,0.67942,-0.37811,0.54644,0.42140,0.62174,-0.46044,
1413394955555760384,-0.34196,-0.24305,0.24915,0.17923,0.73363,-0.41135,0.51036,0.22453,0.56885,-0.17341,
1413394955755760384,-0.30859,-0.19687,0.24533,0.17001,0.78364,-0.39411,0.44908,0.22505,-0.04555,0.12375,
1413394955905760512,-0.26906,-0.20894,0.27516,0.21904,0.77949,-0.35999,0.46349,0.40642,-0.30889,0.21957,
1413394956005760512,-0.23299,-0.23704,0.29914,0.24314,0.75919,-0.34593,0.49482,0.50111,-0.37414,0.26622,
1413394956205760512,-0.12749,-0.32001,0.34714,0.27147,0.70734,-0.31559,0.57129,0.51034,-0.22717,0.26858,
1413394956405760512,-0.05483,-0.33428,0.40393,0.23333,0.70093,-0.28993,0.60844,0.31477,0.07750,0.15116,
1413394956605760512,-0.01644,-0.30225,0.40862,0.17413,0.76643,-0.26254,0.55977,0.10686,0.18544,-0.08545,
1413394956705760512,-0.00093,-0.22621,0.37377,0.15356,0.80581,-0.25179,0.51350,0.12228,0.19562,-0.08916,
1413394956805760256,0.01236,-0.27099,0.39401,0.13779,0.83098,-0.24343,0.48086,0.25473,0.05268,0.01274,
1413394956905760512,-0.02280,-0.30033,0.36453,0.13460,0.83139,-0.22814,0.48850,0.36710,-0.08774,0.07988,
1413394957005760512,0.03693,-0.31060,0.35570,0.14010,0.82042,-0.21847,0.50946,0.51715,-0.15601,0.11053,
1413394957105760512,0.09685,-0.32478,0.35458,0.14712,0.79995,-0.21050,0.54233,0.59171,-0.18343,0.14564,
1413394957205760512,0.15117,-0.34419,0.37236,0.15321,0.77170,-0.20424,0.58248,0.56876,-0.17015,0.17996,
1413394957305760256,0.19574,-0.35822,0.39631,0.15559,0.74192,-0.19930,0.62099,0.45069,-0.10801,0.21860,
1413394957405760512,0.23096,-0.36438,0.41816,0.15599,0.71258,-0.19608,0.65532,0.24748,-0.01661,0.21175,
1413394957505760512,0.24356,-0.36154,0.43758,0.14946,0.71042,-0.19907,0.65828,0.01698,0.07919,0.16800,
1413394957605760512,0.24253,-0.35144,0.45498,0.13387,0.74144,-0.20619,0.62436,-0.18882,0.15742,0.14687,
1413394957705760512,0.23160,-0.34078,0.47215,0.12016,0.78229,-0.20669,0.57521,-0.26181,0.16107,0.08410,
1413394957805760256,0.22876,-0.33002,0.48263,0.10513,0.81833,-0.20342,0.52716,-0.19845,0.11809,0.03470,
1413394957905760512,0.22475,-0.32544,0.48917,0.09208,0.83069,-0.19460,0.51342,-0.06608,0.03911,0.03734,
1413394958005760512,0.23505,-0.32952,0.49447,0.07867,0.82383,-0.18005,0.53170,0.06462,-0.04954,0.01785,
1413394958105760512,0.25331,-0.34205,0.49944,0.06702,0.80034,-0.15776,0.57452,0.11165,-0.12076,0.02939,
1413394958205760512,0.26305,-0.35815,0.50224,0.05592,0.76989,-0.12888,0.62252,0.03583,-0.14490,0.01318,
1413394958305760256,0.26291,-0.37347,0.50615,0.04668,0.74618,-0.09755,0.65691,-0.12201,-0.15748,0.04566,
1413394958405760512,0.24140,-0.38907,0.51268,0.03535,0.74274,-0.07020,0.66495,-0.34235,-0.15037,0.01292,
1413394958505760512,0.19723,-0.40162,0.51259,0.01970,0.78232,-0.04957,0.62059,-0.52243,-0.14534,-0.03450,
1413394958605760512,0.14145,-0.41668,0.51121,0.00225,0.83156,-0.03248,0.55448,-0.56758,-0.15717,-0.01844,
1413394958705760512,0.08973,-0.43324,0.51223,-0.01320,0.86767,-0.01685,0.49668,-0.42710,-0.18744,0.03969,
1413394958805760256,0.05683,-0.45155,0.51836,-0.02148,0.88297,0.00224,0.46893,-0.17529,-0.19832,0.09721,
1413394958905760512,0.05071,-0.47050,0.53029,-0.02078,0.88112,0.02754,0.47163,0.11904,-0.20068,0.16595,
1413394959005760512,0.07371,-0.48859,0.54938,-0.01588,0.85851,0.05791,0.50928,0.32695,-0.15535,0.20661,
1413394959105760512,0.11382,-0.49985,0.57031,-0.02341,0.82583,0.07905,0.55786,0.42343,-0.06362,0.21456,
1413394959205760512,0.15647,-0.50414,0.59156,-0.04497,0.78968,0.08916,0.60534,0.37890,-0.00792,0.23262,
1413394959305760256,0.18995,-0.50375,0.61286,-0.06793,0.75469,0.09802,0.64516,0.23785,0.00116,0.23381,
1413394959405760512,0.20646,-0.50527,0.62906,-0.08311,0.75640,0.11053,0.63932,0.06162,-0.02170,0.14027,
1413394959505760512,0.20573,-0.50911,0.64055,-0.09044,0.79486,0.12721,0.58638,-0.06626,-0.04017,0.10935,
1413394959605760512,0.20090,-0.51046,0.65157,-0.09289,0.83645,0.14601,0.52001,-0.02574,0.00141,0.13106,
1413394959705760512,0.20732,-0.51031,0.66746,-0.09552,0.86056,0.16539,0.47219,0.13212,0.05487,0.17707,
1413394959805760256,0.22877,-0.49573,0.68368,-0.09314,0.85878,0.19449,0.46475,0.37048,0.17662,0.19124,
1413394959905760512,0.27730,-0.47073,0.69966,-0.09764,0.83231,0.22475,0.49721,0.52563,0.32311,0.13347,
1413394960005760512,0.33495,-0.42981,0.70571,-0.12873,0.79401,0.23548,0.54547,0.57495,0.44243,0.05540,
1413394960105760512,0.39053,-0.38457,0.70672,-0.16937,0.75005,0.24318,0.59127,0.50442,0.46189,-0.02148,
1413394960205760512,0.43566,-0.34099,0.70293,-0.20193,0.72125,0.25909,0.60984,0.37011,0.41050,-0.05071,
1413394960305760256,0.46408,-0.30396,0.69758,-0.22551,0.71432,0.28448,0.59830,0.20632,0.32272,-0.06116,
1413394960405760512,0.47661,-0.27496,0.68430,-0.23826,0.72467,0.31820,0.56289,0.09716,0.24494,-0.14783,
1413394960505760512,0.47807,-0.25151,0.65895,-0.24140,0.74324,0.35721,0.51158,0.04531,0.21631,-0.28453,
1413394960605760512,0.47908,-0.22794,0.62971,-0.24178,0.75850,0.39470,0.45873,0.08421,0.27720,-0.34810,
1413394960705760512,0.48794,-0.19244,0.60013,-0.24277,0.76000,0.42785,0.42474,0.17832,0.42728,-0.30485,
1413394960805760256,0.50968,-0.13766,0.57878,-0.25699,0.73472,0.45085,0.43690,0.28510,0.62994,-0.17587,
1413394960905760512,0.53569,-0.07041,0.57024,-0.29129,0.69699,0.45159,0.47479,0.30670,0.72104,-0.12021,
1413394961005760512,0.56065,0.00128,0.56558,-0.32494,0.66354,0.44089,0.50965,0.27399,0.69298,-0.06715,
1413394961105760512,0.58357,0.06424,0.55581,-0.34477,0.64555,0.43243,0.52669,0.21087,0.59763,-0.11009,
1413394961205760512,0.62401,0.11383,0.53400,-0.34491,0.65053,0.43945,0.51452,0.20155,0.46581,-0.17426,
1413394961305760256,0.58129,0.16555,0.54052,-0.30967,0.68221,0.45059,0.48544,0.03684,0.43650,-0.19087,
1413394961405760512,0.62448,0.20078,0.51392,-0.28755,0.70421,0.47292,0.44469,0.10960,0.46320,-0.16133,
1413394961505760512,0.62970,0.25878,0.50812,-0.26612,0.70114,0.48735,0.44728,0.11737,0.63262,-0.06672,
1413394961605760512,0.63630,0.33111,0.50796,-0.26847,0.67896,0.48812,0.47819,0.06294,0.77272,-0.00870,
1413394961705760512,0.63615,0.41030,0.51038,-0.29988,0.65646,0.46744,0.51053,-0.03467,0.81234,0.00581,
1413394961805760256,0.62904,0.48756,0.51314,-0.33697,0.63661,0.43934,0.53680,-0.12861,0.73487,-0.00800,
1413394961905760512,0.61320,0.55367,0.51454,-0.36006,0.63009,0.41909,0.54562,-0.21813,0.58531,-0.01427,
1413394962005760512,0.59488,0.60956,0.51778,-0.36654,0.63776,0.41240,0.53744,-0.27183,0.41300,-0.02217,
1413394962105760512,0.57190,0.65199,0.51779,-0.34792,0.66285,0.42500,0.50888,-0.30359,0.28508,-0.02674,
1413394962205760512,0.54645,0.68840,0.51755,-0.32122,0.68368,0.44148,0.48425,-0.29807,0.24783,0.01088,
1413394962305760256,0.51804,0.72027,0.52273,-0.30356,0.69404,0.45089,0.47208,-0.29567,0.28144,0.06950,
1413394962405760512,0.49127,0.75748,0.53816,-0.30790,0.68121,0.44560,0.49254,-0.30022,0.35172,0.20458,
1413394962505760512,0.46025,0.79373,0.56148,-0.33353,0.64932,0.42530,0.53504,-0.35475,0.30460,0.24358,
1413394962605760512,0.42021,0.81779,0.58418,-0.35664,0.62632,0.40699,0.56114,-0.45438,0.14533,0.20180,
1413394962705760512,0.36960,0.82126,0.59991,-0.35747,0.63606,0.40888,0.54814,-0.54948,-0.03989,0.10851,
1413394962805760256,0.31288,0.81338,0.60786,-0.34177,0.66682,0.42410,0.50860,-0.59218,-0.15419,0.06208,
1413394962905760512,0.25367,0.79705,0.60966,-0.32116,0.68831,0.44616,0.47331,-0.58499,-0.16668,0.03683,
1413394963005760512,0.19601,0.78169,0.61298,-0.31611,0.68369,0.45995,0.47020,-0.56448,-0.12290,0.05128,
1413394963105760512,0.14088,0.76535,0.61187,-0.33634,0.65437,0.45436,0.50222,-0.56543,-0.11510,0.00221,
1413394963205760512,0.08036,0.74944,0.60425,-0.36170,0.62713,0.44135,0.53019,-0.61905,-0.21833,-0.14531,
1413394963305760256,0.01485,0.72149,0.58038,-0.36398,0.62663,0.44374,0.52721,-0.67362,-0.34092,-0.33430,
1413394963405760512,-0.05586,0.68258,0.53859,-0.33875,0.65151,0.46453,0.49497,-0.71875,-0.42704,-0.45236,
1413394963505760512,-0.12757,0.63701,0.48895,-0.30942,0.67923,0.48521,0.45550,-0.73007,-0.42488,-0.50884,
1413394963605760512,-0.19901,0.59917,0.44109,-0.29006,0.69447,0.49582,0.43328,-0.70357,-0.29369,-0.41932,
1413394963705760512,-0.26895,0.57773,0.40723,-0.30048,0.68351,0.48693,0.45323,-0.67643,-0.14168,-0.31024,
1413394963805760256,-0.33695,0.56701,0.37842,-0.32904,0.65506,0.46545,0.49597,-0.70987,-0.10474,-0.25083,
1413394963905760512,-0.40898,0.55549,0.34748,-0.35442,0.64014,0.44416,0.51705,-0.75946,-0.17423,-0.34050,
1413394964005760512,-0.48624,0.53239,0.30734,-0.34622,0.65888,0.44758,0.49566,-0.77621,-0.25422,-0.40879,
1413394964105760512,-0.56385,0.50621,0.26822,-0.31600,0.68857,0.46524,0.45779,-0.77624,-0.25799,-0.38284,
1413394964205760512,-0.63868,0.48656,0.23502,-0.28922,0.70823,0.47898,0.43052,-0.72058,-0.13606,-0.25550,
1413394964305760256,-0.70982,0.48171,0.21744,-0.28817,0.69953,0.47823,0.44600,-0.67856,0.04123,-0.09088,
1413394964405760512,-0.78670,0.48472,0.20627,-0.31566,0.67321,0.45919,0.48610,-0.69138,0.10401,-0.00993,
1413394964505760512,-0.86573,0.48864,0.19934,-0.34975,0.64875,0.43434,0.51783,-0.73094,0.02505,-0.04597,
1413394964605760512,-0.94692,0.48248,0.18811,-0.36183,0.65739,0.42747,0.50417,-0.76565,-0.09183,-0.11352,
1413394964705760512,-1.02174,0.46460,0.18102,-0.34842,0.68963,0.43901,0.45857,-0.73535,-0.16443,-0.09423,
1413394964805760256,-1.09365,0.44622,0.17581,-0.32654,0.72056,0.45234,0.41178,-0.62864,-0.13923,-0.04647,
1413394964905760512,-1.15325,0.43873,0.17641,-0.31313,0.74140,0.45630,0.37955,-0.46181,-0.00382,0.03304,
1413394965005760512,-1.19179,0.44896,0.18559,-0.31602,0.74829,0.44882,0.37249,-0.22085,0.21021,0.17888,
1413394965105760512,-1.21270,0.47681,0.20747,-0.32900,0.72093,0.44198,0.42032,-0.04687,0.34871,0.29029,
1413394965205760512,-1.22897,0.50455,0.23679,-0.35588,0.67722,0.43424,0.47556,-0.01622,0.34810,0.31336,
1413394965305760256,-1.23734,0.53281,0.26401,-0.37480,0.64265,0.43989,0.50301,-0.04164,0.25466,0.25593,
1413394965405760512,-1.24423,0.55230,0.28492,-0.37058,0.63159,0.47035,0.49248,-0.08567,0.14461,0.19056,
1413394965505760512,-1.25820,0.56213,0.30441,-0.36977,0.62516,0.50124,0.47032,-0.13392,0.09357,0.23351,
1413394965605760512,-1.27447,0.56424,0.33160,-0.39373,0.60707,0.51761,0.45664,-0.18524,0.04498,0.31149,
1413394965705760512,-1.29191,0.55974,0.36576,-0.43606,0.57578,0.52451,0.45079,-0.18979,-0.05879,0.31210,
1413394965805760256,-1.30986,0.54574,0.38924,-0.45290,0.55119,0.55032,0.43383,-0.17654,-0.19615,0.14959,
1413394965905760512,-1.32617,0.52183,0.39770,-0.44966,0.53395,0.58683,0.41028,-0.16868,-0.28106,0.06249,
1413394966005760512,-1.34342,0.48867,0.40638,-0.46992,0.50411,0.60206,0.40319,-0.17448,-0.35767,0.06180,
1413394966105760512,-1.35927,0.44649,0.41082,0.50539,-0.47095,-0.60144,-0.40132,-0.16303,-0.49578,-0.04203,
1413394966205760512,-1.37287,0.38869,0.40015,0.50303,-0.46138,-0.62731,-0.37492,-0.13793,-0.63546,-0.18401,
1413394966305760256,-1.38542,0.31895,0.37754,-0.47361,0.46797,0.66978,0.32877,-0.12918,-0.71650,-0.28424,
1413394966405760512,-1.40101,0.24809,0.34878,-0.43287,0.47627,0.71339,0.27725,-0.16292,-0.65303,-0.29231,
1413394966505760512,-1.42190,0.19351,0.32534,-0.41572,0.47104,0.73832,0.24532,-0.25590,-0.41887,-0.14216,
1413394966605760512,-1.45105,0.16423,0.31687,-0.44857,0.44500,0.73327,0.25114,-0.32990,-0.18319,-0.03471,
1413394966705760512,-1.48608,0.15058,0.31698,0.50290,-0.40843,-0.71113,-0.27308,-0.35731,-0.12330,-0.00252,
1413394966805760256,-1.52254,0.13267,0.31370,0.54829,-0.37590,-0.69089,-0.28416,-0.32394,-0.17968,-0.03562,
1413394966905760512,-1.55000,0.11203,0.30605,0.56127,-0.35648,-0.69431,-0.27536,-0.25282,-0.27022,-0.11363,
1413394967005760512,-1.57023,0.08231,0.29283,0.53670,-0.34647,-0.72682,-0.25228,-0.20613,-0.32295,-0.10976,
1413394967105760512,-1.59036,0.05055,0.28226,0.50069,-0.33813,-0.76469,-0.22414,-0.21847,-0.32773,-0.06934,
1413394967205760512,-1.61612,0.02153,0.28148,-0.49427,0.31944,0.78145,0.20735,-0.31610,-0.25138,0.07165,
1413394967305760256,-1.65201,0.00175,0.29384,0.52878,-0.29105,-0.77076,-0.20399,-0.39940,-0.19516,0.17453,
1413394967405760512,-1.69238,-0.01789,0.31473,0.58171,-0.25870,-0.74323,-0.20568,-0.38150,-0.22508,0.23098,
1413394967505760512,-1.72493,-0.04302,0.33665,0.61459,-0.23604,-0.72772,-0.19231,-0.27110,-0.32022,0.16375,
1413394967605760512,-1.74571,-0.07967,0.34915,0.59801,-0.22488,-0.75170,-0.16358,-0.14042,-0.40284,0.12249,
1413394967705760512,-1.75421,-0.12072,0.36067,0.55444,-0.21260,-0.79292,-0.13668,-0.09272,-0.41082,0.16853,
1413394967805760256,-1.75964,-0.16248,0.38409,0.54525,-0.19241,-0.80726,-0.11841,-0.12437,-0.37197,0.29062,
1413394967905760512,-1.76811,-0.19959,0.41744,0.57046,-0.16285,-0.79771,-0.10827,-0.15982,-0.36762,0.35496,
1413394968005760512,-1.77331,-0.23305,0.45557,0.60213,-0.13049,-0.78186,-0.09545,-0.10755,-0.38329,0.34623,
1413394968105760512,-1.77534,-0.27749,0.48070,0.59625,-0.10523,-0.79223,-0.07603,-0.01210,-0.41030,0.16595,
1413394968205760512,-1.77675,-0.31947,0.48751,0.56575,-0.08951,-0.81777,-0.05624,-0.00017,-0.39997,0.03926,
1413394968305760256,-1.78164,-0.35718,0.48624,0.55164,-0.07630,-0.82941,-0.04413,-0.05459,-0.38085,-0.00902,
1413394968405760512,-1.78744,-0.39496,0.48108,0.55441,-0.06054,-0.82930,-0.03504,-0.10849,-0.37144,-0.08669,
1413394968505760512,-1.79918,-0.43254,0.47186,0.56019,-0.04636,-0.82674,-0.02338,-0.15991,-0.36248,-0.10339,
1413394968605760512,-1.81603,-0.46927,0.46325,0.55309,-0.03516,-0.83228,-0.01296,-0.20988,-0.33103,-0.09861,
1413394968705760512,-1.83913,-0.49934,0.45680,0.54516,-0.02236,-0.83793,-0.01313,-0.28693,-0.30583,-0.05993,
1413394968805760256,-1.87290,-0.53376,0.45283,0.54962,-0.00690,-0.83499,-0.02575,-0.36959,-0.32516,-0.03102,
1413394968905760512,-1.91499,-0.56841,0.45210,0.55884,-0.00428,-0.82893,-0.02343,-0.44011,-0.37262,-0.00167,
1413394969005760512,-1.96138,-0.60691,0.45485,0.57390,-0.00444,-0.81887,-0.00811,-0.46632,-0.40974,0.01556,
1413394969155760640,-2.03336,-0.67010,0.45323,0.59119,0.00496,-0.80638,0.01497,-0.46623,-0.40748,-0.09503,
1413394969355760640,-2.12026,-0.74580,0.40063,0.60976,0.01930,-0.79178,0.03018,-0.36072,-0.34567,-0.38544,
1413394969555760384,-2.17313,-0.81002,0.31368,0.61494,0.03814,-0.78752,0.01438,-0.16194,-0.31392,-0.45918,
1413394969755760384,-2.18792,-0.88359,0.23010,0.58070,0.06102,-0.81143,-0.02526,-0.04622,-0.44932,-0.36729,
1413394969955760384,-2.20343,-1.00146,0.16923,0.56091,0.05145,-0.82602,-0.02061,-0.07486,-0.69790,-0.21857,
1413394970155760640,-2.23623,-1.14717,0.17067,0.54739,0.02741,-0.83641,0.00495,-0.23973,-0.80212,0.11468,
1413394970355760640,-2.29799,-1.30098,0.20859,0.58747,0.01274,-0.80874,0.02570,-0.34151,-0.78998,0.10582,
1413394970555760384,-2.35690,-1.44455,0.20978,0.62330,-0.01447,-0.77899,0.06672,-0.18878,-0.63211,-0.13878,
1413394970755760384,-2.37600,-1.54108,0.17916,0.62944,-0.02896,-0.77171,0.08619,0.01224,-0.28820,-0.17006,
1413394970955760384,-2.35566,-1.58108,0.14725,0.59331,0.01260,-0.80467,0.01817,0.18883,-0.08911,-0.02831,
1413394971155760640,-2.32227,-1.61329,0.16673,0.55878,0.02221,-0.82897,-0.00904,0.16927,-0.17312,0.19860,
1413394971355760640,-2.30153,-1.65246,0.19779,0.50997,0.01234,-0.86009,-0.00536,-0.04212,-0.24724,0.04841,
1413394971555760384,-2.35443,-1.70482,0.20656,-0.48528,0.00345,0.87430,-0.00937,-0.49837,-0.28637,0.08260,
1413394971755760384,-2.49081,-1.75004,0.23695,0.54104,-0.03047,-0.83971,0.03500,-0.81929,-0.14900,0.17788,
1413394971955760384,-2.65716,-1.75175,0.27254,0.60332,-0.06312,-0.79442,0.03038,-0.80654,0.09968,0.14700,
1413394972155760640,-2.79674,-1.70701,0.28390,0.63351,-0.10934,-0.76591,-0.00964,-0.56017,0.31805,-0.05105,
1413394972355760640,-2.87510,-1.62208,0.25929,0.63496,-0.18062,-0.74824,-0.06585,-0.20985,0.49247,-0.19161,
1413394972555760384,-2.88337,-1.50757,0.20713,0.59621,-0.27049,-0.74556,-0.12458,0.12987,0.61315,-0.27833,
1413394972755760384,-2.83816,-1.37256,0.16172,0.53591,-0.34351,-0.74150,-0.21208,0.27870,0.73378,-0.12324,
1413394972955760384,-2.78683,-1.22700,0.14309,-0.49426,0.40096,0.70852,0.30486,0.23312,0.69476,-0.06949,
1413394973055760384,-2.76834,-1.15773,0.13617,-0.47737,0.43777,0.68515,0.33325,0.18457,0.65667,-0.07902,
1413394973155760640,-2.75364,-1.09240,0.12887,-0.46119,0.47773,0.65918,0.35293,0.12728,0.61839,-0.09322,
1413394973255760384,-2.73713,-1.03097,0.11987,-0.44509,0.51968,0.63106,0.36550,0.11226,0.60579,-0.08338,
1413394973355760640,-2.72142,-0.97027,0.11241,-0.42802,0.55735,0.60121,0.38041,0.11326,0.60117,-0.05941,
1413394973455760384,-2.70118,-0.91325,0.10874,-0.41030,0.59020,0.56923,0.39912,0.13004,0.61245,-0.03839,
1413394973555760384,-2.66919,-0.85517,0.11421,-0.39085,0.62090,0.53632,0.41723,0.17588,0.62360,-0.00659,
1413394973655760640,-2.64411,-0.79427,0.11564,-0.36556,0.64935,0.50469,0.43589,0.20803,0.62151,0.01599,
1413394973755760384,-2.61530,-0.73330,0.11539,-0.34105,0.67155,0.47010,0.46012,0.23269,0.62794,0.04961,
1413394973855760640,-2.59219,-0.66947,0.11967,-0.31896,0.69336,0.43160,0.48088,0.23223,0.62227,0.05184,
1413394973955760384,-2.56823,-0.60866,0.12504,-0.29609,0.71528,0.39290,0.49632,0.23665,0.60652,0.06943,
1413394974055760384,-2.54214,-0.55301,0.13163,-0.27328,0.73450,0.35355,0.51071,0.24919,0.55193,0.07958,
1413394974155760640,-2.51459,-0.49797,0.13945,-0.25228,0.75183,0.31260,0.52287,0.26504,0.52653,0.09710,
1413394974255760384,-2.49719,-0.39359,0.14189,-0.22960,0.76716,0.26937,0.53496,0.25248,0.56377,0.08532,
1413394974355760640,-2.45165,-0.38479,0.15816,-0.21203,0.78318,0.22761,0.53840,0.32941,0.44011,0.12891,
1413394974455760384,-2.41705,-0.34629,0.17049,-0.19033,0.79704,0.18556,0.54228,0.37357,0.37001,0.15604,
1413394974555760384,-2.37500,-0.30934,0.18434,-0.16721,0.80649,0.14528,0.54818,0.42642,0.28402,0.18027,
1413394974655760640,-2.33089,-0.28719,0.20186,-0.14049,0.80604,0.10982,0.56436,0.46984,0.19907,0.19254,
1413394974755760384,-2.28718,-0.27690,0.21738,-0.11091,0.80630,0.07959,0.57554,0.46557,0.10560,0.15693,
1413394974855760640,-2.24653,-0.27944,0.22702,-0.08127,0.80980,0.05351,0.57858,0.44801,0.03145,0.10783,
1413394974955760384,-2.20674,-0.28198,0.22863,-0.04932,0.81356,0.03230,0.57849,0.43023,-0.00392,-0.02185,
1413394975055760384,-2.17094,-0.28962,0.21628,-0.02275,0.81224,0.01282,0.58274,0.40117,-0.02052,-0.14375,
1413394975155760640,-2.13699,-0.29581,0.19263,-0.00136,0.80376,-0.00484,0.59493,0.35766,-0.02176,-0.25375,
1413394975255760384,-2.10611,-0.30083,0.15922,0.01286,0.79638,-0.02370,0.60419,0.29996,-0.01617,-0.36163,
1413394975355760640,-2.07874,-0.30205,0.11956,0.02677,0.79305,-0.04044,0.60723,0.22318,-0.00321,-0.37646,
1413394975455760384,-2.05634,-0.30153,0.08089,0.04197,0.79642,-0.05391,0.60087,0.17445,0.01120,-0.37456,
1413394975555760384,-2.04192,-0.29832,0.04537,0.05584,0.80343,-0.06448,0.58926,0.11831,0.04822,-0.33717,
1413394975655760640,-2.02882,-0.29134,0.01367,0.06378,0.81065,-0.07198,0.57758,0.11958,0.09675,-0.27659,
1413394975805760256,-2.00328,-0.27107,-0.02189,0.06875,0.81743,-0.07839,0.56652,0.16630,0.15536,-0.19577,
1413394975955760384,-1.97027,-0.24526,-0.03962,0.07177,0.81012,-0.07689,0.57675,0.21801,0.20208,-0.06925,
1413394976155760640,-1.92960,-0.19863,-0.04961,0.07207,0.79430,-0.07216,0.59890,0.16167,0.27728,-0.08167,
1413394976355760640,-1.90588,-0.13504,-0.06251,0.07375,0.79320,-0.06676,0.60078,0.06469,0.35877,-0.05329,
1413394976505760512,-1.90251,-0.07547,-0.06774,0.07394,0.77813,-0.06413,0.62043,-0.05290,0.43239,-0.03459,
1413394976705760512,-1.93627,0.02273,-0.07173,0.05886,0.76404,-0.07271,0.63835,-0.31989,0.53398,-0.03209,
1413394976805760256,-1.97491,0.07837,-0.07258,0.04186,0.77705,-0.08526,0.62223,-0.45246,0.53141,-0.02757,
1413394976905760512,-2.02198,0.13213,-0.07399,0.02213,0.80430,-0.10110,0.58514,-0.52326,0.48668,-0.03025,
1413394977005760512,-2.07164,0.17945,-0.07472,0.00903,0.83426,-0.11661,0.53882,-0.49672,0.38859,0.02065,
1413394977155760640,-2.13041,0.22110,-0.06206,-0.00444,0.86433,-0.14171,0.48252,-0.28803,0.13731,0.10878,
1413394977305760256,-2.14152,0.21368,-0.03034,0.00947,0.88013,-0.14508,0.45192,0.13947,-0.21506,0.28494,
1413394977505760512,-2.05593,0.14383,0.04606,0.06534,0.88223,-0.10895,0.45335,0.71602,-0.41337,0.44804,
1413394977705760512,-1.84291,0.04841,0.14150,0.07674,0.87907,-0.10352,0.45894,1.30866,-0.47221,0.52415,
1413394977905760512,-1.51770,-0.05842,0.25177,0.08769,0.85363,-0.09488,0.50461,1.76744,-0.46161,0.58217,
1413394978105760512,-1.13818,-0.14482,0.36031,0.10210,0.81876,-0.08512,0.55853,1.91398,-0.35252,0.51344,
1413394978205760512,-0.94110,-0.17723,0.40471,0.10738,0.81147,-0.08156,0.56862,1.92821,-0.27196,0.38708,
1413394978305760256,-0.74445,-0.20082,0.43756,0.11006,0.80890,-0.07918,0.57210,1.92703,-0.18060,0.27360,
1413394978405760512,-0.55224,-0.21622,0.46348,0.11043,0.80812,-0.07789,0.57330,1.90615,-0.08481,0.15802,
1413394978505760512,-0.36246,-0.22161,0.47796,0.10570,0.80829,-0.07849,0.57387,1.88813,0.00302,0.06027,
1413394978605760512,-0.17273,-0.22016,0.48959,0.09598,0.80814,-0.08248,0.57524,1.88080,0.08527,0.06887,
1413394978705760512,0.01534,-0.21196,0.50425,0.08020,0.80788,-0.09134,0.57667,1.85781,0.13966,0.11267,
1413394978805760256,0.20167,-0.19875,0.52159,0.06618,0.80654,-0.09996,0.57890,1.82798,0.15497,0.14987,
1413394978905760512,0.38358,-0.18320,0.53948,0.05889,0.80494,-0.10576,0.58087,1.79043,0.15250,0.16342,
1413394979005760512,0.56372,-0.17112,0.55457,0.05689,0.79897,-0.10971,0.58854,1.76009,0.12895,0.09489,
1413394979105760512,0.73479,-0.16010,0.56136,0.05844,0.78678,-0.11239,0.60410,1.67669,0.11389,-0.00822,
1413394979205760512,0.90174,-0.14771,0.55857,0.05415,0.76876,-0.11835,0.62615,1.55919,0.11031,-0.08108,
1413394979305760256,1.05567,-0.13682,0.54910,0.04593,0.75105,-0.12409,0.64685,1.41253,0.07963,-0.14119,
1413394979405760512,1.18597,-0.13036,0.53979,0.03463,0.73194,-0.12952,0.66805,1.17784,0.04405,-0.08966,
1413394979505760512,1.28932,-0.12816,0.53759,0.02764,0.71024,-0.12989,0.69132,0.85052,-0.01610,0.02522,
1413394979605760512,1.35073,-0.13155,0.54798,0.03054,0.69248,-0.12230,0.71033,0.48092,-0.07051,0.13756,
1413394979705760512,1.36915,-0.13801,0.56985,0.03872,0.69035,-0.11139,0.71380,0.06279,-0.09459,0.23607,
1413394979805760256,1.34159,-0.14473,0.59611,0.05940,0.71767,-0.09712,0.68701,-0.34987,-0.08682,0.31780,
1413394979905760512,1.28408,-0.14921,0.63057,0.08884,0.76004,-0.08302,0.63840,-0.59778,-0.03404,0.39643,
1413394980005760512,1.21429,-0.14560,0.66825,0.10712,0.78754,-0.07799,0.60184,-0.69276,0.06641,0.39861,
1413394980105760512,1.13994,-0.13087,0.69837,0.11565,0.79547,-0.07819,0.58969,-0.71198,0.17442,0.32996,
1413394980205760512,1.06327,-0.10398,0.71884,0.11888,0.78870,-0.08030,0.59780,-0.74513,0.29306,0.22484,
1413394980305760256,0.98308,-0.06418,0.72655,0.11430,0.77896,-0.08622,0.61052,-0.77952,0.40778,0.11407,
1413394980405760512,0.89944,-0.01696,0.72590,0.10940,0.77706,-0.09180,0.61301,-0.85059,0.50270,0.00814,
1413394980505760512,0.80719,0.03801,0.72147,0.10106,0.78473,-0.09947,0.60340,-0.90470,0.58685,-0.01041,
1413394980605760512,0.71105,0.09943,0.71960,0.08727,0.79412,-0.11023,0.59128,-0.94077,0.63283,0.02270,
1413394980705760512,0.61516,0.16289,0.72359,0.07661,0.79983,-0.11785,0.58353,-0.94397,0.63405,0.07373,
1413394980805760256,0.52142,0.22590,0.73316,0.07143,0.80321,-0.12092,0.57891,-0.93112,0.61968,0.11333,
1413394980905760512,0.42902,0.29046,0.74247,0.06839,0.80464,-0.12261,0.57693,-0.91620,0.60181,0.11393,
1413394981005760512,0.33794,0.35023,0.74867,0.06533,0.80602,-0.12421,0.57500,-0.88399,0.57236,0.02365,
1413394981105760512,0.24850,0.40583,0.74521,0.05878,0.80631,-0.12845,0.57438,-0.85532,0.53115,-0.07769,
1413394981205760512,0.16064,0.45590,0.73118,0.05200,0.80718,-0.13293,0.57278,-0.84083,0.47439,-0.18257,
1413394981305760256,0.07310,0.49542,0.70666,0.04937,0.80794,-0.13555,0.57133,-0.82047,0.39060,-0.26211,
1413394981405760512,-0.00995,0.52720,0.67992,0.05991,0.80934,-0.13050,0.56952,-0.80281,0.31316,-0.23092,
1413394981505760512,-0.09071,0.55449,0.65593,0.07281,0.81013,-0.12601,0.56790,-0.76762,0.27471,-0.19011,
1413394981605760512,-0.16583,0.57967,0.63537,0.07731,0.81167,-0.12720,0.56483,-0.72855,0.25542,-0.18533,
1413394981705760512,-0.23763,0.60236,0.61470,0.08019,0.81657,-0.13165,0.55628,-0.68584,0.22699,-0.19944,
1413394981805760256,-0.30239,0.62145,0.59491,0.08049,0.81933,-0.14443,0.54896,-0.62504,0.19673,-0.18857,
1413394981905760512,-0.36029,0.63364,0.57863,0.08061,0.81821,-0.16134,0.54589,-0.55855,0.12673,-0.17213,
1413394982005760512,-0.40948,0.63884,0.56609,0.08253,0.81420,-0.18180,0.54517,-0.50005,0.05003,-0.13237,
1413394982105760512,-0.44710,0.63432,0.55808,0.08480,0.80599,-0.20704,0.54802,-0.43349,-0.06161,-0.09372,
1413394982205760512,-0.47939,0.61893,0.55403,0.08818,0.79406,-0.23495,0.55362,-0.39217,-0.18032,-0.06251,
1413394982305760256,-0.51215,0.59195,0.55221,0.09483,0.78195,-0.26490,0.55623,-0.39033,-0.31934,-0.02737,
1413394982405760512,-0.55004,0.55224,0.55220,0.10793,0.77081,-0.29295,0.55533,-0.43366,-0.47264,0.02282,
1413394982505760512,-0.59561,0.49794,0.55708,0.12268,0.75770,-0.32190,0.55428,-0.48306,-0.62411,0.08078,
1413394982605760512,-0.64724,0.42920,0.56708,0.13893,0.74451,-0.35033,0.55106,-0.56303,-0.75430,0.11966,
1413394982705760512,-0.70612,0.34695,0.58204,0.15994,0.73247,-0.37387,0.54601,-0.64113,-0.88366,0.16153,
1413394982805760256,-0.77333,0.25222,0.59972,0.18317,0.72044,-0.39501,0.53980,-0.72034,-0.99963,0.17173,
1413394982905760512,-0.84889,0.14689,0.61881,0.20699,0.70876,-0.41442,0.53204,-0.78777,-1.10033,0.20126,
1413394983105760512,-1.01880,-0.08596,0.66023,0.25385,0.69379,-0.43512,0.51468,-0.87613,-1.21061,0.22170,
1413394983305760256,-1.19745,-0.33283,0.70610,0.27972,0.68774,-0.43714,0.50762,-0.89869,-1.24575,0.22876,
1413394983505760512,-1.37706,-0.58048,0.75187,0.30394,0.69823,-0.41912,0.49440,-0.87982,-1.21292,0.21206,
1413394983705760512,-1.54098,-0.81396,0.77378,0.32015,0.70858,-0.39882,0.48618,-0.75540,-1.12770,0.00252,
1413394983905760512,-1.68007,-1.01938,0.74664,0.32634,0.71161,-0.38908,0.48552,-0.60142,-0.99172,-0.24349,
1413394984105760512,-1.77116,-1.20594,0.68162,0.32044,0.71442,-0.38397,0.48938,-0.39800,-0.84524,-0.35536,
1413394984305760256,-1.82923,-1.35838,0.61647,0.30787,0.72549,-0.37131,0.49092,-0.22965,-0.70687,-0.32718,
1413394984505760512,-1.84672,-1.48956,0.56317,0.29355,0.74008,-0.36410,0.48326,-0.01138,-0.61568,-0.25941,
1413394984705760512,-1.81907,-1.60031,0.52371,0.27385,0.75575,-0.34144,0.48710,0.21599,-0.53354,-0.19158,
1413394984905760512,-1.74866,-1.70565,0.49448,0.24415,0.77102,-0.31048,0.49952,0.44766,-0.49999,-0.11029,
1413394985105760512,-1.64582,-1.80727,0.47838,0.22059,0.78130,-0.26868,0.51838,0.59836,-0.45383,-0.02273,
1413394985305760256,-1.50823,-1.88379,0.48914,0.20143,0.78883,-0.25089,0.52366,0.74921,-0.36157,0.15685,
1413394985505760512,-1.34891,-1.95630,0.54771,0.14568,0.78586,-0.27671,0.53351,0.84301,-0.44164,0.46978,
1413394985705760512,-1.18104,-2.06319,0.65815,0.16639,0.78945,-0.25599,0.53249,0.85112,-0.57552,0.54301,
1413394985905760512,-1.00364,-2.17338,0.73284,0.19639,0.79392,-0.23312,0.52609,0.93321,-0.53127,0.23002,
1413394986105760512,-0.80293,-2.27304,0.76092,0.20263,0.79242,-0.23224,0.52638,1.04390,-0.43260,0.13517,
1413394986305760256,-0.57970,-2.35378,0.79249,0.16979,0.78336,-0.26135,0.53779,1.13649,-0.38433,0.20421,
1413394986505760512,-0.34983,-2.44038,0.84710,0.15977,0.77937,-0.27208,0.54133,1.13051,-0.46671,0.31695,
1413394986705760512,-0.12014,-2.53734,0.91459,0.19330,0.78718,-0.24953,0.52983,1.17228,-0.48398,0.32401,
1413394986905760512,0.12740,-2.62620,0.98145,0.20422,0.78386,-0.24322,0.53357,1.28991,-0.37719,0.31548,
1413394987105760512,0.38592,-2.69673,1.02759,0.17616,0.77020,-0.26646,0.55204,1.26770,-0.30609,0.05853,
1413394987305760256,0.63555,-2.77120,1.03405,0.17581,0.76322,-0.26922,0.56046,1.18431,-0.34848,-0.06098,
1413394987505760512,0.89244,-2.85065,1.03549,0.22153,0.76235,-0.23818,0.55948,1.15590,-0.24270,-0.00789,
1413394987705760512,1.13282,-2.87728,1.04452,0.23827,0.75328,-0.22580,0.56993,1.14311,0.02000,0.05917,
1413394987905760512,1.36638,-2.84336,1.07159,0.24437,0.74233,-0.22256,0.58283,1.08110,0.36047,0.15526,
1413394988105760512,1.57924,-2.74308,1.11722,0.24076,0.73035,-0.22717,0.59751,0.95518,0.69752,0.21843,
1413394988305760256,1.75697,-2.58265,1.16725,0.20423,0.72280,-0.26061,0.60657,0.73428,0.91992,0.21973,
1413394988505760512,1.88134,-2.39992,1.19802,0.17979,0.70845,-0.32653,0.59929,0.40612,0.92111,0.05780,
1413394988705760512,1.91521,-2.22252,1.20396,0.21931,0.69117,-0.38750,0.56924,0.06326,0.85499,-0.04300,
1413394988905760512,1.89226,-2.05086,1.18632,0.27887,0.67520,-0.41205,0.54457,-0.12912,0.86682,-0.16739,
1413394989105760512,1.84317,-1.86518,1.15538,0.31288,0.67491,-0.41677,0.52240,-0.22660,0.97265,-0.15902,
1413394989305760256,1.78426,-1.65987,1.13113,0.31282,0.68145,-0.42251,0.50917,-0.23133,1.04688,-0.09675,
1413394989505760512,1.72856,-1.44495,1.11314,0.29568,0.68318,-0.42899,0.51167,-0.25109,1.07944,-0.13319,
1413394989705760512,1.66743,-1.22743,1.07200,0.27386,0.68820,-0.43020,0.51605,-0.29556,1.06413,-0.31606,
1413394989905760512,1.60169,-1.02345,0.99097,0.22413,0.71370,-0.40760,0.52370,-0.32365,0.95803,-0.48255,
1413394990105760512,1.52886,-0.84839,0.88811,0.18999,0.75742,-0.33115,0.52967,-0.35568,0.80530,-0.58567,
1413394990205760512,1.49352,-0.77085,0.82582,0.17491,0.77777,-0.28299,0.53329,-0.32707,0.75970,-0.65075,
1413394990355760640,1.44607,-0.66655,0.72848,0.14977,0.80225,-0.20968,0.53851,-0.26669,0.71337,-0.64779,
1413394990455760384,1.41797,-0.58725,0.66619,0.13075,0.81385,-0.17200,0.53941,-0.21767,0.70071,-0.61556,
1413394990555760384,1.39366,-0.52852,0.60764,0.11067,0.82025,-0.14933,0.54096,-0.14864,0.67150,-0.57029,
1413394990655760640,1.37863,-0.46272,0.55275,0.09503,0.82432,-0.13769,0.54083,-0.07487,0.65273,-0.52985,
1413394990755760384,1.36651,-0.39705,0.50303,0.08733,0.82545,-0.13129,0.54201,0.00807,0.62202,-0.50826,
1413394990855760640,1.36770,-0.33495,0.45829,0.08484,0.82591,-0.12924,0.54219,0.09846,0.58829,-0.45982,
1413394990955760384,1.37287,-0.27408,0.41893,0.08526,0.82528,-0.13046,0.54279,0.16259,0.56336,-0.41036,
1413394991055760384,1.38326,-0.21151,0.38093,0.08903,0.82422,-0.13230,0.54335,0.23643,0.55126,-0.35414,
1413394991155760640,1.40854,-0.15496,0.34876,0.08683,0.82087,-0.14061,0.54668,0.30992,0.53113,-0.31464,
1413394991255760384,1.44243,-0.10076,0.31829,0.08690,0.81796,-0.15096,0.54827,0.36169,0.49247,-0.28994,
1413394991355760640,1.47655,-0.05635,0.29603,0.09112,0.81468,-0.16688,0.54786,0.39627,0.43169,-0.25868,
1413394991455760384,1.51912,-0.01780,0.27439,0.10083,0.80979,-0.18801,0.54656,0.44816,0.37569,-0.21730,
1413394991555760384,1.56352,0.01189,0.25740,0.11496,0.80313,-0.21137,0.54506,0.45354,0.30345,-0.20413,
1413394991655760640,1.61049,0.03357,0.24353,0.13415,0.79446,-0.23215,0.54492,0.48603,0.23728,-0.14845,
1413394991755760384,1.66176,0.05527,0.23211,0.15772,0.78091,-0.24801,0.55118,0.51347,0.19872,-0.11294,
1413394991855760640,1.71507,0.07597,0.22133,0.17252,0.76554,-0.26168,0.56188,0.51069,0.18955,-0.10179,
1413394991955760384,1.76611,0.09533,0.21014,0.17883,0.75407,-0.27343,0.56976,0.48356,0.18781,-0.10717,
1413394992055760384,1.81123,0.11217,0.19912,0.17905,0.74717,-0.28948,0.57087,0.41940,0.18093,-0.12224,
1413394992155760640,1.85072,0.12692,0.18747,0.17525,0.74302,-0.31014,0.56659,0.33526,0.14506,-0.10584,
1413394992255760384,1.87936,0.13848,0.18089,0.17647,0.74143,-0.32985,0.55708,0.25358,0.08049,-0.05404,
1413394992355760640,1.90136,0.14262,0.17715,0.18992,0.73861,-0.34438,0.54753,0.18134,0.00776,-0.01367,
1413394992455760384,1.91639,0.14072,0.17688,0.21391,0.73535,-0.35321,0.53735,0.13301,-0.04602,0.03064,
1413394992555760384,1.92919,0.13481,0.17948,0.24396,0.73565,-0.35334,0.52389,0.12664,-0.06170,0.03863,
1413394992655760640,1.94401,0.12937,0.18344,0.25984,0.73087,-0.35650,0.52079,0.15171,-0.04221,0.04940,
1413394992755760384,1.96069,0.12591,0.18697,0.26146,0.72236,-0.36552,0.52557,0.15754,-0.02702,0.04427,
1413394992855760640,1.97695,0.12406,0.18980,0.25717,0.71359,-0.38092,0.52873,0.13756,-0.01903,0.03251,
1413394992955760384,1.98950,0.12119,0.19305,0.25356,0.70782,-0.39413,0.52854,0.10632,-0.02502,0.01114,
1413394993055760384,1.99922,0.11797,0.18894,0.25528,0.70590,-0.40051,0.52549,0.07765,-0.04399,-0.09180,
1413394993155760640,2.00388,0.11305,0.17251,0.26299,0.70778,-0.39982,0.51964,0.05182,-0.05745,-0.20265,
1413394993255760384,2.00680,0.10641,0.14478,0.27074,0.71112,-0.39598,0.51401,0.03172,-0.06199,-0.29653,
1413394993355760640,2.00839,0.10113,0.11133,0.28026,0.71469,-0.38938,0.50898,0.03984,-0.04877,-0.32709,
1413394993455760384,2.01286,0.09659,0.07749,0.28744,0.71798,-0.38308,0.50511,0.06541,-0.03078,-0.31444,
1413394993555760384,2.02034,0.09471,0.04587,0.29082,0.72003,-0.37842,0.50377,0.09872,0.00314,-0.30519,
1413394993655760640,2.03240,0.09518,0.01557,0.28892,0.71971,-0.37953,0.50447,0.13210,0.02717,-0.30417,
1413394993755760384,2.04765,0.09689,-0.01748,0.28546,0.71319,-0.39026,0.50751,0.14846,0.03891,-0.35774,
1413394993855760640,2.06252,0.09917,-0.05676,0.28450,0.70330,-0.40907,0.50704,0.13726,0.03521,-0.44207,
1413394993955760384,2.07572,0.10057,-0.10473,0.28619,0.68909,-0.43401,0.50486,0.11493,0.01948,-0.50207,
1413394994055760384,2.08559,0.10050,-0.15343,0.29201,0.67160,-0.46107,0.50109,0.06232,0.00313,-0.47542,
1413394994155760640,2.08778,0.10050,-0.19331,0.30590,0.65432,-0.48477,0.49324,-0.01255,-0.00480,-0.32731,
1413394994305760256,2.07953,0.09654,-0.22998,0.33977,0.62993,-0.51377,0.47306,-0.10894,0.00923,-0.21505,
1413394994505760512,2.05552,0.09537,-0.24569,0.38896,0.61159,-0.53661,0.43211,-0.09017,0.00848,-0.02952,
1413394994705760512,2.04888,0.09441,-0.22341,0.41462,0.59969,-0.54589,0.41288,0.04364,0.02810,0.14973,
1413394994905760512,2.07808,0.08444,-0.16545,0.42138,0.58915,-0.54879,0.41734,0.20520,0.03815,0.17786,
1413394995105760512,2.12437,0.09628,-0.17001,0.40704,0.57977,-0.55593,0.43490,0.26461,0.11020,-0.21111,
1413394995305760256,2.16922,0.12450,-0.24131,0.37491,0.58520,-0.57343,0.43377,0.20796,0.12566,-0.42468,
1413394995505760512,2.19778,0.13845,-0.32737,0.36528,0.60057,-0.57775,0.41484,0.12515,0.01018,-0.41939,
1413394995705760512,2.21595,0.12206,-0.40481,0.37551,0.59814,-0.57047,0.41927,0.09736,-0.14242,-0.32854,
1413394995905760512,2.23613,0.09201,-0.46093,0.38783,0.58507,-0.56252,0.43687,0.07541,-0.14614,-0.29241,
1413394996105760512,2.23454,0.09801,-0.48576,0.40242,0.57928,-0.55509,0.44087,-0.02322,0.05236,0.15674,
1413394996305760256,2.24030,0.10289,-0.49587,0.40425,0.58437,-0.54809,0.44123,-0.00771,0.00334,0.14249,
1413394996505760512,2.26288,0.07345,-0.49212,0.40275,0.58916,-0.54963,0.43427,0.02795,-0.03489,-0.01256,
1413394996705760512,2.23839,0.08951,-0.49879,0.40198,0.58768,-0.54928,0.43742,-0.00637,-0.01395,0.01379,
1413394996905760512,2.25306,0.08527,-0.50619,0.40240,0.58690,-0.54945,0.43786,0.00668,-0.01311,-0.00771,
1413394997105760512,2.24481,0.09944,-0.49983,0.40246,0.58677,-0.54915,0.43837,0.00436,-0.00479,0.00545,
1413394997305760256,2.24349,0.10254,-0.50193,0.40232,0.58674,-0.54903,0.43869,0.00603,-0.00438,0.00379,
1413394997505760512,2.24206,0.10369,-0.50118,0.40184,0.58702,-0.54890,0.43892,-0.00038,-0.00127,0.00403,
1413394997705760512,2.24328,0.10483,-0.50247,0.40220,0.58667,-0.54913,0.43876,0.00117,0.00259,0.00334,
1413394997905760512,2.24339,0.10469,-0.50246,0.40219,0.58664,-0.54916,0.43877,0.00305,0.00279,0.00517,
1413394998105760512,2.24293,0.10389,-0.50282,0.40198,0.58664,-0.54913,0.43901,0.00049,-0.00298,-0.00019,
1413394998305760256,2.24335,0.10471,-0.50314,0.40210,0.58641,-0.54910,0.43924,0.00374,-0.00042,0.00045,
