1403715529262142976,-0.00659,0.03753,0.09475,0.02264,0.81291,-0.02256,0.58151,-0.04430,0.11087,0.27732,
1403715529362142976,-0.01383,0.04417,0.10151,-0.00351,0.82547,0.00690,0.56439,-0.03935,0.11134,0.18961,
1403715529462142976,-0.02244,0.05737,0.09527,0.06480,0.82064,-0.03220,0.56685,-0.01721,0.11405,0.08336,
1403715529562142976,-0.02177,0.06833,0.10161,0.06736,0.82008,-0.02614,0.56766,0.00075,0.09868,-0.00410,
1403715529662142976,0.00459,0.08497,0.11637,0.12952,0.81644,-0.06438,0.55902,0.08283,0.07599,-0.02175,
1403715529762142976,0.04651,0.13522,0.15472,0.31002,0.75162,-0.20274,0.54576,0.18730,0.11756,0.09729,
1403715529862142976,0.07804,0.15609,0.17135,0.33185,0.75329,-0.21100,0.52717,0.26213,0.13878,0.15423,
1403715529962142976,0.10531,0.13605,0.17458,0.30440,0.76449,-0.18681,0.53666,0.31527,0.08105,0.19151,
1403715530062142976,0.13605,0.13642,0.19155,0.29809,0.76414,-0.17221,0.54550,0.34825,0.08503,0.23733,
1403715530162142976,0.17358,0.14867,0.21625,0.30369,0.76202,-0.16395,0.54792,0.38846,0.13431,0.28428,
1403715530262142976,0.21646,0.16903,0.25021,0.30735,0.76576,-0.16111,0.54147,0.44521,0.21539,0.40565,
1403715530362142976,0.26472,0.20253,0.29916,0.30633,0.76769,-0.16334,0.53863,0.51026,0.32059,0.53757,
1403715530462142976,0.32166,0.25087,0.36128,0.29933,0.76719,-0.16923,0.54146,0.58235,0.40998,0.62165,
1403715530562142976,0.37978,0.30298,0.42480,0.29055,0.76899,-0.16645,0.54454,0.61340,0.44217,0.57791,
1403715530662142976,0.43146,0.35766,0.47653,0.28160,0.77030,-0.16109,0.54900,0.60996,0.44498,0.44181,
1403715530762142976,0.48552,0.40613,0.51445,0.27043,0.77353,-0.15307,0.55234,0.63380,0.45388,0.36776,
1403715530862142976,0.53322,0.45417,0.54424,0.25341,0.77951,-0.13818,0.55592,0.64308,0.46467,0.35797,
1403715530962142976,0.57078,0.50033,0.56630,0.23666,0.78641,-0.12076,0.55765,0.63658,0.44847,0.31949,
1403715531062142976,0.59633,0.54652,0.57883,0.21752,0.79902,-0.10895,0.54989,0.61199,0.43921,0.24063,
1403715531162142976,0.62447,0.58635,0.58946,0.20012,0.81425,-0.10309,0.53508,0.62938,0.40884,0.17960,
1403715531262142976,0.65967,0.62459,0.60105,0.17578,0.81825,-0.10496,0.53717,0.69107,0.36355,0.20261,
1403715531362142976,0.71391,0.65423,0.61757,0.16030,0.81008,-0.10257,0.55457,0.73980,0.27824,0.20552,
1403715531462142976,0.77312,0.67690,0.63268,0.15478,0.80287,-0.09618,0.56763,0.73530,0.17382,0.09638,
1403715531562142976,0.83529,0.69299,0.63649,0.15230,0.79889,-0.09124,0.57468,0.72923,0.09064,-0.04323,
1403715531662142976,0.91023,0.71961,0.64529,0.14998,0.79748,-0.09405,0.57679,0.73510,0.04709,-0.12294,
1403715531762142976,0.97787,0.73236,0.64167,0.15648,0.79645,-0.08806,0.57743,0.72910,0.00286,-0.10988,
1403715531862142976,1.04275,0.74386,0.64459,0.16640,0.78983,-0.07921,0.58498,0.71899,-0.00553,-0.05897,
1403715531962142976,1.11339,0.74762,0.64389,0.17428,0.78272,-0.07487,0.59276,0.69266,-0.00305,-0.06165,
1403715532062142976,1.15527,0.75855,0.64875,0.17385,0.77977,-0.06943,0.59743,0.62368,0.01590,-0.05486,
1403715532162142976,1.18314,0.76892,0.65156,0.17253,0.77817,-0.06469,0.60042,0.54072,0.04431,-0.05091,
1403715532262142976,1.21780,0.77658,0.64735,0.16849,0.77704,-0.06231,0.60328,0.47844,0.08134,-0.05744,
1403715532362142976,1.21554,0.78930,0.64252,0.15421,0.77994,-0.05946,0.60364,0.37273,0.10261,-0.07392,
1403715532462142976,1.22624,0.79883,0.63447,0.14155,0.78234,-0.06081,0.60350,0.29874,0.10115,-0.06809,
1403715532562142976,1.21905,0.80739,0.63041,0.12608,0.78340,-0.06307,0.60532,0.21416,0.07428,-0.07966,
1403715532662142976,1.21750,0.80991,0.62548,0.10847,0.78099,-0.06814,0.61127,0.13699,0.01664,-0.06997,
1403715532762142976,1.21428,0.80621,0.61895,0.09511,0.77724,-0.07172,0.61783,0.03611,-0.07264,-0.09160,
1403715532862142976,1.20636,0.79270,0.61089,0.08962,0.77470,-0.07536,0.62139,-0.05302,-0.17978,-0.10974,
1403715532962142976,1.19407,0.76764,0.59936,0.09054,0.77315,-0.08584,0.62183,-0.13876,-0.30807,-0.19258,
1403715533062142976,1.17396,0.72995,0.57887,0.09637,0.77094,-0.10309,0.62108,-0.22502,-0.43532,-0.29423,
1403715533162142976,1.14603,0.67814,0.55105,0.11070,0.76483,-0.12224,0.62276,-0.32344,-0.55947,-0.29769,
1403715533262142976,1.10822,0.61704,0.53273,0.13393,0.75137,-0.13705,0.63144,-0.46549,-0.63701,-0.16517,
1403715533362142976,1.05668,0.55193,0.52815,0.15428,0.74420,-0.15005,0.63233,-0.59648,-0.66421,-0.00166,
1403715533462142976,0.99301,0.48352,0.53867,0.16660,0.74429,-0.16215,0.62608,-0.71519,-0.68317,0.14161,
1403715533562142976,0.91666,0.41490,0.56348,0.16327,0.74612,-0.17891,0.62019,-0.84974,-0.69629,0.29230,
1403715533662142976,0.83035,0.34313,0.60209,0.15222,0.74864,-0.19411,0.61538,-0.97721,-0.74925,0.43298,
1403715533762142976,0.73597,0.26343,0.65741,0.14230,0.75046,-0.20351,0.61249,-1.07863,-0.84641,0.57480,
1403715533862142976,0.63838,0.16570,0.72089,0.14299,0.75443,-0.20023,0.60852,-1.14719,-0.98324,0.58753,
1403715533962142976,0.54245,0.05177,0.77915,0.15001,0.75922,-0.18886,0.60450,-1.16972,-1.09979,0.48622,
1403715534062142976,0.44584,-0.07499,0.82379,0.15530,0.76333,-0.17691,0.60159,-1.19088,-1.20593,0.34493,
1403715534162142976,0.34668,-0.20891,0.85631,0.16356,0.76646,-0.16311,0.59932,-1.19714,-1.27453,0.22303,
1403715534262142976,0.25466,-0.35460,0.87706,0.16941,0.77049,-0.14790,0.59646,-1.17190,-1.32260,0.10833,
1403715534362142976,0.17050,-0.50895,0.88801,0.16811,0.77353,-0.13580,0.59578,-1.13537,-1.36139,-0.00433,
1403715534462142976,0.09914,-0.66709,0.88732,0.16567,0.77567,-0.13096,0.59476,-1.08142,-1.39698,-0.10198,
1403715534562142976,0.03471,-0.82177,0.87773,0.16708,0.77584,-0.13427,0.59341,-1.01114,-1.41586,-0.13672,
1403715534662142976,-0.02396,-0.96432,0.86495,0.17173,0.77530,-0.14687,0.58979,-0.96402,-1.40511,-0.14568,
1403715534762142976,-0.08398,-1.09684,0.85004,0.18098,0.77541,-0.16652,0.58160,-0.91974,-1.37569,-0.16495,
1403715534862142976,-0.14383,-1.22577,0.83418,0.19455,0.77619,-0.19064,0.56863,-0.87186,-1.35268,-0.17364,
1403715534962142976,-0.19508,-1.35530,0.81904,0.20850,0.77526,-0.21490,0.55617,-0.79518,-1.33985,-0.15555,
1403715535062142976,-0.23577,-1.47971,0.80426,0.22033,0.77336,-0.23474,0.54614,-0.70507,-1.31873,-0.15448,
1403715535162142976,-0.25553,-1.60206,0.78989,0.22480,0.77589,-0.25030,0.53367,-0.57625,-1.30340,-0.15264,
1403715535262142976,-0.26526,-1.72106,0.77631,0.22458,0.78005,-0.26201,0.52196,-0.43985,-1.30649,-0.11723,
1403715535362142976,-0.25294,-1.83977,0.76545,0.22065,0.78304,-0.26954,0.51527,-0.26936,-1.32519,-0.08283,
1403715535462142976,-0.23239,-1.96040,0.75588,0.20673,0.77863,-0.28034,0.52193,-0.12982,-1.36979,-0.04770,
1403715535562142976,-0.20227,-2.08633,0.74836,0.19943,0.77038,-0.28109,0.53641,-0.04858,-1.41408,-0.02883,
1403715535662142976,-0.17287,-2.22335,0.74229,0.19957,0.76381,-0.27238,0.55007,0.02467,-1.45639,-0.04176,
1403715535762142976,-0.15672,-2.36033,0.73667,0.20047,0.76436,-0.25877,0.55552,0.04147,-1.46939,-0.04191,
1403715535862142976,-0.13888,-2.49882,0.73012,0.20382,0.77034,-0.23549,0.55640,0.05048,-1.45069,-0.06501,
1403715535962142976,-0.12022,-2.63040,0.72198,0.20090,0.78175,-0.21323,0.55049,0.09293,-1.41609,-0.08520,
1403715536062142976,-0.07507,-2.76378,0.70890,0.19022,0.79519,-0.19599,0.54136,0.19461,-1.38386,-0.06024,
1403715536162142976,-0.03547,-2.89131,0.69986,0.18230,0.80506,-0.18396,0.53367,0.30620,-1.35727,-0.02493,
1403715536262142976,0.00636,-3.01902,0.69524,0.18125,0.81258,-0.17106,0.52688,0.41999,-1.32535,0.00078,
1403715536362142976,0.05449,-3.14325,0.69637,0.18405,0.81506,-0.15725,0.52637,0.52847,-1.26902,0.05151,
1403715536462142976,0.11243,-3.26471,0.70173,0.19432,0.81308,-0.14023,0.53054,0.63345,-1.19681,0.08792,
1403715536562142976,0.18144,-3.38093,0.70923,0.20339,0.80900,-0.12678,0.53674,0.73392,-1.09270,0.10623,
1403715536662142976,0.26066,-3.48647,0.71771,0.20904,0.80281,-0.11745,0.54589,0.82555,-0.96954,0.11613,
1403715536762142976,0.34916,-3.58040,0.72790,0.21011,0.79167,-0.11050,0.56295,0.88507,-0.80873,0.14256,
1403715536862142976,0.44240,-3.65749,0.74012,0.21150,0.78021,-0.09992,0.58013,0.90073,-0.64548,0.15908,
1403715536962142976,0.53781,-3.71873,0.75187,0.22113,0.76913,-0.08522,0.59353,0.86500,-0.45804,0.17328,
1403715537062142976,0.62694,-3.75590,0.76416,0.23165,0.75613,-0.07271,0.60771,0.82667,-0.21857,0.19163,
1403715537162142976,0.71214,-3.76850,0.77947,0.23913,0.73798,-0.06245,0.62793,0.73381,0.06190,0.22095,
1403715537262142976,0.78911,-3.75308,0.79526,0.23865,0.72092,-0.05844,0.64800,0.59951,0.36381,0.23589,
1403715537362142976,0.84804,-3.70542,0.81519,0.21326,0.71658,-0.07340,0.66003,0.41723,0.64837,0.23807,
1403715537462142976,0.88816,-3.63228,0.83276,0.18104,0.73309,-0.09766,0.64828,0.23012,0.84423,0.22281,
1403715537562142976,0.90821,-3.54113,0.84753,0.15265,0.75926,-0.12114,0.62092,0.08582,0.95206,0.21317,
1403715537662142976,0.92144,-3.44000,0.84981,0.13159,0.77965,-0.13543,0.59707,0.01272,0.98257,0.23360,
1403715537762142976,0.91216,-3.34113,0.86723,0.12528,0.77790,-0.14205,0.59916,-0.05028,0.97158,0.27329,
1403715537862142976,0.89729,-3.24495,0.88573,0.12556,0.76762,-0.14200,0.61223,-0.15402,0.95199,0.24645,
1403715537962142976,0.86823,-3.15135,0.90042,0.12591,0.76579,-0.14169,0.61452,-0.27757,0.94163,0.17065,
1403715538062142976,0.83035,-3.06033,0.91248,0.12064,0.77188,-0.14615,0.60687,-0.37380,0.91255,0.15167,
1403715538162142976,0.78507,-2.97265,0.92347,0.11504,0.77752,-0.15665,0.59807,-0.46517,0.85330,0.09794,
1403715538262142976,0.73313,-2.89009,0.92694,0.11783,0.77996,-0.16891,0.59097,-0.52467,0.79009,-0.00931,
1403715538362142976,0.67469,-2.81451,0.91881,0.12703,0.77579,-0.18148,0.59083,-0.58214,0.71764,-0.10755,
1403715538462142976,0.60976,-2.74500,0.90525,0.14932,0.76315,-0.18860,0.59979,-0.66365,0.67529,-0.12181,
1403715538562142976,0.53699,-2.67664,0.89293,0.17697,0.74921,-0.19588,0.60745,-0.76193,0.68060,-0.09394,
1403715538662142976,0.45214,-2.60284,0.88199,0.19849,0.73991,-0.21088,0.60718,-0.86971,0.72828,-0.10556,
1403715538762142976,0.36080,-2.52767,0.86644,0.21587,0.73736,-0.23488,0.59542,-0.95707,0.76930,-0.14247,
1403715538862142976,0.26158,-2.44819,0.84984,0.23264,0.73838,-0.26492,0.57488,-1.04137,0.80551,-0.14970,
1403715538962142976,0.15672,-2.36420,0.83001,0.25235,0.73334,-0.29757,0.55676,-1.07976,0.81902,-0.23877,
1403715539062142976,0.05082,-2.28131,0.79989,0.27485,0.72137,-0.33146,0.54242,-1.11185,0.84037,-0.35384,
1403715539162142976,-0.05500,-2.19727,0.75823,0.29729,0.70549,-0.36623,0.52894,-1.12985,0.85903,-0.46976,
1403715539262142976,-0.16014,-2.11379,0.70686,0.31690,0.68925,-0.40059,0.51385,-1.13700,0.87474,-0.59053,
1403715539362142976,-0.26371,-2.02907,0.64685,0.33290,0.67656,-0.43244,0.49441,-1.13299,0.88545,-0.67010,
1403715539462142976,-0.37341,-1.94092,0.58670,0.34862,0.66298,-0.45716,0.47951,-1.12552,0.87664,-0.57692,
1403715539562142976,-0.47924,-1.85296,0.54055,0.35282,0.65144,-0.47898,0.47087,-1.09478,0.86759,-0.40031,
1403715539662142976,-0.57778,-1.77024,0.51526,0.35178,0.63983,-0.49511,0.47089,-1.07735,0.84057,-0.18985,
1403715539762142976,-0.66875,-1.68832,0.50368,0.35406,0.63224,-0.50164,0.47251,-1.06022,0.82536,-0.02399,
1403715539862142976,-0.76736,-1.60788,0.50939,0.35628,0.63182,-0.50225,0.47075,-1.07605,0.81507,0.08807,
1403715539962142976,-0.86443,-1.53864,0.53106,0.34536,0.64014,-0.50464,0.46507,-1.08676,0.77100,0.26027,
1403715540062142976,-0.95862,-1.47877,0.56543,0.32808,0.65099,-0.51025,0.45631,-1.09263,0.68222,0.26181,
1403715540162142976,-1.04878,-1.43596,0.60502,0.30706,0.65912,-0.51742,0.45115,-1.08497,0.52363,0.35595,
1403715540262142976,-1.13575,-1.41932,0.65109,0.29732,0.66267,-0.51767,0.45221,-1.09394,0.33094,0.40001,
1403715540362142976,-1.21760,-1.42664,0.70048,0.30278,0.66865,-0.50815,0.45057,-1.08301,0.13842,0.42453,
1403715540462142976,-1.30668,-1.43366,0.74591,0.31095,0.67653,-0.49926,0.44313,-1.06493,0.00133,0.38691,
1403715540562142976,-1.38373,-1.46085,0.78234,0.31351,0.68739,-0.49637,0.42758,-1.01168,-0.15069,0.34593,
1403715540662142976,-1.46294,-1.49446,0.81249,0.30972,0.69299,-0.50049,0.41635,-0.93047,-0.30856,0.31664,
1403715540762142976,-1.53516,-1.54232,0.84015,0.29832,0.68850,-0.51259,0.41740,-0.86249,-0.47852,0.29017,
1403715540862142976,-1.60628,-1.60662,0.86787,0.29859,0.68027,-0.51659,0.42570,-0.82451,-0.65453,0.28651,
1403715540962142976,-1.67652,-1.68393,0.89313,0.30509,0.67319,-0.51519,0.43396,-0.80811,-0.80846,0.28040,
1403715541062142976,-1.74817,-1.77358,0.91672,0.31428,0.67042,-0.50991,0.43789,-0.78977,-0.92432,0.26557,
1403715541162142976,-1.81749,-1.87028,0.93688,0.31728,0.66959,-0.50798,0.43925,-0.76373,-1.00276,0.23006,
1403715541262142976,-1.88473,-1.97221,0.95610,0.31222,0.65762,-0.51186,0.45613,-0.76715,-1.09002,0.23516,
1403715541362142976,-1.96165,-2.08297,0.97688,0.32034,0.64908,-0.50960,0.46517,-0.81572,-1.14037,0.21914,
1403715541462142976,-2.04404,-2.19805,0.99186,0.32976,0.65239,-0.50592,0.45791,-0.84964,-1.16459,0.15072,
1403715541562142976,-2.12735,-2.31658,1.00443,0.33089,0.66215,-0.50716,0.44143,-0.84541,-1.21281,0.13694,
1403715541662142976,-2.20909,-2.44278,1.01832,0.33088,0.67031,-0.50776,0.42823,-0.81976,-1.27097,0.15900,
1403715541762142976,-2.28714,-2.57288,1.03517,0.34537,0.67737,-0.49706,0.41811,-0.75939,-1.35394,0.18677,
1403715541862142976,-2.35179,-2.70972,1.05119,0.36884,0.68146,-0.47896,0.41250,-0.64034,-1.39504,0.21206,
1403715541962142976,-2.40721,-2.85051,1.06585,0.38635,0.68597,-0.46103,0.40943,-0.48724,-1.39969,0.18635,
1403715542062142976,-2.44432,-2.99240,1.07860,0.39630,0.69261,-0.44170,0.41005,-0.28820,-1.36593,0.18307,
1403715542162142976,-2.46374,-3.12218,1.09745,0.40014,0.69459,-0.42110,0.42439,-0.10141,-1.28634,0.19452,
1403715542262142976,-2.46278,-3.24544,1.11770,0.39640,0.69408,-0.40079,0.44776,0.07314,-1.17418,0.21672,
1403715542362142976,-2.44632,-3.35306,1.14216,0.38094,0.69331,-0.38519,0.47522,0.22141,-1.03072,0.24196,
1403715542462142976,-2.40982,-3.43603,1.16170,0.35712,0.68905,-0.37267,0.50871,0.31552,-0.87796,0.27288,
1403715542562142976,-2.37434,-3.52216,1.18031,0.33600,0.68743,-0.36100,0.53313,0.31852,-0.75092,0.23966,
1403715542662142976,-2.34486,-3.60923,1.18463,0.31724,0.69748,-0.35457,0.53588,0.27574,-0.64095,0.17489,
1403715542762142976,-2.31816,-3.67265,1.18379,0.30435,0.70565,-0.34987,0.53575,0.25267,-0.54421,0.11811,
1403715542862142976,-2.29476,-3.72305,1.18161,0.29462,0.71489,-0.34782,0.53024,0.22405,-0.45848,0.05118,
1403715542962142976,-2.27470,-3.76160,1.17671,0.28319,0.71870,-0.35023,0.52973,0.20155,-0.38445,-0.02427,
1403715543062142976,-2.25870,-3.79537,1.16401,0.27348,0.71714,-0.35362,0.53466,0.16363,-0.34171,-0.09268,
1403715543162142976,-2.24840,-3.82140,1.14779,0.27001,0.71454,-0.35590,0.53839,0.11134,-0.30582,-0.11912,
1403715543262142976,-2.24404,-3.84442,1.12990,0.26956,0.70938,-0.35744,0.54439,0.04956,-0.26054,-0.14088,
1403715543362142976,-2.24379,-3.86670,1.11500,0.27029,0.70669,-0.35949,0.54616,-0.02162,-0.21916,-0.13543,
1403715543462142976,-2.25141,-3.88280,1.09923,0.27607,0.70621,-0.35804,0.54485,-0.08447,-0.17403,-0.12824,
1403715543562142976,-2.26365,-3.89546,1.08564,0.28447,0.70545,-0.35459,0.54377,-0.13099,-0.12240,-0.12022,
1403715543662142976,-2.28033,-3.90135,1.07144,0.29589,0.70080,-0.34753,0.54823,-0.19076,-0.04083,-0.13553,
1403715543762142976,-2.30249,-3.90013,1.05514,0.31466,0.69634,-0.34083,0.54766,-0.25163,0.05975,-0.15723,
1403715543862142976,-2.33019,-3.88531,1.03656,0.33857,0.69247,-0.33999,0.53876,-0.28175,0.19378,-0.19276,
1403715543962142976,-2.35780,-3.85697,1.01469,0.36005,0.68853,-0.34948,0.52360,-0.27267,0.35472,-0.22114,
1403715544062142976,-2.38348,-3.81389,0.98956,0.37943,0.68326,-0.36774,0.50394,-0.23661,0.51240,-0.28074,
1403715544162142976,-2.40558,-3.75917,0.95407,0.38501,0.67017,-0.40434,0.48903,-0.19973,0.62744,-0.40404,
1403715544262142976,-2.42505,-3.69393,0.90600,0.39225,0.65012,-0.44615,0.47374,-0.17097,0.71135,-0.53974,
1403715544362142976,-2.44255,-3.62074,0.84410,0.40089,0.62455,-0.49004,0.45727,-0.14165,0.77344,-0.66735,
1403715544462142976,-2.45730,-3.54116,0.77240,0.41090,0.59569,-0.52974,0.44237,-0.12885,0.82835,-0.74137,
1403715544562142976,-2.46976,-3.45685,0.70160,0.42339,0.56964,-0.55996,0.42743,-0.10818,0.86983,-0.64862,
1403715544662142976,-2.47839,-3.36951,0.64544,-0.43407,-0.55071,0.57924,-0.41567,-0.07639,0.89635,-0.43993,
1403715544762142976,-2.48509,-3.27783,0.61332,-0.44875,-0.53729,0.58352,-0.41164,-0.05480,0.94347,-0.16428,
1403715544862142976,-2.48943,-3.17667,0.60590,-0.45880,-0.53049,0.58279,-0.41041,-0.02494,1.03472,0.10730,
1403715544962142976,-2.49086,-3.06494,0.61770,-0.45851,-0.53152,0.58482,-0.40649,0.00292,1.11056,0.20955,
1403715545062142976,-2.48865,-2.94662,0.63311,-0.45500,-0.53438,0.59044,-0.39848,0.01722,1.16823,0.20259,
1403715545162142976,-2.48575,-2.82466,0.64738,-0.45497,-0.53338,0.59785,-0.38870,0.02730,1.20421,0.12392,
1403715545262142976,-2.47962,-2.70334,0.65111,-0.45701,-0.52719,0.60829,-0.37841,0.03772,1.21390,-0.01336,
1403715545362142976,-2.47183,-2.58274,0.64458,-0.45881,-0.51700,0.62027,-0.37076,0.06273,1.21695,-0.10724,
1403715545462142976,-2.46210,-2.46278,0.63550,-0.45432,-0.50184,0.63357,-0.37462,0.07780,1.22248,-0.08418,
1403715545562142976,-2.45384,-2.34268,0.63252,-0.44700,-0.48724,0.64572,-0.38189,0.03740,1.21073,0.00431,
1403715545662142976,-2.45006,-2.22416,0.63833,-0.44148,-0.47690,0.65357,-0.38796,-0.03029,1.22420,0.05503,
1403715545762142976,-2.45504,-2.10422,0.64485,-0.43854,-0.47630,0.65482,-0.38992,-0.11908,1.23082,0.04755,
1403715545862142976,-2.46873,-1.98518,0.64990,-0.43860,-0.48519,0.64877,-0.38899,-0.18691,1.23444,0.05783,
1403715545962142976,-2.48695,-1.86098,0.65544,-0.44011,-0.50355,0.63473,-0.38713,-0.23097,1.24336,0.06943,
1403715546062142976,-2.50753,-1.73316,0.66004,-0.43810,-0.52791,0.61461,-0.38939,-0.23615,1.24027,0.08120,
1403715546162142976,-2.52841,-1.60937,0.66738,-0.42762,-0.55475,0.59130,-0.39970,-0.22180,1.22524,0.09552,
1403715546262142976,-2.54787,-1.48701,0.67569,0.41086,0.58312,-0.56478,0.41495,-0.20390,1.22229,0.10572,
1403715546362142976,-2.56643,-1.36162,0.68498,0.38996,0.61075,-0.53645,0.43259,-0.18292,1.22528,0.11397,
1403715546462142976,-2.58486,-1.23638,0.69714,0.36549,0.63846,-0.50715,0.44899,-0.17805,1.22858,0.15054,
1403715546562142976,-2.60370,-1.11255,0.71100,0.34036,0.66519,-0.47545,0.46434,-0.17332,1.21234,0.14013,
1403715546662142976,-2.62360,-0.99062,0.72426,0.31557,0.69429,-0.44087,0.47329,-0.17343,1.18538,0.12444,
1403715546762142976,-2.64129,-0.87045,0.73392,0.28603,0.72673,-0.40744,0.47333,-0.14745,1.14496,0.07340,
1403715546862142976,-2.65797,-0.75700,0.74191,0.25095,0.75590,-0.37761,0.47229,-0.10827,1.06746,0.09537,
1403715546962142976,-2.67048,-0.65216,0.75109,0.22401,0.77844,-0.34195,0.47637,-0.06252,0.96038,0.10389,
1403715547062142976,-2.67692,-0.55429,0.76127,0.20627,0.79829,-0.29972,0.47996,0.02468,0.87711,0.10792,
1403715547162142976,-2.67300,-0.46794,0.77053,0.18585,0.81372,-0.25920,0.48593,0.13573,0.80461,0.10540,
1403715547262142976,-2.65756,-0.38854,0.77942,0.16606,0.82619,-0.21822,0.49215,0.25351,0.74116,0.09881,
1403715547362142976,-2.63141,-0.31093,0.78664,0.14681,0.83663,-0.18097,0.49572,0.37372,0.70198,0.07878,
1403715547462142976,-2.58975,-0.23934,0.79048,0.12412,0.84725,-0.15109,0.49389,0.51638,0.67805,0.03922,
1403715547562142976,-2.54056,-0.15844,0.79258,0.10110,0.85654,-0.12037,0.49155,0.66262,0.67259,0.00708,
1403715547662142976,-2.47164,-0.08025,0.79336,0.07955,0.86328,-0.08598,0.49094,0.83385,0.66858,0.00257,
1403715547762142976,-2.38840,0.00576,0.79351,0.05980,0.86771,-0.04984,0.49094,1.00045,0.69245,0.00298,
1403715547862142976,-2.28466,0.09345,0.79524,0.03837,0.86951,-0.01671,0.49214,1.17954,0.72770,0.00003,
1403715547962142976,-2.16094,0.18417,0.80041,0.01814,0.86482,0.01309,0.50158,1.34801,0.76220,0.00127,
1403715548062142976,-2.02088,0.27650,0.80681,0.00052,0.85406,0.03283,0.51914,1.48127,0.79789,0.02467,
1403715548162142976,-1.86814,0.37221,0.81461,-0.00725,0.84139,0.04772,0.53827,1.56387,0.82286,0.00107,
1403715548262142976,-1.71021,0.46617,0.81942,-0.00825,0.83186,0.05793,0.55190,1.61592,0.86256,-0.00544,
1403715548362142976,-1.54708,0.56145,0.81579,-0.00789,0.82712,0.06171,0.55857,1.64085,0.89291,-0.13435,
1403715548462142976,-1.38449,0.65956,0.79804,-0.00568,0.82613,0.06196,0.56004,1.66327,0.93890,-0.23620,
1403715548562142976,-1.22333,0.76402,0.77320,-0.00807,0.82664,0.05643,0.55984,1.67040,0.98397,-0.25311,
1403715548662142976,-1.06392,0.86804,0.74857,-0.01123,0.82754,0.04924,0.55914,1.67230,1.01523,-0.24741,
1403715548762142976,-0.90638,0.97398,0.72583,-0.01292,0.82711,0.04280,0.56025,1.67232,1.02856,-0.22334,
1403715548862142976,-0.74517,1.08057,0.70251,-0.01239,0.82710,0.03775,0.56065,1.68977,1.04095,-0.20821,
1403715548962142976,-0.59708,1.18639,0.67981,-0.01385,0.82565,0.03482,0.56293,1.68166,1.05601,-0.20692,
1403715549062142976,-0.45293,1.29454,0.65694,-0.01865,0.82301,0.03961,0.56633,1.64531,1.07788,-0.19082,
1403715549162142976,-0.32316,1.39730,0.63841,-0.02715,0.81476,0.04818,0.57716,1.58828,1.07604,-0.14573,
1403715549262142976,-0.20720,1.48894,0.62818,-0.03519,0.80402,0.05622,0.59089,1.49561,1.04398,-0.12415,
1403715549362142976,-0.09298,1.58331,0.61594,-0.04608,0.79637,0.05969,0.60009,1.37302,1.01500,-0.12647,
1403715549462142976,0.00830,1.67325,0.60082,-0.06405,0.79647,0.05615,0.59864,1.26384,0.95765,-0.14660,
1403715549562142976,0.07969,1.75765,0.58066,-0.07859,0.80204,0.05273,0.58973,1.12353,0.87885,-0.15769,
1403715549662142976,0.13755,1.82197,0.56617,-0.09009,0.81019,0.04492,0.57746,1.03018,0.74369,-0.14082,
1403715549762142976,0.18678,1.87143,0.55715,-0.09468,0.81280,0.02955,0.57404,0.96291,0.58771,-0.10785,
1403715549862142976,0.23847,1.90695,0.55309,-0.09134,0.81083,0.00882,0.57804,0.89484,0.42378,-0.08976,
1403715549962142976,0.30878,1.93155,0.54834,-0.08866,0.81023,-0.02195,0.57895,0.86346,0.24324,-0.04991,
1403715550062142976,0.38183,1.94086,0.54367,-0.08006,0.81166,-0.05752,0.57576,0.81406,0.03487,-0.03837,
1403715550162142976,0.44984,1.92877,0.54287,-0.05341,0.81419,-0.08616,0.57168,0.76899,-0.18937,0.06238,
1403715550262142976,0.51860,1.90222,0.55552,-0.02141,0.81531,-0.11160,0.56776,0.72689,-0.36355,0.19620,
1403715550362142976,0.57965,1.85633,0.58343,0.00874,0.81404,-0.13653,0.56447,0.69035,-0.52500,0.34709,
1403715550462142976,0.64187,1.79659,0.62114,0.04253,0.80912,-0.15990,0.56387,0.66384,-0.65342,0.38830,
1403715550562142976,0.70395,1.72769,0.65803,0.07350,0.80258,-0.18638,0.56190,0.63606,-0.72800,0.33706,
1403715550662142976,0.76378,1.65244,0.68387,0.09463,0.79375,-0.21934,0.55937,0.60841,-0.78448,0.19921,
1403715550762142976,0.82305,1.57185,0.69726,0.10934,0.78214,-0.25650,0.55723,0.57208,-0.84363,0.07444,
1403715550862142976,0.87797,1.48451,0.69856,0.11932,0.76877,-0.29535,0.55455,0.52097,-0.92268,-0.04173,
1403715550962142976,0.92744,1.38725,0.69071,0.13115,0.75424,-0.33225,0.55093,0.44693,-1.03170,-0.10734,
1403715551062142976,0.96969,1.27722,0.68268,0.15334,0.74122,-0.36133,0.54454,0.34342,-1.17015,-0.01586,
1403715551162142976,0.99725,1.15456,0.68974,0.18024,0.72758,-0.38642,0.53742,0.22588,-1.28874,0.13414,
1403715551262142976,1.01342,1.02157,0.70825,0.20018,0.70989,-0.41539,0.53238,0.11629,-1.38697,0.24427,
1403715551362142976,1.02060,0.87697,0.73384,0.21489,0.68983,-0.44786,0.52667,-0.01392,-1.47090,0.26291,
1403715551462142976,1.01316,0.72669,0.75985,0.23283,0.66797,-0.47803,0.52067,-0.15196,-1.54008,0.25992,
1403715551562142976,0.98754,0.57064,0.78655,0.25798,0.64644,-0.50281,0.51259,-0.31620,-1.60475,0.26826,
1403715551662142976,0.94854,0.40580,0.81422,0.29304,0.62660,-0.51963,0.50149,-0.47022,-1.63605,0.28727,
1403715551762142976,0.89448,0.23941,0.84285,0.32890,0.60336,-0.53420,0.49235,-0.60132,-1.61505,0.28202,
1403715551862142976,0.82813,0.07876,0.86917,0.35906,0.57461,-0.55050,0.48770,-0.71826,-1.56121,0.27645,
1403715551962142976,0.74832,-0.06875,0.89492,-0.38877,-0.54399,0.56513,-0.48328,-0.83556,-1.44699,0.26667,
1403715552062142976,0.66002,-0.21081,0.91857,-0.41936,-0.52509,0.57825,-0.46264,-0.91938,-1.31259,0.24888,
1403715552162142976,0.56575,-0.34024,0.93878,-0.44001,-0.50797,0.59590,-0.43961,-0.96477,-1.16981,0.21248,
1403715552262142976,0.46446,-0.42816,0.95083,-0.46650,-0.48511,0.60853,-0.42039,-0.99169,-0.99971,0.20275,
1403715552362142976,0.36695,-0.52036,0.97052,-0.49241,-0.45842,0.62088,-0.40236,-0.98841,-0.83807,0.17803,
1403715552462142976,0.27084,-0.59252,0.98605,0.51335,0.43090,-0.63763,0.37977,-0.95219,-0.65962,0.16582,
1403715552562142976,0.18008,-0.64309,1.00115,0.53118,0.39687,-0.65592,0.36070,-0.89957,-0.47522,0.14132,
1403715552662142976,0.09508,-0.66710,1.01541,0.54646,0.35669,-0.67496,0.34436,-0.83895,-0.26756,0.12606,
1403715552762142976,0.02185,-0.66519,1.02415,0.55643,0.31483,-0.69745,0.32376,-0.77714,-0.05641,0.08900,
1403715552862142976,-0.03843,-0.63113,1.02778,0.56416,0.27195,-0.72003,0.29888,-0.71335,0.18192,0.04731,
1403715552962142976,-0.09722,-0.58779,1.02729,0.56373,0.22690,-0.74419,0.27732,-0.65330,0.39469,-0.00760,
1403715553062142976,-0.14764,-0.52180,1.02348,0.56164,0.17937,-0.76548,0.25774,-0.62410,0.61274,-0.03751,
1403715553162142976,-0.19635,-0.43894,1.01698,0.56612,0.13723,-0.77898,0.23208,-0.60546,0.82295,-0.05450,
1403715553262142976,-0.24874,-0.34113,1.01179,0.57808,0.09713,-0.78345,0.20638,-0.60096,1.02165,-0.05334,
1403715553362142976,-0.30058,-0.22339,1.00507,0.59831,0.06010,-0.77920,0.17682,-0.55359,1.24236,-0.06851,
1403715553462142976,-0.33849,-0.08420,0.99523,0.62418,0.02984,-0.76883,0.13567,-0.43051,1.42561,-0.08241,
1403715553562142976,-0.36459,0.06735,0.98076,0.64509,0.00282,-0.75836,0.09355,-0.26653,1.55764,-0.14150,
1403715553662142976,-0.36817,0.22847,0.96089,0.65366,-0.01804,-0.75455,0.05530,-0.06204,1.63537,-0.18834,
1403715553762142976,-0.35739,0.39363,0.93710,0.64292,-0.02952,-0.76489,0.02688,0.13396,1.67377,-0.22797,
1403715553862142976,-0.32927,0.55912,0.91234,0.61709,-0.03276,-0.78620,0.00325,0.29248,1.66596,-0.20376,
1403715553962142976,-0.28177,0.71950,0.89177,0.59252,-0.03265,-0.80479,-0.01305,0.38294,1.62723,-0.18057,
1403715554062142976,-0.23108,0.87417,0.87329,0.56286,-0.03575,-0.82563,-0.01587,0.40991,1.58296,-0.19709,
1403715554162142976,-0.18150,1.02403,0.85539,0.53137,-0.03706,-0.84619,-0.01542,0.35869,1.54485,-0.16639,
1403715554262142976,-0.14633,1.17187,0.84184,0.50899,-0.03559,-0.85990,-0.01535,0.21296,1.52136,-0.12876,
1403715554362142976,-0.12949,1.31718,0.82760,-0.49760,0.02256,0.86666,0.02800,0.01865,1.48979,-0.15217,
1403715554462142976,-0.13030,1.45611,0.80578,0.51093,0.01925,-0.85693,-0.06514,-0.14361,1.38639,-0.20533,
1403715554562142976,-0.14955,1.57759,0.77500,0.53652,0.07866,-0.83198,-0.11730,-0.23492,1.13868,-0.30999,
1403715554662142976,-0.17012,1.66712,0.73530,0.55753,0.12761,-0.80381,-0.16359,-0.25004,0.77260,-0.43088,
1403715554762142976,-0.19351,1.69108,0.68771,0.56961,0.15376,-0.78375,-0.19403,-0.22671,0.24588,-0.47419,
1403715554862142976,-0.20645,1.65836,0.64731,0.58445,0.16448,-0.76725,-0.20660,-0.13079,-0.44229,-0.35756,
1403715554962142976,-0.21611,1.56132,0.63296,0.60186,0.15419,-0.75855,-0.19646,0.00006,-1.17676,-0.07818,
1403715555062142976,-0.20812,1.40654,0.64041,0.61007,0.10944,-0.77072,-0.14775,0.17005,-1.75372,0.13813,
1403715555162142976,-0.18717,1.20924,0.66452,0.60030,0.04513,-0.79518,-0.07278,0.25770,-2.05595,0.25996,
1403715555262142976,-0.16120,0.99747,0.68887,0.57691,-0.02031,-0.81649,0.01045,0.27438,-2.12386,0.16176,
1403715555362142976,-0.13868,0.79137,0.70002,0.55620,-0.06887,-0.82485,0.07425,0.21910,-1.97388,0.05893,
1403715555462142976,-0.12218,0.60686,0.71096,0.55757,-0.08100,-0.82147,0.08802,0.15804,-1.67945,0.17980,
1403715555562142976,-0.10905,0.45270,0.73688,0.56954,-0.07014,-0.81576,0.07232,0.13222,-1.39299,0.33861,
1403715555662142976,-0.09021,0.32195,0.77209,0.57674,-0.05487,-0.81327,0.05431,0.15302,-1.17564,0.45479,
1403715555762142976,-0.06463,0.20626,0.81189,0.57241,-0.04672,-0.81708,0.05044,0.19243,-1.02891,0.51931,
1403715555862142976,-0.04631,0.10679,0.86727,0.56267,-0.05015,-0.82260,0.06491,0.16405,-0.85174,0.63745,
1403715555962142976,-0.01846,0.02194,0.92936,0.55690,-0.05194,-0.82563,0.07412,0.15310,-0.66855,0.68698,
1403715556062142976,-0.00306,-0.03835,0.99094,0.54653,-0.06134,-0.83001,0.09285,0.10442,-0.47997,0.59490,
1403715556162142976,0.00322,-0.07235,1.04315,0.54582,-0.06617,-0.82885,0.10344,0.04778,-0.24071,0.52509,
1403715556262142976,0.00600,-0.07899,1.09236,0.55626,-0.06433,-0.82201,0.10360,-0.00374,0.02016,0.52341,
1403715556362142976,0.00083,-0.06239,1.14002,0.56383,-0.05654,-0.81802,0.09868,-0.03671,0.25434,0.48384,
1403715556462142976,-0.00342,-0.02452,1.18027,0.56769,-0.04360,-0.81735,0.08809,-0.05356,0.44495,0.37038,
1403715556562142976,-0.00803,0.02793,1.20634,0.56725,-0.01854,-0.82110,0.06060,-0.07005,0.56869,0.20799,
1403715556662142976,-0.01518,0.08838,1.21714,0.56230,0.00003,-0.82592,0.04089,-0.07373,0.64121,0.04487,
1403715556762142976,-0.02509,0.15335,1.21247,0.55234,0.01265,-0.83302,0.02912,-0.12913,0.67379,-0.08094,
1403715556862142976,-0.03953,0.22024,1.19996,0.55358,0.02568,-0.83225,0.01598,-0.18240,0.66833,-0.12111,
1403715556962142976,-0.05848,0.28497,1.18591,0.55572,0.03617,-0.83057,0.00526,-0.22333,0.63267,-0.12875,
1403715557062142976,-0.08041,0.34477,1.17064,0.54515,0.03508,-0.83756,0.00794,-0.27496,0.57114,-0.15442,
1403715557162142976,-0.11064,0.40033,1.15659,0.52780,0.02827,-0.84873,0.01658,-0.35782,0.53322,-0.13099,
1403715557262142976,-0.15051,0.45409,1.14551,0.51255,0.02184,-0.85806,0.02356,-0.49628,0.52212,-0.10250,
1403715557362142976,-0.20525,0.50796,1.13820,0.50427,0.01822,-0.86298,0.02536,-0.65017,0.51190,-0.08242,
1403715557462142976,-0.27682,0.56155,1.13176,0.50970,0.01647,-0.85986,0.02418,-0.81199,0.52187,-0.05999,
1403715557562142976,-0.36380,0.61358,1.12447,0.52899,0.01935,-0.84824,0.01684,-0.93639,0.51360,-0.06676,
1403715557662142976,-0.46143,0.66401,1.11469,0.54606,0.02447,-0.83736,0.00659,-1.02400,0.49002,-0.07865,
1403715557762142976,-0.56553,0.71084,1.10227,0.55800,0.02670,-0.82941,-0.00123,-1.06304,0.43512,-0.09481,
1403715557862142976,-0.67352,0.75296,1.09389,0.56035,0.02020,-0.82801,0.00004,-1.08472,0.38950,-0.00637,
1403715557962142976,-0.78237,0.79053,1.09695,0.56005,0.01227,-0.82837,0.00102,-1.10528,0.35157,0.11855,
1403715558062142976,-0.89225,0.82476,1.11312,0.56087,0.00635,-0.82788,0.00012,-1.12015,0.32619,0.23262,
1403715558162142976,-1.00484,0.85654,1.13942,0.55827,0.00230,-0.82966,-0.00128,-1.14940,0.29422,0.31970,
1403715558262142976,-1.12110,0.88604,1.16939,0.55591,0.00470,-0.83118,-0.00962,-1.18055,0.27796,0.32240,
1403715558362142976,-1.24050,0.91231,1.19880,0.56195,0.01196,-0.82677,-0.02264,-1.20314,0.22398,0.30579,
1403715558462142976,-1.36071,0.93106,1.22688,0.57682,0.01307,-0.81641,-0.02421,-1.21006,0.14172,0.25873,
1403715558562142976,-1.47913,0.94422,1.24601,0.59812,0.00816,-0.80121,-0.01586,-1.15360,0.09471,0.14369,
1403715558662142976,-1.59252,0.95537,1.25202,0.61140,0.00348,-0.79127,-0.00882,-1.07885,0.08659,0.00250,
1403715558762142976,-1.69623,0.96173,1.24708,0.61516,0.00490,-0.78837,-0.00476,-0.98923,0.04440,-0.07795,
1403715558862142976,-1.79075,0.96782,1.23730,0.61587,0.01763,-0.78765,-0.00242,-0.88995,0.01392,-0.07178,
1403715558962142976,-1.87052,0.96913,1.23007,0.61665,0.03789,-0.78632,-0.00098,-0.75677,-0.02111,-0.04071,
1403715559062142976,-1.93616,0.96280,1.22563,0.61657,0.06067,-0.78495,0.00326,-0.61693,-0.09439,-0.00971,
1403715559162142976,-1.98951,0.94958,1.22571,0.61699,0.08135,-0.78256,0.01730,-0.48358,-0.16432,0.02450,
1403715559262142976,-2.02935,0.92981,1.22754,0.61765,0.10479,-0.77883,0.03082,-0.35828,-0.22391,0.02559,
1403715559362142976,-2.05590,0.90464,1.22849,0.61607,0.13071,-0.77560,0.04275,-0.22118,-0.27849,0.00830,
1403715559462142976,-2.06991,0.87435,1.22638,0.60517,0.15564,-0.77894,0.05302,-0.11091,-0.32415,-0.03876,
1403715559562142976,-2.07483,0.83835,1.21481,0.58529,0.16781,-0.79012,0.07062,-0.03543,-0.38600,-0.16631,
1403715559662142976,-2.07376,0.79851,1.19186,0.57147,0.17444,-0.79707,0.08756,0.00105,-0.41942,-0.27078,
1403715559762142976,-2.07060,0.75319,1.16062,0.56602,0.18848,-0.79717,0.09282,0.01357,-0.47226,-0.31409,
1403715559862142976,-2.06467,0.70333,1.12590,0.56253,0.20507,-0.79476,0.09932,0.05246,-0.53026,-0.31964,
1403715559962142976,-2.05557,0.64798,1.09153,0.55957,0.22765,-0.79007,0.10413,0.08507,-0.60722,-0.31158,
1403715560062142976,-2.04396,0.58461,1.05944,0.55593,0.25108,-0.78447,0.11188,0.12360,-0.69655,-0.28978,
1403715560162142976,-2.02913,0.51064,1.03364,0.55005,0.27216,-0.77967,0.12447,0.16650,-0.80943,-0.18818,
1403715560262142976,-2.01171,0.42527,1.02101,0.54131,0.28454,-0.77697,0.14946,0.19368,-0.89617,-0.04972,
1403715560362142976,-1.99208,0.33175,1.01971,0.53203,0.29768,-0.77368,0.17248,0.19377,-0.96094,0.01952,
1403715560462142976,-1.97207,0.23370,1.02304,0.52508,0.31440,-0.76765,0.19016,0.18458,-1.00369,0.02964,
1403715560562142976,-1.95319,0.13174,1.02452,0.51935,0.33102,-0.76025,0.20671,0.17533,-1.03576,0.01528,
1403715560662142976,-1.93382,0.02603,1.02632,0.51380,0.35069,-0.75106,0.22122,0.17328,-1.07933,0.03937,
1403715560762142976,-1.91514,-0.08420,1.02909,0.50843,0.37229,-0.74006,0.23499,0.17272,-1.11936,0.04160,
1403715560862142976,-1.89691,-0.19705,1.03177,0.50444,0.39753,-0.72633,0.24485,0.18476,-1.15302,0.03829,
1403715560962142976,-1.87585,-0.31294,1.03482,-0.49806,-0.42360,0.71214,-0.25565,0.22170,-1.19921,0.04061,
1403715561062142976,-1.85063,-0.43347,1.03781,-0.48895,-0.44770,0.69769,-0.27153,0.25830,-1.23063,0.04160,
1403715561162142976,-1.82258,-0.55544,1.04002,-0.47590,-0.46790,0.68493,-0.29233,0.28694,-1.26055,0.02118,
1403715561262142976,-1.79317,-0.68105,1.04233,-0.46131,-0.48068,0.67589,-0.31514,0.29906,-1.27913,0.01012,
1403715561362142976,-1.76447,-0.80841,1.04485,-0.44396,-0.48468,0.67247,-0.34024,0.27927,-1.28996,0.00920,
1403715561462142976,-1.73876,-0.93723,1.04704,-0.43291,-0.49272,0.66463,-0.35788,0.23055,-1.28835,0.02790,
1403715561562142976,-1.71791,-1.06409,1.05153,-0.43335,-0.50830,0.64854,-0.36502,0.18552,-1.28276,0.05545,
1403715561662142976,-1.70049,-1.19037,1.05627,-0.43728,-0.52683,0.62967,-0.36708,0.17670,-1.28643,0.06383,
1403715561762142976,-1.68231,-1.31357,1.06095,-0.44166,-0.54149,0.60846,-0.37615,0.20313,-1.25563,0.06808,
1403715561862142976,-1.66077,-1.43419,1.06677,-0.44149,-0.55477,0.58764,-0.38987,0.24221,-1.20848,0.08349,
1403715561962142976,-1.63465,-1.54923,1.07482,0.44021,0.56666,-0.56468,0.40774,0.28769,-1.14624,0.11188,
1403715562062142976,-1.60554,-1.65610,1.08464,0.44010,0.57414,-0.54198,0.42771,0.32172,-1.03083,0.12165,
1403715562162142976,-1.57236,-1.75074,1.09617,0.44438,0.57886,-0.52217,0.44134,0.35733,-0.89200,0.13662,
1403715562262142976,-1.53440,-1.82891,1.10700,0.44857,0.58656,-0.50852,0.44288,0.40539,-0.72609,0.11696,
1403715562362142976,-1.49013,-1.88848,1.11575,0.44823,0.59921,-0.50401,0.43130,0.47937,-0.56032,0.09143,
1403715562462142976,-1.43818,-1.93034,1.12082,0.44219,0.61620,-0.50538,0.41153,0.58883,-0.43513,0.06304,
1403715562562142976,-1.37415,-1.96266,1.12703,0.43874,0.63196,-0.49937,0.39845,0.73647,-0.36267,0.09210,
1403715562662142976,-1.29546,-1.98725,1.13382,0.42823,0.64153,-0.49335,0.40208,0.87747,-0.28175,0.05192,
1403715562762142976,-1.20331,-2.00895,1.13899,0.40004,0.64202,-0.50286,0.41822,0.98588,-0.23124,0.05857,
1403715562862142976,-1.10292,-2.02732,1.14425,0.37553,0.64201,-0.50877,0.43354,1.04431,-0.19464,0.04866,
1403715562962142976,-0.99904,-2.04373,1.14891,0.35522,0.64570,-0.50622,0.44792,1.05562,-0.18114,0.05079,
1403715563062142976,-0.89339,-2.06078,1.15340,0.34136,0.65245,-0.49454,0.46175,1.05457,-0.18330,0.05752,
1403715563162142976,-0.78933,-2.07626,1.15990,0.33671,0.66243,-0.47005,0.47630,1.05710,-0.16816,0.07601,
1403715563262142976,-0.68439,-2.08932,1.16646,0.32955,0.67269,-0.43814,0.49691,1.06801,-0.13074,0.07926,
1403715563362142976,-0.57836,-2.09586,1.17183,0.31495,0.68697,-0.40190,0.51707,1.05654,-0.03826,0.07103,
1403715563462142976,-0.47551,-2.09398,1.17634,0.29562,0.70499,-0.36323,0.53260,1.02546,0.03089,0.04499,
1403715563562142976,-0.37453,-2.08417,1.17287,0.27692,0.72230,-0.32419,0.54451,0.99600,0.12564,-0.07299,
1403715563662142976,-0.27836,-2.06423,1.15875,0.26067,0.73609,-0.28623,0.55524,0.94684,0.22554,-0.17578,
1403715563762142976,-0.20189,-2.03212,1.12037,0.24524,0.74574,-0.24933,0.56707,0.88448,0.34508,-0.29391,
1403715563862142976,-0.12436,-1.98750,1.08122,0.21728,0.75103,-0.22049,0.58321,0.83402,0.46580,-0.40659,
1403715563962142976,-0.05248,-1.92988,1.03350,0.18073,0.75735,-0.19556,0.59625,0.74261,0.58541,-0.50165,
1403715564062142976,0.01258,-1.86417,0.97966,0.13562,0.76599,-0.17392,0.60384,0.62856,0.66477,-0.51650,
1403715564162142976,0.06775,-1.79234,0.92830,0.09428,0.77259,-0.14830,0.61011,0.50076,0.69629,-0.47618,
1403715564262142976,0.11170,-1.72118,0.88038,0.05809,0.78004,-0.11755,0.61183,0.37992,0.67797,-0.41188,
1403715564362142976,0.14349,-1.65174,0.84448,0.02986,0.78675,-0.07674,0.61176,0.25543,0.65596,-0.28645,
1403715564462142976,0.16235,-1.58604,0.81980,0.00169,0.80102,-0.03086,0.59784,0.15986,0.62500,-0.13994,
1403715564562142976,0.17532,-1.52063,0.81040,-0.02484,0.81130,0.01601,0.58388,0.08543,0.60720,0.00991,
1403715564662142976,0.18455,-1.45609,0.81298,-0.04867,0.81406,0.06377,0.57522,0.05312,0.59285,0.15570,
1403715564762142976,0.19221,-1.39146,0.83016,-0.06966,0.81120,0.11127,0.56984,0.03174,0.60172,0.28768,
1403715564862142976,0.19684,-1.32538,0.86084,-0.09093,0.80373,0.15601,0.56694,0.02345,0.62453,0.40880,
1403715564962142976,0.20066,-1.25947,0.90743,-0.11277,0.79049,0.19714,0.56880,0.00733,0.65892,0.54241,
1403715565062142976,0.19913,-1.18905,0.96533,-0.13600,0.77734,0.23579,0.56713,-0.05370,0.70022,0.65057,
1403715565162142976,0.18938,-1.11657,1.02843,-0.16721,0.76576,0.26988,0.55929,-0.11738,0.72539,0.59547,
1403715565262142976,0.17355,-1.04048,1.08066,-0.19912,0.75429,0.30035,0.54880,-0.15607,0.73732,0.47451,
1403715565362142976,0.15476,-0.97249,1.12504,-0.23096,0.73721,0.32643,0.54463,-0.18386,0.72352,0.37179,
1403715565462142976,0.13019,-0.90779,1.15730,-0.26294,0.71720,0.35024,0.54205,-0.22772,0.66683,0.25307,
1403715565562142976,0.10303,-0.84788,1.17950,-0.29071,0.69671,0.37769,0.53613,-0.28399,0.59273,0.20969,
1403715565662142976,0.06912,-0.79659,1.20101,-0.31825,0.67578,0.40862,0.52447,-0.34896,0.50292,0.26252,
1403715565762142976,0.02771,-0.75501,1.22617,-0.34423,0.65366,0.44444,0.50666,-0.41846,0.39946,0.29852,
1403715565862142976,-0.02014,-0.72422,1.25421,-0.36854,0.63045,0.48467,0.48146,-0.47254,0.29074,0.33061,
1403715565962142976,-0.07309,-0.70456,1.28440,-0.39482,0.59969,0.52560,0.45634,-0.51387,0.20076,0.33167,
1403715566062142976,-0.12893,-0.69542,1.31316,-0.42266,0.56510,0.56319,0.42992,-0.53409,0.10336,0.31927,
1403715566162142976,-0.18605,-0.68974,1.34343,-0.44612,0.52852,0.59844,0.40437,-0.53120,0.02579,0.31071,
1403715566262142976,-0.24177,-0.69465,1.37293,-0.46875,0.49085,0.62997,0.37746,-0.52979,-0.06851,0.29897,
1403715566362142976,-0.29433,-0.71092,1.40131,-0.48979,0.45213,0.65844,0.34947,-0.50290,-0.16241,0.26691,
1403715566462142976,-0.34349,-0.73443,1.41907,0.50794,-0.41320,-0.68360,-0.32242,-0.48723,-0.23250,0.15711,
1403715566562142976,-0.39176,-0.76360,1.42427,0.52638,-0.37497,-0.70282,-0.29727,-0.47773,-0.30624,0.03892,
1403715566662142976,-0.43692,-0.80060,1.41853,0.54204,-0.33671,-0.71982,-0.27327,-0.44978,-0.39380,-0.07569,
1403715566762142976,-0.47821,-0.84676,1.40566,0.55518,-0.29562,-0.73739,-0.24628,-0.41881,-0.49376,-0.10405,
1403715566862142976,-0.51790,-0.90254,1.39366,0.56770,-0.25369,-0.75385,-0.21229,-0.38121,-0.58347,-0.07233,
1403715566962142976,-0.55319,-0.96509,1.38497,0.58140,-0.20704,-0.76697,-0.17567,-0.33403,-0.66119,-0.07107,
1403715567062142976,-0.58108,-1.03493,1.37580,0.58866,-0.15892,-0.78148,-0.13235,-0.26343,-0.73991,-0.08459,
1403715567162142976,-0.60287,-1.11040,1.36707,0.59406,-0.10889,-0.79264,-0.08342,-0.19856,-0.78426,-0.05888,
1403715567262142976,-0.61664,-1.18838,1.35772,0.59166,-0.05384,-0.80359,-0.03585,-0.13182,-0.79776,-0.08093,
1403715567362142976,-0.62666,-1.26506,1.34512,0.58476,0.00700,-0.81114,0.00777,-0.08972,-0.79774,-0.11283,
1403715567462142976,-0.63010,-1.34186,1.32575,0.57456,0.07131,-0.81403,0.04634,-0.04890,-0.79082,-0.23599,
1403715567562142976,-0.63419,-1.42131,1.29402,0.56439,0.13259,-0.81067,0.08187,-0.02782,-0.79271,-0.38554,
1403715567662142976,-0.63667,-1.50604,1.25213,0.55692,0.18769,-0.80037,0.11842,-0.00538,-0.81405,-0.46921,
1403715567762142976,-0.63464,-1.59436,1.20654,0.55246,0.23997,-0.78276,0.15650,0.02182,-0.83277,-0.48841,
1403715567862142976,-0.62817,-1.68644,1.16161,0.54635,0.28968,-0.76161,0.19375,0.05899,-0.84715,-0.47807,
1403715567962142976,-0.61292,-1.78381,1.11960,0.53606,0.33970,-0.73886,0.22657,0.11040,-0.85905,-0.44975,
1403715568062142976,-0.59140,-1.87289,1.08105,0.52766,0.38561,-0.71138,0.25850,0.17772,-0.85097,-0.39871,
1403715568162142976,-0.56669,-1.96070,1.04499,0.51779,0.42608,-0.68203,0.29186,0.25931,-0.82379,-0.37187,
1403715568262142976,-0.53196,-2.03956,1.01112,0.50205,0.46463,-0.65360,0.32383,0.34334,-0.77744,-0.37688,
1403715568362142976,-0.48706,-2.11266,0.98152,-0.48273,-0.49998,0.62547,-0.35465,0.41319,-0.71373,-0.33788,
1403715568462142976,-0.43981,-2.18509,0.95153,-0.46272,-0.53359,0.59604,-0.38198,0.47117,-0.65302,-0.28653,
1403715568562142976,-0.38339,-2.24223,0.92971,0.44105,0.56643,-0.56477,0.40701,0.54055,-0.56558,-0.21917,
1403715568662142976,-0.33823,-2.33489,0.89140,0.41855,0.59818,-0.53295,0.42774,0.55943,-0.53791,-0.19485,
1403715568762142976,-0.26639,-2.33767,0.89598,0.39406,0.62771,-0.49820,0.45000,0.63588,-0.38829,-0.11784,
1403715568862142976,-0.19931,-2.36875,0.88651,0.36773,0.65606,-0.46445,0.46760,0.66864,-0.30396,-0.08825,
1403715568962142976,-0.12968,-2.39324,0.87659,0.33938,0.68184,-0.43433,0.48091,0.68596,-0.22338,-0.09616,
1403715569062142976,-0.05551,-2.41347,0.86444,0.31347,0.70473,-0.40585,0.49028,0.70909,-0.16442,-0.10826,
1403715569162142976,0.01802,-2.42713,0.85270,0.28698,0.72385,-0.37791,0.50087,0.73194,-0.11755,-0.11413,
1403715569262142976,0.09524,-2.43952,0.84150,0.26278,0.73588,-0.35307,0.51455,0.74093,-0.10055,-0.07321,
1403715569362142976,0.17076,-2.44875,0.83422,0.24917,0.73857,-0.32659,0.53458,0.73156,-0.06834,-0.06095,
1403715569462142976,0.24321,-2.45154,0.82969,0.23775,0.74013,-0.30198,0.55181,0.71168,-0.00820,-0.03369,
1403715569562142976,0.31523,-2.44838,0.82536,0.22798,0.74629,-0.27625,0.56103,0.67863,0.07063,-0.01607,
1403715569662142976,0.38166,-2.43570,0.82120,0.21497,0.75601,-0.25054,0.56522,0.64144,0.16390,-0.03082,
1403715569762142976,0.44273,-2.41035,0.81356,0.19519,0.76743,-0.22539,0.56758,0.60281,0.27122,-0.02171,
1403715569862142976,0.50143,-2.37940,0.81086,0.16856,0.77787,-0.19817,0.57204,0.57043,0.35531,-0.00111,
1403715569962142976,0.56086,-2.34077,0.80990,0.14543,0.78306,-0.16517,0.58171,0.53303,0.43692,0.01271,
1403715570062142976,0.61719,-2.29492,0.80886,0.12080,0.78722,-0.13112,0.59034,0.48769,0.50058,-0.00033,
1403715570162142976,0.66781,-2.24190,0.80665,0.09496,0.79093,-0.09554,0.59690,0.44122,0.56135,-0.01160,
1403715570262142976,0.70960,-2.18171,0.80398,0.06733,0.79385,-0.05856,0.60153,0.36483,0.62689,-0.01281,
1403715570362142976,0.74383,-2.11502,0.79938,0.03879,0.79344,-0.01905,0.60712,0.28005,0.68715,-0.03722,
1403715570462142976,0.76970,-2.04483,0.79243,0.00734,0.79088,0.02139,0.61155,0.19211,0.73763,-0.04924,
1403715570562142976,0.78745,-1.96873,0.78460,-0.02335,0.78608,0.06431,0.61433,0.07501,0.77772,-0.08084,
1403715570662142976,0.78975,-1.88880,0.77298,-0.05503,0.78346,0.10763,0.60958,-0.05270,0.80103,-0.13166,
1403715570762142976,0.78227,-1.80542,0.75843,-0.08746,0.78207,0.15067,0.59834,-0.15777,0.82887,-0.12615,
1403715570862142976,0.76452,-1.71934,0.74505,-0.11957,0.77635,0.19458,0.58747,-0.24089,0.84702,-0.12810,
1403715570962142976,0.73641,-1.63370,0.73058,-0.14990,0.76983,0.23577,0.57385,-0.32178,0.84585,-0.14582,
1403715571062142976,0.70078,-1.54886,0.71607,-0.17754,0.76370,0.26821,0.55974,-0.36969,0.83996,-0.15053,
1403715571162142976,0.66357,-1.46584,0.69981,-0.20235,0.75694,0.28659,0.55133,-0.39380,0.81564,-0.14066,
1403715571262142976,0.62296,-1.38674,0.68795,-0.22041,0.74335,0.29700,0.55736,-0.42117,0.76995,-0.09886,
1403715571362142976,0.57833,-1.31317,0.67761,-0.22888,0.73098,0.30339,0.56677,-0.47857,0.69660,-0.09439,
1403715571462142976,0.52506,-1.24813,0.66805,-0.22907,0.73193,0.30940,0.56221,-0.53734,0.63360,-0.10712,
1403715571562142976,0.47002,-1.18757,0.65501,-0.23132,0.74312,0.31037,0.54583,-0.58484,0.58238,-0.15031,
1403715571662142976,0.41107,-1.12960,0.63451,-0.24622,0.76213,0.29992,0.51826,-0.58088,0.56098,-0.26310,
1403715571762142976,0.35466,-1.07317,0.60141,-0.26677,0.78555,0.28241,0.48165,-0.49590,0.51369,-0.38287,
1403715571862142976,0.31199,-1.02819,0.56322,-0.27832,0.80633,0.27026,0.44646,-0.30519,0.45416,-0.38095,
1403715571962142976,0.29446,-0.99784,0.52693,-0.27975,0.82294,0.26470,0.41765,-0.03220,0.38586,-0.35299,
1403715572062142976,0.29593,-0.98094,0.49305,-0.26769,0.83345,0.27085,0.40043,0.28785,0.32380,-0.29887,
1403715572162142976,0.33129,-0.94660,0.46023,-0.23869,0.83181,0.29525,0.40490,0.59089,0.35928,-0.24433,
1403715572262142976,0.39960,-0.90346,0.43450,-0.21488,0.81031,0.32772,0.43569,0.81196,0.48686,-0.19390,
1403715572362142976,0.48589,-0.84778,0.41426,-0.20428,0.77196,0.36156,0.48128,0.89109,0.63211,-0.20697,
1403715572462142976,0.57333,-0.78080,0.39246,-0.21080,0.73346,0.38693,0.51757,0.83569,0.72744,-0.25153,
1403715572562142976,0.65308,-0.70678,0.36771,-0.23015,0.70870,0.40473,0.53007,0.73499,0.78783,-0.26380,
1403715572662142976,0.72240,-0.62760,0.34350,-0.25002,0.68992,0.42421,0.53061,0.59921,0.82269,-0.25519,
1403715572762142976,0.77752,-0.54550,0.32194,-0.26620,0.67578,0.44786,0.52142,0.46711,0.84487,-0.21009,
1403715572862142976,0.81789,-0.46037,0.30937,-0.28690,0.66631,0.46839,0.50431,0.32827,0.86556,-0.06746,
1403715572962142976,0.84738,-0.37345,0.31011,-0.31206,0.65388,0.48518,0.48955,0.23347,0.88034,0.06045,
1403715573062142976,0.86684,-0.28470,0.32338,-0.33625,0.63813,0.50212,0.47708,0.14275,0.87769,0.19484,
1403715573162142976,0.87832,-0.19769,0.34747,-0.36035,0.62306,0.51887,0.46121,0.08030,0.84654,0.27345,
1403715573262142976,0.88071,-0.11393,0.37340,-0.37985,0.60751,0.53799,0.44409,0.02705,0.80740,0.25708,
1403715573362142976,0.88142,-0.03379,0.39632,-0.39716,0.59282,0.55804,0.42358,0.00852,0.77570,0.22680,
1403715573462142976,0.87972,0.04228,0.41787,-0.41575,0.57977,0.57592,0.39916,0.00881,0.76100,0.19519,
1403715573562142976,0.87962,0.11495,0.44006,-0.43394,0.56683,0.59206,0.37399,0.03381,0.74361,0.21200,
1403715573662142976,0.88196,0.18542,0.46342,-0.44285,0.54754,0.61315,0.35795,0.06998,0.74130,0.21695,
1403715573762142976,0.88764,0.25973,0.48361,-0.44181,0.52494,0.64016,0.34559,0.07871,0.76065,0.20403,
1403715573862142976,0.89389,0.33813,0.50218,-0.43890,0.50078,0.66836,0.33149,0.05624,0.78897,0.20390,
1403715573962142976,0.89768,0.41934,0.52111,-0.44220,0.47658,0.69326,0.31100,0.00784,0.83729,0.20329,
1403715574062142976,0.89554,0.50017,0.53983,-0.44907,0.45047,0.71697,0.28525,-0.05143,0.89730,0.21645,
1403715574162142976,0.88857,0.59087,0.56094,-0.46231,0.42007,0.73628,0.26018,-0.11256,0.97403,0.24240,
1403715574262142976,0.87708,0.68468,0.58346,-0.48141,0.38051,0.75043,0.24556,-0.15287,1.02953,0.25148,
1403715574362142976,0.86193,0.79104,0.60855,-0.49837,0.33419,0.76162,0.24472,-0.20095,1.04827,0.24700,
1403715574462142976,0.84000,0.89370,0.62973,0.50596,-0.29468,-0.77166,-0.24840,-0.25200,1.01131,0.19085,
1403715574562142976,0.81032,0.99004,0.64478,0.50907,-0.26859,-0.77918,-0.24815,-0.34146,0.93189,0.15053,
1403715574662142976,0.77214,1.07512,0.65377,0.50691,-0.24971,-0.78841,-0.24308,-0.43710,0.83349,0.12020,
1403715574762142976,0.72121,1.16265,0.66302,0.50752,-0.23702,-0.79548,-0.23119,-0.55305,0.74291,0.09039,
1403715574862142976,0.66025,1.23517,0.67333,0.51343,-0.23735,-0.79760,-0.20950,-0.66518,0.66310,0.10477,
1403715574962142976,0.59028,1.30481,0.68820,0.52454,-0.24016,-0.79356,-0.19349,-0.73427,0.62048,0.15119,
1403715575062142976,0.51454,1.37102,0.70846,0.53619,-0.24026,-0.78690,-0.18859,-0.76592,0.59947,0.19357,
1403715575162142976,0.43782,1.42841,0.73033,0.55095,-0.23701,-0.77624,-0.19425,-0.77298,0.54867,0.24170,
1403715575262142976,0.36082,1.47928,0.75457,0.56860,-0.23167,-0.76158,-0.20740,-0.74962,0.46334,0.23016,
1403715575362142976,0.28905,1.51712,0.77322,0.56548,-0.23491,-0.76097,-0.21443,-0.70955,0.34692,0.15788,
1403715575462142976,0.22073,1.54510,0.78996,0.55192,-0.24442,-0.76796,-0.21418,-0.68776,0.24689,0.18219,
1403715575562142976,0.15058,1.56516,0.81145,0.54235,-0.24452,-0.77077,-0.22801,-0.69683,0.16495,0.25014,
1403715575662142976,0.07597,1.57522,0.83662,0.53968,-0.23640,-0.76792,-0.25130,-0.74036,0.03647,0.26243,
1403715575762142976,-0.00531,1.57154,0.86094,0.53621,-0.23114,-0.76598,-0.26895,-0.81063,-0.12983,0.23534,
1403715575862142976,-0.09220,1.54933,0.88136,0.53144,-0.23550,-0.76687,-0.27207,-0.87960,-0.30537,0.21108,
1403715575962142976,-0.18185,1.50926,0.89899,0.53289,-0.24794,-0.76594,-0.26056,-0.93430,-0.46265,0.18140,
1403715576062142976,-0.27778,1.45700,0.91576,0.53646,-0.26302,-0.76423,-0.24287,-0.97683,-0.57713,0.17679,
1403715576162142976,-0.37671,1.39553,0.93275,0.54089,-0.27235,-0.76143,-0.23127,-0.99644,-0.64952,0.15278,
1403715576262142976,-0.47719,1.32811,0.94868,0.54443,-0.27795,-0.75938,-0.22291,-1.00027,-0.69372,0.16576,
1403715576362142976,-0.57435,1.25638,0.96708,0.55253,-0.27530,-0.75402,-0.22444,-0.98572,-0.73817,0.20158,
1403715576462142976,-0.66987,1.17795,0.98925,0.56837,-0.26964,-0.74299,-0.22852,-0.94948,-0.80782,0.23677,
1403715576562142976,-0.75837,1.09164,1.01266,0.58110,-0.26516,-0.73262,-0.23511,-0.87165,-0.90176,0.24799,
1403715576662142976,-0.83803,0.99509,1.03626,0.58712,-0.26368,-0.72559,-0.24346,-0.77503,-1.02490,0.22778,
1403715576762142976,-0.90714,0.88653,1.05840,0.58203,-0.26963,-0.72562,-0.24904,-0.67965,-1.15037,0.23126,
1403715576862142976,-0.96581,0.76581,1.07847,0.56625,-0.28284,-0.73285,-0.24959,-0.59603,-1.26655,0.22262,
1403715576962142976,-1.02010,0.63545,1.10002,0.54972,-0.29639,-0.74036,-0.24864,-0.55824,-1.34736,0.23255,
1403715577062142976,-1.07052,0.49969,1.12250,0.54416,-0.31379,-0.73924,-0.24281,-0.52686,-1.39705,0.22861,
1403715577162142976,-1.11939,0.36110,1.14283,0.54203,-0.33461,-0.73385,-0.23602,-0.49422,-1.40645,0.18547,
1403715577262142976,-1.16456,0.22248,1.15225,0.54152,-0.35034,-0.72756,-0.23384,-0.45959,-1.38991,0.00620,
1403715577362142976,-1.20293,0.08735,1.13910,0.53903,-0.35594,-0.72470,-0.23991,-0.42127,-1.37502,-0.21010,
1403715577462142976,-1.23866,-0.04658,1.11145,0.53566,-0.35702,-0.72422,-0.24720,-0.37572,-1.38170,-0.28119,
1403715577562142976,-1.26980,-0.17947,1.08200,0.53368,-0.35761,-0.72402,-0.25119,-0.33789,-1.37763,-0.23447,
1403715577662142976,-1.29808,-0.31421,1.06354,0.53258,-0.35938,-0.72382,-0.25159,-0.29384,-1.37715,-0.08520,
1403715577762142976,-1.32248,-0.44882,1.05877,0.53334,-0.36419,-0.72301,-0.24529,-0.25473,-1.36438,0.02451,
1403715577862142976,-1.34305,-0.58240,1.05634,0.53632,-0.37428,-0.71806,-0.23805,-0.18784,-1.33061,-0.06110,
1403715577962142976,-1.35648,-0.71076,1.04202,0.53590,-0.38922,-0.71178,-0.23385,-0.10970,-1.29634,-0.22554,
1403715578062142976,-1.36238,-0.83668,1.01159,0.53082,-0.41152,-0.70471,-0.22862,-0.02780,-1.24022,-0.37380,
1403715578162142976,-1.35846,-0.95709,0.96824,0.51933,-0.44580,-0.69725,-0.21305,0.07839,-1.16068,-0.49348,
1403715578262142976,-1.34331,-1.06174,0.92048,0.50788,-0.47405,-0.68566,-0.21726,0.20592,-0.97406,-0.45656,
1403715578362142976,-1.31526,-1.14829,0.87509,-0.49602,0.49390,0.67257,0.24019,0.35454,-0.84613,-0.45467,
1403715578462142976,-1.27346,-1.22165,0.82933,-0.47814,0.51138,0.66196,0.26773,0.45019,-0.71594,-0.45152,
1403715578562142976,-1.22526,-1.28562,0.78225,-0.44542,0.52850,0.66117,0.29182,0.50926,-0.61020,-0.48842,
1403715578662142976,-1.17697,-1.34104,0.73149,-0.40256,0.54664,0.66976,0.30092,0.49250,-0.46662,-0.48225,
1403715578762142976,-1.13313,-1.38074,0.68189,-0.36961,0.56254,0.67496,0.30226,0.43265,-0.25947,-0.45293,
1403715578862142976,-1.09537,-1.39221,0.63610,-0.35517,0.57300,0.67322,0.30381,0.35162,-0.00447,-0.41106,
1403715578962142976,-1.06608,-1.37890,0.59405,-0.35446,0.56809,0.66934,0.32191,0.25904,0.26801,-0.33169,
1403715579062142976,-1.04417,-1.34555,0.55958,-0.35881,0.54933,0.66642,0.35408,0.14533,0.45858,-0.23863,
1403715579162142976,-1.03816,-1.29406,0.54058,-0.35999,0.52251,0.66594,0.39233,-0.04227,0.57967,-0.10202,
1403715579262142976,-1.05451,-1.23371,0.53419,-0.36492,0.49699,0.66241,0.42550,-0.27445,0.60900,-0.04061,
1403715579362142976,-1.09460,-1.17352,0.52991,-0.36919,0.48899,0.65852,0.43696,-0.49849,0.58926,-0.07076,
1403715579462142976,-1.15624,-1.11591,0.52314,-0.37191,0.49357,0.65610,0.43314,-0.72025,0.55687,-0.08863,
1403715579562142976,-1.23746,-1.05979,0.51508,-0.37710,0.50869,0.65334,0.41494,-0.91069,0.54450,-0.07324,
1403715579662142976,-1.33628,-1.00288,0.51064,-0.38535,0.51322,0.64994,0.40704,-1.06135,0.57299,-0.02409,
1403715579762142976,-1.44934,-0.94550,0.51078,-0.39886,0.51358,0.64399,0.40302,-1.17955,0.56989,0.04366,
1403715579862142976,-1.57387,-0.88890,0.52079,-0.40355,0.50805,0.64269,0.40740,-1.28938,0.54842,0.16073,
1403715579962142976,-1.70890,-0.83434,0.53986,-0.40787,0.51127,0.63696,0.40808,-1.38116,0.51677,0.20318,
1403715580062142976,-1.85133,-0.78270,0.55667,-0.41204,0.52419,0.62338,0.40846,-1.43442,0.49471,0.11998,
1403715580162142976,-1.99729,-0.73472,0.56076,-0.41139,0.54188,0.60575,0.41255,-1.46544,0.46063,-0.01983,
1403715580262142976,-2.14443,-0.68885,0.55440,-0.40612,0.56179,0.58622,0.41929,-1.48903,0.43114,-0.09152,
1403715580362142976,-2.29484,-0.64828,0.54367,-0.40326,0.58493,0.56122,0.42458,-1.48900,0.39113,-0.08947,
1403715580462142976,-2.44390,-0.61184,0.53414,-0.39980,0.60931,0.53431,0.42828,-1.46610,0.34677,-0.05789,
1403715580562142976,-2.59046,-0.58055,0.52669,-0.39620,0.63134,0.51087,0.42831,-1.42854,0.30712,-0.04946,
1403715580662142976,-2.73044,-0.55251,0.51866,-0.39580,0.65235,0.49166,0.41959,-1.34497,0.26700,-0.06195,
1403715580762142976,-2.86009,-0.52896,0.51007,-0.39684,0.67074,0.47571,0.40783,-1.21212,0.24869,-0.04653,
1403715580862142976,-2.97450,-0.50525,0.50322,-0.40260,0.68691,0.45967,0.39341,-1.03614,0.23156,-0.03763,
1403715580962142976,-3.06880,-0.48250,0.49895,-0.41072,0.70320,0.44490,0.37267,-0.79561,0.22079,-0.00327,
1403715581062142976,-3.13762,-0.46216,0.49877,-0.40289,0.71112,0.44647,0.36421,-0.51394,0.21549,0.02424,
1403715581162142976,-3.17894,-0.44110,0.50231,-0.38807,0.71342,0.45490,0.36537,-0.23597,0.25867,0.08405,
1403715581262142976,-3.19507,-0.41604,0.51000,-0.37738,0.70657,0.46211,0.38052,-0.02719,0.30591,0.09889,
1403715581362142976,-3.19219,-0.38439,0.51812,-0.38072,0.69724,0.46591,0.38966,0.13976,0.34699,0.10300,
1403715581462142976,-3.17148,-0.34972,0.52448,-0.38310,0.68250,0.47998,0.39629,0.28562,0.36082,0.08612,
1403715581562142976,-3.13815,-0.31115,0.52665,-0.37948,0.65629,0.50647,0.41081,0.37138,0.39973,-0.00917,
1403715581662142976,-3.10086,-0.26764,0.51584,-0.37786,0.62725,0.53594,0.42017,0.38973,0.43197,-0.14143,
1403715581762142976,-3.06310,-0.22186,0.49591,-0.37747,0.59657,0.56788,0.42324,0.36628,0.45515,-0.17783,
1403715581862142976,-3.03045,-0.17401,0.48002,-0.38009,0.56438,0.59912,0.42198,0.28163,0.47211,-0.08577,
1403715581962142976,-3.00945,-0.12490,0.47513,-0.39651,0.54253,0.61925,0.40616,0.17234,0.48216,0.01681,
1403715582062142976,-2.99896,-0.07602,0.48443,-0.42632,0.52036,0.62658,0.39354,0.09191,0.47162,0.14363,
1403715582162142976,-2.99478,-0.03026,0.49998,-0.45346,0.49691,0.62993,0.38814,0.05289,0.41219,0.13670,
1403715582262142976,-2.99257,0.00776,0.50647,-0.46875,0.48162,0.63438,0.38194,0.03793,0.33917,-0.02007,
1403715582362142976,-2.99101,0.03829,0.49800,-0.46437,0.47851,0.64639,0.37090,0.02991,0.27957,-0.12247,
1403715582462142976,-2.99205,0.06328,0.48607,-0.45365,0.48053,0.65805,0.36092,-0.00430,0.23848,-0.11932,
1403715582562142976,-2.99801,0.08616,0.48015,-0.44210,0.48586,0.66669,0.35216,-0.05422,0.23441,-0.00883,
1403715582662142976,-3.01020,0.11114,0.48733,-0.43308,0.49172,0.67075,0.34750,-0.11900,0.25592,0.11331,
1403715582762142976,-3.02790,0.13788,0.50011,-0.42596,0.49872,0.67122,0.34539,-0.17281,0.29614,0.10342,
1403715582862142976,-3.04952,0.16777,0.50470,-0.41626,0.50791,0.67217,0.34198,-0.21897,0.32947,-0.02253,
1403715582962142976,-3.07934,0.20328,0.49448,-0.40362,0.51773,0.67452,0.33775,-0.28256,0.39877,-0.16530,
1403715583062142976,-3.11176,0.24859,0.47370,-0.39455,0.52567,0.67519,0.33483,-0.35165,0.50332,-0.26853,
1403715583162142976,-3.15239,0.30857,0.44994,-0.40240,0.52622,0.66635,0.34227,-0.42283,0.64222,-0.23675,
1403715583262142976,-3.19880,0.37833,0.42851,-0.42722,0.52052,0.64734,0.35707,-0.46475,0.69606,-0.21442,
1403715583362142976,-3.24601,0.44977,0.40759,-0.45566,0.51369,0.62598,0.36965,-0.46426,0.68968,-0.22920,
1403715583462142976,-3.29283,0.51818,0.38447,-0.48094,0.50623,0.60705,0.37936,-0.44992,0.63468,-0.24820,
1403715583562142976,-3.33505,0.57553,0.35963,0.50180,-0.49564,-0.59179,-0.39029,-0.39263,0.50953,-0.23546,
1403715583662142976,-3.37180,0.61790,0.33805,0.52860,-0.47583,-0.57081,-0.41030,-0.31289,0.30915,-0.21927,
1403715583762142976,-3.40097,0.63645,0.31505,0.55200,-0.45371,-0.55114,-0.43092,-0.22765,0.02178,-0.22239,
1403715583862142976,-3.41902,0.61859,0.29677,0.56832,-0.43795,-0.53748,-0.44310,-0.13273,-0.37263,-0.12163,
1403715583962142976,-3.42574,0.55759,0.29374,0.57433,-0.43854,-0.53473,-0.43806,-0.00471,-0.81939,0.05455,
1403715584062142976,-3.41758,0.45325,0.30901,0.57255,-0.45207,-0.54070,-0.41888,0.16027,-1.23303,0.24081,
1403715584162142976,-3.39137,0.31257,0.34060,0.55776,-0.47515,-0.55730,-0.39058,0.32795,-1.55892,0.40122,
1403715584262142976,-3.34859,0.14550,0.38535,0.53013,-0.50210,-0.58260,-0.35699,0.49605,-1.75098,0.48222,
1403715584362142976,-3.29172,-0.03283,0.42756,0.50007,-0.52305,-0.60742,-0.32770,0.60342,-1.78499,0.35310,
1403715584462142976,-3.22429,-0.21085,0.45146,-0.47530,0.53356,0.62602,0.31224,0.70067,-1.76227,0.15982,
1403715584562142976,-3.15169,-0.38312,0.46320,-0.46045,0.53804,0.63661,0.30534,0.76831,-1.66365,0.12534,
1403715584662142976,-3.06496,-0.54281,0.47313,-0.44767,0.53635,0.64646,0.30661,0.83945,-1.53845,0.13629,
1403715584762142976,-2.97693,-0.69078,0.48588,-0.42895,0.52920,0.66017,0.31642,0.85568,-1.39042,0.16691,
1403715584862142976,-2.88981,-0.82502,0.50145,-0.41674,0.52472,0.66766,0.32438,0.82293,-1.26225,0.19206,
1403715584962142976,-2.80801,-0.94770,0.51768,-0.39942,0.52092,0.67844,0.32989,0.76006,-1.13303,0.18159,
1403715585062142976,-2.73638,-1.05866,0.53051,-0.38068,0.52547,0.68804,0.32490,0.65655,-0.99458,0.14458,
1403715585162142976,-2.67785,-1.15099,0.54429,-0.36729,0.53448,0.69289,0.31518,0.52859,-0.80485,0.15688,
1403715585262142976,-2.63064,-1.21841,0.56166,-0.36615,0.53695,0.69268,0.31275,0.40945,-0.55815,0.20606,
1403715585362142976,-2.59469,-1.26298,0.58359,-0.37823,0.52989,0.68730,0.32215,0.29761,-0.34909,0.23448,
1403715585462142976,-2.56561,-1.29306,0.60581,-0.39037,0.52114,0.68244,0.33211,0.20568,-0.20885,0.22812,
1403715585562142976,-2.54521,-1.31215,0.62766,-0.40274,0.51025,0.67757,0.34401,0.11546,-0.10523,0.21290,
1403715585662142976,-2.53730,-1.31808,0.64588,-0.41089,0.50265,0.67460,0.35133,0.03325,-0.03239,0.15372,
1403715585762142976,-2.53712,-1.31892,0.65405,-0.41264,0.50058,0.67472,0.35200,-0.04587,0.02122,0.02291,
1403715585862142976,-2.54742,-1.31297,0.64309,-0.41721,0.50503,0.67221,0.34500,-0.10301,0.05997,-0.23362,
1403715585962142976,-2.56124,-1.30255,0.61295,-0.42805,0.51708,0.66437,0.32866,-0.14105,0.12588,-0.32299,
1403715586062142976,-2.57608,-1.28375,0.58343,-0.44583,0.53090,0.65025,0.31075,-0.12177,0.22694,-0.21945,
1403715586162142976,-2.58558,-1.25510,0.56938,-0.46848,0.52799,0.63332,0.31727,-0.04293,0.29844,-0.06057,
1403715586262142976,-2.58690,-1.22419,0.56781,-0.47593,0.51365,0.62821,0.33912,0.03995,0.28604,0.01626,
1403715586362142976,-2.57948,-1.19511,0.56856,-0.47190,0.49496,0.63154,0.36535,0.07147,0.25468,0.01314,
1403715586462142976,-2.57631,-1.17199,0.56894,-0.47010,0.47934,0.63232,0.38653,0.04385,0.18242,-0.00913,
1403715586562142976,-2.57295,-1.15736,0.56878,-0.47195,0.47145,0.63110,0.39587,0.01306,0.07119,-0.01226,
1403715586662142976,-2.57328,-1.15400,0.56897,-0.47205,0.47095,0.63098,0.39653,-0.02326,-0.04286,-0.02425,
1403715586762142976,-2.57280,-1.16165,0.56767,-0.46994,0.48021,0.63307,0.38443,-0.03996,-0.15193,-0.04133,
1403715586862142976,-2.58373,-1.18233,0.56832,-0.46094,0.49743,0.63815,0.36450,-0.06098,-0.21891,-0.02065,
1403715586962142976,-2.59146,-1.20467,0.57055,-0.45094,0.50972,0.64330,0.35072,-0.06557,-0.22523,0.01481,
1403715587062142976,-2.59827,-1.22616,0.57464,-0.44721,0.51519,0.64420,0.34582,-0.06247,-0.20305,0.03866,
1403715587162142976,-2.60485,-1.24472,0.58228,-0.44939,0.51192,0.64196,0.35196,-0.06206,-0.18051,0.09677,
1403715587262142976,-2.61185,-1.26232,0.59557,-0.45556,0.50194,0.63899,0.36359,-0.07658,-0.17809,0.14688,
1403715587362142976,-2.62103,-1.28256,0.61041,-0.46326,0.49709,0.63661,0.36472,-0.09990,-0.21555,0.13739,
1403715587462142976,-2.63069,-1.30545,0.62584,-0.47405,0.50019,0.63154,0.35531,-0.08437,-0.24910,0.13457,
1403715587562142976,-2.63559,-1.33178,0.64170,-0.47997,0.51118,0.62475,0.34354,-0.02019,-0.28160,0.14859,
1403715587662142976,-2.63281,-1.36104,0.65872,-0.48064,0.52890,0.61436,0.33439,0.07608,-0.30053,0.15487,
1403715587762142976,-2.61840,-1.39125,0.67592,-0.47197,0.54912,0.60374,0.33349,0.20609,-0.29865,0.16502,
1403715587862142976,-2.59185,-1.42009,0.69474,-0.46070,0.56988,0.58673,0.34460,0.32794,-0.28035,0.19180,
1403715587962142976,-2.55241,-1.44801,0.71483,-0.44450,0.58665,0.56665,0.37036,0.44321,-0.27777,0.21336,
1403715588062142976,-2.50345,-1.47678,0.73416,-0.42841,0.59951,0.54274,0.40311,0.51604,-0.30332,0.18686,
1403715588162142976,-2.44932,-1.51007,0.74467,-0.41212,0.61169,0.51675,0.43471,0.55472,-0.36108,0.02943,
1403715588262142976,-2.39384,-1.54923,0.73374,-0.39664,0.62588,0.48822,0.46108,0.55560,-0.43007,-0.21571,
1403715588362142976,-2.33968,-1.59425,0.70095,-0.38088,0.64363,0.45957,0.47902,0.54417,-0.52290,-0.33247,
1403715588462142976,-2.29057,-1.64742,0.66064,-0.36244,0.65979,0.43385,0.49506,0.52597,-0.62449,-0.33613,
1403715588562142976,-2.24074,-1.71215,0.62424,-0.34380,0.67660,0.40975,0.50608,0.51467,-0.72141,-0.32213,
1403715588662142976,-2.19087,-1.78555,0.58885,-0.32310,0.69630,0.38831,0.50988,0.49740,-0.80630,-0.33729,
1403715588762142976,-2.14069,-1.86617,0.55284,-0.29743,0.71795,0.37111,0.50829,0.48996,-0.86167,-0.33865,
1403715588862142976,-2.08986,-1.95006,0.51472,-0.26455,0.74184,0.35798,0.50154,0.50001,-0.87489,-0.35817,
1403715588962142976,-2.03635,-2.03242,0.47572,-0.22938,0.76647,0.34609,0.49003,0.52911,-0.82703,-0.36609,
1403715589062142976,-1.97955,-2.10609,0.43937,-0.19946,0.78768,0.33058,0.48009,0.58104,-0.71161,-0.28428,
1403715589162142976,-1.91539,-2.16709,0.41511,-0.17857,0.80171,0.31231,0.47733,0.67531,-0.55111,-0.14054,
1403715589262142976,-1.83752,-2.21078,0.40572,-0.16282,0.81104,0.29481,0.47832,0.77071,-0.39507,0.00005,
1403715589362142976,-1.74902,-2.24182,0.40739,-0.14701,0.82249,0.27795,0.47396,0.88525,-0.25502,0.12450,
1403715589462142976,-1.64936,-2.25900,0.41768,-0.13414,0.83408,0.25882,0.46833,1.01395,-0.10878,0.14734,
1403715589562142976,-1.53850,-2.26183,0.43133,-0.12023,0.84289,0.24404,0.46424,1.16265,0.03755,0.18194,
1403715589662142976,-1.41265,-2.24792,0.45543,-0.11183,0.84757,0.23358,0.46321,1.34894,0.21857,0.33578,
1403715589762142976,-1.26751,-2.21650,0.49718,-0.11033,0.84066,0.22689,0.47920,1.54258,0.40422,0.54584,
1403715589862142976,-1.10635,-2.17020,0.55862,-0.11760,0.81783,0.22105,0.51813,1.64241,0.52402,0.66179,
1403715589962142976,-0.93906,-2.11446,0.62232,-0.12908,0.79930,0.21461,0.54626,1.63856,0.58558,0.60033,
1403715590062142976,-0.77898,-2.05481,0.67861,-0.13660,0.78859,0.21213,0.56077,1.60616,0.60981,0.53739,
1403715590162142976,-0.61877,-1.99411,0.73027,-0.13646,0.78524,0.21553,0.56420,1.54817,0.62144,0.49532,
1403715590262142976,-0.46384,-1.93021,0.77571,-0.13448,0.78667,0.22544,0.55878,1.48772,0.64754,0.45740,
1403715590362142976,-0.31581,-1.86162,0.81997,-0.13081,0.78348,0.24565,0.55560,1.43486,0.71490,0.44541,
1403715590462142976,-0.17508,-1.78418,0.86226,-0.13042,0.77548,0.27354,0.55389,1.37455,0.82238,0.41827,
1403715590562142976,-0.04249,-1.69505,0.89983,-0.13566,0.76503,0.30542,0.55049,1.28906,0.93967,0.38574,
1403715590662142976,0.08097,-1.59554,0.93646,-0.15120,0.75796,0.33497,0.53891,1.18753,1.05043,0.34884,
1403715590762142976,0.19214,-1.48410,0.97010,-0.18359,0.75371,0.35567,0.52126,1.10188,1.16329,0.34923,
1403715590862142976,0.29611,-1.36469,1.00759,-0.21931,0.74051,0.37603,0.51201,1.03700,1.23307,0.38028,
1403715590962142976,0.39699,-1.24020,1.04622,-0.25005,0.72174,0.40225,0.50473,0.97782,1.26882,0.37163,
1403715591062142976,0.49005,-1.11398,1.08204,-0.27319,0.70371,0.43433,0.49145,0.91076,1.29206,0.34956,
1403715591162142976,0.57381,-0.98625,1.11646,-0.29137,0.68191,0.47111,0.47767,0.85493,1.31196,0.32136,
1403715591262142976,0.64981,-0.85506,1.14708,-0.30384,0.65532,0.51136,0.46556,0.76426,1.33608,0.29159,
1403715591362142976,0.71776,-0.71885,1.17526,-0.31750,0.62630,0.54879,0.45362,0.65082,1.38759,0.27841,
1403715591462142976,0.77548,-0.57760,1.20157,-0.33447,0.59740,0.58152,0.43941,0.52753,1.42367,0.24593,
1403715591562142976,0.81988,-0.43577,1.22047,-0.35307,0.57194,0.61007,0.41956,0.40407,1.44505,0.11772,
1403715591662142976,0.85350,-0.29050,1.22811,-0.37486,0.54826,0.63339,0.39712,0.30039,1.48148,0.00804,
1403715591762142976,0.87950,-0.14042,1.22370,-0.39296,0.51944,0.65441,0.38406,0.21008,1.49940,-0.11310,
1403715591862142976,0.89874,0.01842,1.20820,-0.40731,0.49240,0.67393,0.37076,0.10763,1.50988,-0.23456,
1403715591962142976,0.90498,0.17752,1.18125,-0.41826,0.46305,0.69361,0.35992,-0.00952,1.51286,-0.35368,
1403715592062142976,0.89847,0.33269,1.14132,-0.42487,0.42963,0.71470,0.35228,-0.14791,1.49059,-0.45225,
1403715592162142976,0.87512,0.48129,1.09762,-0.43725,0.39395,0.73194,0.34333,-0.33564,1.44381,-0.38224,
1403715592262142976,0.83297,0.62058,1.06604,-0.45759,0.35495,0.74392,0.33346,-0.52246,1.33612,-0.24391,
1403715592362142976,0.77279,0.74383,1.04805,-0.47395,0.31660,0.75673,0.32016,-0.70621,1.19004,-0.12316,
1403715592462142976,0.69608,0.85315,1.04159,-0.48501,0.27935,0.77089,0.30406,-0.86429,1.02612,-0.02791,
1403715592562142976,0.60268,0.95513,1.03717,-0.49581,0.24063,0.78278,0.28901,-0.99731,0.85745,-0.01464,
1403715592662142976,0.49303,1.03708,1.03192,0.50538,-0.20132,-0.79294,-0.27442,-1.15159,0.67404,-0.04655,
1403715592762142976,0.36900,1.09366,1.02790,0.51457,-0.16401,-0.80239,-0.25394,-1.28707,0.44236,-0.02980,
1403715592862142976,0.23612,1.12393,1.02486,0.52746,-0.14367,-0.81030,-0.21108,-1.38754,0.23303,-0.03114,
1403715592962142976,0.09553,1.13607,1.02382,0.54033,-0.13163,-0.81629,-0.15617,-1.45148,0.08629,-0.02591,
1403715593062142976,-0.05149,1.13935,1.02330,0.55336,-0.11456,-0.81835,-0.10475,-1.47448,0.00912,-0.02252,
1403715593162142976,-0.20255,1.13926,1.02245,0.56260,-0.08556,-0.81965,-0.06588,-1.47290,-0.01698,-0.01844,
1403715593262142976,-0.35188,1.13716,1.02002,0.56952,-0.05016,-0.81955,-0.03824,-1.46120,-0.02894,-0.01553,
1403715593362142976,-0.49560,1.13313,1.01829,0.57144,-0.00785,-0.82022,-0.02505,-1.43324,-0.04476,-0.01615,
1403715593462142976,-0.64051,1.12674,1.01534,0.57101,0.03788,-0.81986,-0.01857,-1.41711,-0.10440,-0.01498,
1403715593562142976,-0.78695,1.11395,1.01128,0.57112,0.07869,-0.81706,-0.00607,-1.39820,-0.20921,-0.00965,
1403715593662142976,-0.93006,1.08999,1.00815,0.57881,0.11453,-0.80725,0.01423,-1.34882,-0.30907,-0.00157,
1403715593762142976,-1.06562,1.05466,1.00605,0.58962,0.14656,-0.79337,0.03800,-1.27271,-0.41441,-0.00707,
1403715593862142976,-1.19074,1.00898,1.00317,0.59264,0.18145,-0.78243,0.06052,-1.15739,-0.51369,-0.03273,
1403715593962142976,-1.30621,0.95349,0.99713,0.58583,0.21716,-0.77603,0.08622,-1.03684,-0.60394,-0.05857,
1403715594062142976,-1.40550,0.88825,0.99099,0.57214,0.25265,-0.77222,0.11182,-0.92691,-0.69271,-0.05575,
1403715594162142976,-1.49334,0.81586,0.98568,0.55699,0.28386,-0.76809,0.13865,-0.83034,-0.77177,-0.06214,
1403715594262142976,-1.57373,0.73452,0.98268,0.54525,0.31304,-0.76038,0.16287,-0.75295,-0.83997,-0.02911,
1403715594362142976,-1.64735,0.64636,0.98114,0.53725,0.34322,-0.74832,0.18326,-0.67784,-0.91298,-0.00529,
1403715594462142976,-1.70266,0.54906,0.97364,0.53119,0.37606,-0.73256,0.19941,-0.57354,-0.98905,-0.01649,
1403715594562142976,-1.76026,0.44848,0.98067,0.52366,0.41348,-0.71321,0.21483,-0.48138,-1.06117,-0.00047,
1403715594662142976,-1.80259,0.33804,0.97845,0.51083,0.44972,-0.69528,0.23106,-0.35699,-1.14257,-0.02541,
1403715594762142976,-1.83266,0.21824,0.97312,-0.48195,-0.48179,0.68691,-0.25251,-0.24282,-1.22910,-0.06271,
1403715594862142976,-1.85327,0.08931,0.96783,-0.45023,-0.50733,0.67890,-0.28108,-0.17683,-1.34117,-0.05746,
1403715594962142976,-1.86631,-0.04821,0.96248,-0.42302,-0.53324,0.66563,-0.30602,-0.14006,-1.43287,-0.05953,
1403715595062142976,-1.87853,-0.19606,0.94990,-0.40302,-0.55994,0.64599,-0.32671,-0.12470,-1.54145,-0.07201,
1403715595162142976,-1.88570,-0.35188,0.95245,-0.38427,-0.58071,0.62482,-0.35314,-0.10697,-1.64239,-0.03317,
1403715595262142976,-1.89527,-0.52201,0.94870,0.36898,0.60072,-0.59915,0.37949,-0.10154,-1.72912,-0.04495,
1403715595362142976,-1.90357,-0.69671,0.94307,0.35704,0.61975,-0.56872,0.40619,-0.09565,-1.78055,-0.07587,
1403715595462142976,-1.91171,-0.87515,0.93608,0.34357,0.63712,-0.53700,0.43320,-0.09770,-1.81403,-0.07776,
1403715595562142976,-1.92015,-1.05667,0.92995,0.33617,0.65689,-0.49833,0.45514,-0.10877,-1.80955,-0.05857,
1403715595662142976,-1.92805,-1.23595,0.92509,0.34292,0.67780,-0.44752,0.47193,-0.07565,-1.76973,-0.04716,
1403715595762142976,-1.92992,-1.40302,0.92034,0.35627,0.69464,-0.38989,0.48840,0.00162,-1.64019,-0.03183,
1403715595862142976,-1.92285,-1.55454,0.91903,0.36633,0.70451,-0.33594,0.50656,0.09488,-1.43095,0.01016,
1403715595962142976,-1.90645,-1.67842,0.92385,0.37240,0.70229,-0.29052,0.53265,0.18262,-1.11947,0.07131,
1403715596062142976,-1.88230,-1.77085,0.93572,0.36542,0.68752,-0.26012,0.57108,0.21673,-0.73878,0.15003,
1403715596162142976,-1.85648,-1.81307,0.95880,0.35091,0.67728,-0.24495,0.59846,0.18283,-0.31038,0.22696,
1403715596262142976,-1.83832,-1.81004,0.98632,0.33208,0.69350,-0.24528,0.59044,0.11780,0.08931,0.26969,
1403715596362142976,-1.82731,-1.78031,1.01376,0.30021,0.73282,-0.25904,0.55295,0.10094,0.38625,0.27645,
1403715596462142976,-1.81196,-1.73347,1.04150,0.26002,0.76836,-0.27419,0.51655,0.16169,0.54761,0.29320,
1403715596562142976,-1.78863,-1.67742,1.07228,0.22333,0.79530,-0.28157,0.48820,0.27450,0.59204,0.31371,
1403715596662142976,-1.75254,-1.62086,1.10429,0.19209,0.81653,-0.28101,0.46627,0.42390,0.54586,0.31953,
1403715596762142976,-1.70188,-1.56764,1.13539,0.16873,0.83207,-0.27174,0.45315,0.59901,0.46044,0.31980,
1403715596862142976,-1.63489,-1.52425,1.16452,0.14531,0.84512,-0.26259,0.44239,0.79460,0.34243,0.29180,
1403715596962142976,-1.54493,-1.49536,1.18848,0.12799,0.85598,-0.25456,0.43141,1.00650,0.19641,0.26377,
1403715597062142976,-1.43301,-1.48139,1.21283,0.11947,0.86140,-0.24671,0.42761,1.23432,0.02909,0.25952,
1403715597162142976,-1.29743,-1.48549,1.23856,0.11605,0.85636,-0.23982,0.44233,1.47789,-0.13572,0.27812,
1403715597262142976,-1.14018,-1.50456,1.26694,0.11161,0.84140,-0.23224,0.47504,1.65630,-0.26085,0.28486,
1403715597362142976,-0.97028,-1.53441,1.29355,0.10440,0.82410,-0.22154,0.51076,1.74030,-0.35049,0.26202,
1403715597462142976,-0.79469,-1.57314,1.32028,0.09790,0.80657,-0.20431,0.54600,1.76297,-0.42744,0.25928,
1403715597562142976,-0.62045,-1.61625,1.34565,0.09276,0.79586,-0.17902,0.57092,1.71013,-0.44269,0.21942,
1403715597662142976,-0.45499,-1.66299,1.36837,0.08236,0.79471,-0.15233,0.58176,1.63465,-0.46454,0.16814,
1403715597762142976,-0.29722,-1.71442,1.38017,0.07023,0.80035,-0.12757,0.58158,1.57494,-0.48850,0.13735,
1403715597862142976,-0.14161,-1.76625,1.39198,0.05949,0.80360,-0.10951,0.58198,1.51774,-0.51398,0.13214,
1403715597962142976,0.00804,-1.81894,1.40415,0.05460,0.79877,-0.09537,0.59151,1.45561,-0.52833,0.14875,
1403715598062142976,0.15069,-1.87132,1.41589,0.05333,0.79479,-0.08601,0.59838,1.36451,-0.52761,0.12300,
1403715598162142976,0.28357,-1.92301,1.42221,0.05775,0.79156,-0.07762,0.60339,1.29255,-0.50343,0.05357,
1403715598262142976,0.40817,-1.97157,1.42058,0.05899,0.78151,-0.07480,0.61658,1.19184,-0.47670,-0.06891,
1403715598362142976,0.51861,-2.01638,1.40707,0.05987,0.76672,-0.07459,0.63481,1.06140,-0.43901,-0.14616,
1403715598462142976,0.61995,-2.06144,1.39262,0.05801,0.74624,-0.07747,0.65861,0.84909,-0.40190,-0.13554,
1403715598562142976,0.68880,-2.10068,1.37897,0.05460,0.73204,-0.08190,0.67411,0.57044,-0.37138,-0.13633,
1403715598662142976,0.73039,-2.13612,1.36373,0.05614,0.73462,-0.08422,0.67089,0.30735,-0.33241,-0.17120,
1403715598762142976,0.74218,-2.16218,1.34117,0.06059,0.75418,-0.08630,0.64814,0.07828,-0.28078,-0.23284,
1403715598862142976,0.74135,-2.18478,1.31567,0.06331,0.77554,-0.08803,0.62192,-0.08093,-0.23757,-0.26033,
1403715598962142976,0.72427,-2.20221,1.28286,0.06703,0.78930,-0.08820,0.60393,-0.16887,-0.19670,-0.30523,
1403715599062142976,0.70305,-2.21700,1.24819,0.06936,0.79547,-0.08785,0.59557,-0.21309,-0.15117,-0.33490,
1403715599162142976,0.67340,-2.22595,1.21284,0.07056,0.79627,-0.08794,0.59434,-0.26445,-0.11018,-0.36966,
1403715599262142976,0.64238,-2.23489,1.17214,0.06299,0.80132,-0.09350,0.58752,-0.31014,-0.07602,-0.41871,
1403715599362142976,0.60612,-2.24102,1.12739,0.05101,0.80490,-0.10252,0.58225,-0.34942,-0.07491,-0.45212,
1403715599462142976,0.56972,-2.25079,1.08006,0.03578,0.80409,-0.11315,0.58255,-0.36807,-0.10637,-0.46324,
1403715599562142976,0.53138,-2.26456,1.03359,0.02506,0.80161,-0.12057,0.58502,-0.39528,-0.17910,-0.44896,
1403715599662142976,0.48753,-2.28424,0.99201,0.01844,0.79561,-0.12680,0.59210,-0.44407,-0.26901,-0.41079,
1403715599762142976,0.43798,-2.31398,0.95132,0.02337,0.78957,-0.12469,0.60040,-0.51716,-0.34495,-0.39421,
1403715599862142976,0.38207,-2.35111,0.91084,0.03834,0.78805,-0.11594,0.60338,-0.60251,-0.40458,-0.40855,
1403715599962142976,0.31866,-2.39293,0.86930,0.05432,0.79616,-0.10655,0.59315,-0.66540,-0.43134,-0.42079,
1403715600062142976,0.25459,-2.43645,0.82654,0.06835,0.80453,-0.09687,0.58196,-0.68160,-0.41629,-0.41779,
1403715600162142976,0.19140,-2.47488,0.78423,0.08710,0.81062,-0.07331,0.57440,-0.66912,-0.34714,-0.41216,
1403715600262142976,0.12691,-2.50287,0.74168,0.09964,0.81502,-0.04181,0.56927,-0.62887,-0.21818,-0.41411,
1403715600362142976,0.06542,-2.51802,0.69863,0.09615,0.81832,-0.00989,0.56658,-0.59927,-0.05640,-0.42827,
1403715600462142976,0.00728,-2.51454,0.65695,0.07390,0.82399,0.01713,0.56150,-0.57209,0.10842,-0.44580,
1403715600562142976,-0.04668,-2.49571,0.61574,0.03200,0.83422,0.03493,0.54939,-0.52022,0.24224,-0.41651,
1403715600662142976,-0.09324,-2.46362,0.58209,-0.00717,0.84016,0.05713,0.53927,-0.43554,0.33510,-0.30694,
1403715600762142976,-0.13193,-2.42620,0.55876,-0.03745,0.83817,0.08755,0.53703,-0.35186,0.39541,-0.15885,
1403715600862142976,-0.16179,-2.38415,0.54692,-0.06148,0.83218,0.12130,0.53757,-0.26955,0.44990,-0.02923,
1403715600962142976,-0.18592,-2.33761,0.54829,-0.08215,0.82479,0.15218,0.53835,-0.19895,0.50470,0.11711,
1403715601062142976,-0.20084,-2.28610,0.56407,-0.09786,0.81615,0.17603,0.54161,-0.13258,0.54346,0.21855,
1403715601162142976,-0.21154,-2.23036,0.59154,-0.10569,0.80983,0.19300,0.54384,-0.09443,0.57395,0.34029,
1403715601262142976,-0.21943,-2.16932,0.63044,-0.10625,0.80463,0.20479,0.54712,-0.06922,0.62778,0.45127,
1403715601362142976,-0.22548,-2.10196,0.67460,-0.10394,0.80048,0.21506,0.54970,-0.06717,0.69523,0.44992,
1403715601462142976,-0.23182,-2.02871,0.71678,-0.10781,0.79882,0.21786,0.55027,-0.07238,0.75640,0.39796,
1403715601562142976,-0.23842,-1.94943,0.75374,-0.11291,0.79840,0.21647,0.55041,-0.06703,0.82050,0.36353,
1403715601662142976,-0.24447,-1.86506,0.78870,-0.11800,0.79921,0.21310,0.54947,-0.06050,0.86901,0.34426,
1403715601762142976,-0.24988,-1.77667,0.82248,-0.12330,0.79584,0.20964,0.55451,-0.05717,0.91018,0.34911,
1403715601862142976,-0.25613,-1.68488,0.85598,-0.12510,0.79240,0.20617,0.56030,-0.06387,0.92715,0.33105,
1403715601962142976,-0.26449,-1.59241,0.88855,-0.12335,0.78605,0.19564,0.57327,-0.08298,0.92785,0.34013,
1403715602062142976,-0.27613,-1.49952,0.91995,-0.12029,0.77318,0.17927,0.59631,-0.13743,0.91484,0.28864,
1403715602162142976,-0.29526,-1.40975,0.94564,-0.11491,0.76644,0.15890,0.61165,-0.23388,0.87081,0.22930,
1403715602262142976,-0.32723,-1.32635,0.96656,-0.10722,0.77027,0.13511,0.61395,-0.35639,0.81042,0.19368,
1403715602362142976,-0.37223,-1.24833,0.98174,-0.09061,0.78261,0.11467,0.60511,-0.45570,0.75928,0.14963,
1403715602462142976,-0.42443,-1.17586,0.99227,-0.07117,0.79934,0.09407,0.58919,-0.51506,0.71904,0.15417,
1403715602562142976,-0.48167,-1.10904,1.00236,-0.05217,0.81120,0.07371,0.57775,-0.54256,0.68472,0.14689,
1403715602662142976,-0.54031,-1.04486,1.00803,-0.02833,0.81484,0.05578,0.57629,-0.55439,0.66491,0.04613,
1403715602762142976,-0.59850,-0.98007,1.00197,-0.00626,0.81708,0.03515,0.57542,-0.56207,0.67430,-0.12045,
1403715602862142976,-0.65534,-0.91143,0.98191,0.01129,0.81984,0.01211,0.57236,-0.55588,0.70001,-0.25110,
1403715602962142976,-0.71031,-0.83838,0.94993,0.02732,0.82287,-0.01033,0.56748,-0.53625,0.72531,-0.36563,
1403715603062142976,-0.75955,-0.76473,0.90816,0.04254,0.82206,-0.03225,0.56690,-0.51193,0.75403,-0.43500,
1403715603162142976,-0.80875,-0.68424,0.86408,0.05843,0.82025,-0.05545,0.56631,-0.49633,0.77240,-0.44992,
1403715603262142976,-0.85583,-0.60219,0.82001,0.07197,0.82180,-0.07798,0.55980,-0.46069,0.81122,-0.44635,
1403715603362142976,-0.89878,-0.51854,0.77764,0.08299,0.82454,-0.09571,0.55144,-0.41184,0.83802,-0.41975,
1403715603462142976,-0.93438,-0.43359,0.74020,0.08541,0.82299,-0.11203,0.55031,-0.34272,0.86558,-0.36246,
1403715603562142976,-0.96468,-0.34836,0.70728,0.08004,0.82004,-0.12835,0.55196,-0.29186,0.85786,-0.31121,
1403715603662142976,-0.99213,-0.26506,0.67724,0.06958,0.81725,-0.14500,0.55338,-0.25638,0.81515,-0.29752,
1403715603762142976,-1.01627,-0.18626,0.64987,0.06010,0.81178,-0.15835,0.55887,-0.22190,0.73770,-0.22296,
1403715603862142976,-1.04019,-0.11773,0.63110,0.05045,0.80905,-0.16820,0.56090,-0.22535,0.62418,-0.13345,
1403715603962142976,-1.06228,-0.06146,0.62332,0.04169,0.81910,-0.17453,0.54486,-0.20282,0.48638,-0.04484,
1403715604062142976,-1.08033,-0.01803,0.62162,0.04793,0.82868,-0.16932,0.53134,-0.14493,0.34734,0.00812,
1403715604162142976,-1.09316,0.01746,0.62122,0.06608,0.83072,-0.15691,0.53002,-0.07996,0.26163,-0.01728,
1403715604262142976,-1.09975,0.04329,0.61844,0.07952,0.82718,-0.14780,0.53629,-0.01371,0.20979,-0.04415,
1403715604362142976,-1.09842,0.06258,0.61255,0.08539,0.82528,-0.14381,0.53940,0.03696,0.18539,-0.09442,
1403715604462142976,-1.09091,0.08084,0.60390,0.08739,0.82575,-0.14297,0.53857,0.11400,0.16499,-0.08346,
1403715604562142976,-1.07677,0.09540,0.59609,0.08918,0.82024,-0.14185,0.54693,0.16284,0.14511,-0.08639,
1403715604662142976,-1.05909,0.11055,0.58785,0.09259,0.81320,-0.13976,0.55732,0.18792,0.13827,-0.08593,
1403715604762142976,-1.03882,0.12453,0.57871,0.09591,0.81019,-0.13786,0.56159,0.20064,0.14777,-0.09567,
1403715604862142976,-1.01777,0.13977,0.56982,0.09566,0.81016,-0.13815,0.56160,0.21543,0.15759,-0.07801,
1403715604962142976,-0.99570,0.15609,0.56225,0.09689,0.81190,-0.13679,0.55921,0.21626,0.16367,-0.07659,
1403715605062142976,-0.97185,0.17249,0.55617,0.09576,0.81402,-0.13691,0.55629,0.25096,0.16546,-0.03639,
1403715605162142976,-0.94503,0.19107,0.55395,0.09586,0.81276,-0.13531,0.55851,0.27305,0.17313,-0.00541,
1403715605262142976,-0.91661,0.20825,0.55438,0.09349,0.81095,-0.13458,0.56171,0.29777,0.17782,0.01840,
1403715605362142976,-0.88714,0.22602,0.55695,0.08629,0.80851,-0.13690,0.56579,0.30402,0.17625,0.00676,
1403715605462142976,-0.85744,0.24357,0.55338,0.07990,0.80757,-0.13852,0.56768,0.29567,0.15610,-0.08947,
1403715605562142976,-0.82897,0.25891,0.53981,0.07360,0.80953,-0.14045,0.56526,0.28330,0.13801,-0.18569,
1403715605662142976,-0.80000,0.27201,0.51792,0.07102,0.81052,-0.14017,0.56424,0.27686,0.10110,-0.22737,
1403715605762142976,-0.77241,0.27937,0.49679,0.07910,0.80993,-0.13350,0.56563,0.28235,0.06352,-0.19792,
1403715605862142976,-0.74315,0.28530,0.47868,0.08478,0.80979,-0.12902,0.56605,0.28813,0.04831,-0.16192,
1403715605962142976,-0.71328,0.29153,0.46335,0.08800,0.80854,-0.12571,0.56808,0.28911,0.05411,-0.16436,
1403715606062142976,-0.68183,0.29948,0.44227,0.08917,0.80779,-0.12362,0.56943,0.29551,0.06176,-0.24323,
1403715606162142976,-0.65426,0.30709,0.41707,0.08863,0.80762,-0.12171,0.57016,0.29054,0.09082,-0.29364,
1403715606262142976,-0.62520,0.31792,0.38915,0.08361,0.80762,-0.12329,0.57058,0.28367,0.11530,-0.25468,
1403715606362142976,-0.59793,0.32876,0.36954,0.07623,0.80771,-0.12552,0.57100,0.28068,0.10610,-0.14877,
1403715606462142976,-0.57058,0.33812,0.36055,0.07155,0.80724,-0.12663,0.57203,0.27642,0.08693,-0.04166,
1403715606562142976,-0.54326,0.34636,0.35799,0.06678,0.80596,-0.12708,0.57430,0.25846,0.07460,-0.02390,
1403715606662142976,-0.51577,0.35421,0.35225,0.06063,0.80468,-0.12771,0.57663,0.23797,0.05769,-0.06065,
1403715606762142976,-0.49231,0.35824,0.34404,0.05223,0.80289,-0.13016,0.57940,0.21543,0.01575,-0.10685,
1403715606862142976,-0.47254,0.35784,0.33336,0.05130,0.79873,-0.12798,0.58568,0.18185,-0.03414,-0.12294,
1403715606962142976,-0.45841,0.35332,0.32245,0.06115,0.79494,-0.11943,0.59167,0.12548,-0.05176,-0.13071,
1403715607062142976,-0.44983,0.34813,0.30768,0.07167,0.79838,-0.11113,0.58745,0.07193,-0.05018,-0.15909,
1403715607162142976,-0.44523,0.34426,0.29272,0.07649,0.80226,-0.10644,0.58241,0.05141,-0.02263,-0.15273,
1403715607262142976,-0.44117,0.34324,0.27866,0.07799,0.80517,-0.10465,0.57851,0.02449,0.00337,-0.12556,
1403715607362142976,-0.43996,0.34523,0.26795,0.07781,0.80553,-0.10454,0.57805,0.00249,0.02629,-0.09394,
1403715607462142976,-0.44104,0.34930,0.26068,0.07924,0.80471,-0.10411,0.57907,-0.01712,0.05687,-0.05856,
1403715607562142976,-0.44356,0.35640,0.25474,0.08036,0.80574,-0.10438,0.57743,-0.03361,0.08111,-0.04308,
1403715607662142976,-0.44775,0.36583,0.25159,0.08100,0.80662,-0.10558,0.57590,-0.04384,0.11497,-0.02116,
1403715607762142976,-0.45246,0.37849,0.24701,0.08189,0.80659,-0.10633,0.57568,-0.06023,0.13639,-0.07371,
1403715607862142976,-0.45858,0.39262,0.23519,0.07812,0.80707,-0.11087,0.57467,-0.06710,0.15216,-0.17814,
1403715607962142976,-0.46012,0.40118,0.22868,0.08404,0.80667,-0.10193,0.57604,-0.00023,-0.02255,0.03571,
1403715608062142976,-0.45988,0.40096,0.22785,0.08453,0.80879,-0.10074,0.57321,0.00398,-0.00885,-0.06502,
1403715608162142976,-0.45922,0.40157,0.22549,0.08277,0.81088,-0.10227,0.57023,-0.00115,0.02561,0.01221,
1403715608262142976,-0.46040,0.40128,0.22530,0.08308,0.80900,-0.10187,0.57292,0.00846,0.00363,-0.00883,
1403715608362142976,-0.45991,0.40201,0.22457,0.08256,0.81022,-0.10222,0.57121,-0.00579,-0.01732,-0.00074,
1403715608462142976,-0.46006,0.40205,0.22457,0.08239,0.81005,-0.10225,0.57148,0.00115,0.01169,-0.00032,
1403715608562142976,-0.46013,0.40190,0.22441,0.08266,0.80980,-0.10211,0.57181,0.00428,-0.00647,0.00410,
1403715608662142976,-0.46002,0.40186,0.22436,0.08269,0.81002,-0.10210,0.57149,-0.00402,0.00428,-0.00348,
1403715608762142976,-0.46019,0.40188,0.22439,0.08273,0.80979,-0.10207,0.57181,0.00192,-0.00100,-0.00163,
1403715608862142976,-0.46000,0.40181,0.22424,0.08272,0.81007,-0.10216,0.57141,-0.00017,0.00017,0.00336,
1403715608962142976,-0.46012,0.40185,0.22427,0.08265,0.80989,-0.10215,0.57168,-0.00041,0.00404,-0.00064,
1403715609062142976,-0.46007,0.40181,0.22422,0.08255,0.80995,-0.10220,0.57160,0.00060,-0.00407,0.00352,
1403715609162142976,-0.46006,0.40181,0.22421,0.08250,0.81001,-0.10221,0.57152,-0.00202,0.00331,0.00299,
1403715609262142976,-0.46011,0.40182,0.22422,0.08259,0.80992,-0.10218,0.57164,0.00091,-0.00161,0.00040,
1403715609362142976,-0.46004,0.40177,0.22417,0.08261,0.81001,-0.10224,0.57149,-0.00125,0.00053,0.00219,
