1403715529312143104,-0.05340,0.07678,0.14296,-0.01526,0.80223,0.04473,0.59514,-0.27823,0.21409,0.30594,
1403715529412143104,-0.02226,0.13663,0.27803,-0.02147,0.80458,0.06194,0.59021,-0.22078,0.28646,0.36829,
1403715529512142848,-0.02432,0.18959,0.37545,-0.02845,0.80292,0.07735,0.59036,-0.21909,0.33397,0.37513,
1403715529612143104,-0.02706,0.23983,0.44916,-0.03366,0.80115,0.08829,0.59096,-0.22427,0.37010,0.34869,
1403715529712142848,-0.02810,0.28989,0.50831,-0.03638,0.79837,0.09762,0.59309,-0.22876,0.42170,0.36340,
1403715529812143104,-0.02899,0.34173,0.56489,-0.03969,0.79713,0.10420,0.59342,-0.24256,0.46997,0.43624,
1403715529912143104,-0.03130,0.39706,0.62124,-0.04366,0.79573,0.10723,0.59449,-0.26826,0.51507,0.50063,
1403715530012142848,-0.03090,0.45419,0.68217,-0.04566,0.79210,0.10985,0.59868,-0.27426,0.54888,0.56395,
1403715530112143104,-0.02999,0.51286,0.74592,-0.04160,0.78548,0.11513,0.60665,-0.30290,0.58926,0.61361,
1403715530212142848,-0.03571,0.57114,0.80771,-0.03565,0.78568,0.12002,0.60583,-0.35743,0.64176,0.69557,
1403715530312143104,-0.03916,0.63452,0.87747,-0.02986,0.78994,0.12381,0.59982,-0.39214,0.71642,0.82591,
1403715530412143104,-0.03748,0.70198,0.95117,-0.03511,0.79384,0.12095,0.59494,-0.40497,0.79317,0.93458,
1403715530512142848,-0.05111,0.76506,1.02136,-0.04455,0.79553,0.12231,0.59176,-0.42038,0.83261,0.92741,
1403715530612143104,-0.03127,0.82128,1.07114,-0.05358,0.79668,0.12825,0.58820,-0.38050,0.83033,0.77380,
1403715530712142848,0.02471,0.83363,1.07444,-0.06518,0.79712,0.13569,0.58476,-0.29189,0.76723,0.59557,
1403715530812143104,0.12358,0.78191,1.00590,-0.08236,0.79831,0.15015,0.57739,-0.14760,0.64748,0.44401,
1403715530912143104,0.17444,0.81219,1.00703,-0.09523,0.79862,0.16323,0.57139,-0.05432,0.60926,0.38605,
1403715531012142848,0.18702,0.87818,1.04446,-0.09966,0.80159,0.17327,0.56347,-0.02558,0.61594,0.34740,
1403715531112143104,0.19441,0.94467,1.07726,-0.10116,0.81255,0.18039,0.54496,0.00146,0.62190,0.28991,
1403715531212142848,0.20434,1.00969,1.10440,-0.10809,0.82244,0.18052,0.52851,0.07445,0.65667,0.27054,
1403715531312143104,0.22188,1.07302,1.13250,-0.12479,0.81858,0.17254,0.53347,0.17977,0.65540,0.30930,
1403715531412143104,0.24829,1.13346,1.16060,-0.13458,0.80945,0.16797,0.54632,0.25493,0.60288,0.27778,
1403715531512142848,0.28020,1.18830,1.17799,-0.13554,0.80276,0.16802,0.55586,0.29636,0.53577,0.12416,
1403715531612143104,0.31520,1.23795,1.18168,-0.13678,0.80095,0.16698,0.55848,0.31488,0.48236,-0.02409,
1403715531712142848,0.35395,1.28255,1.17578,-0.13468,0.80128,0.16710,0.55847,0.35527,0.42861,-0.07173,
1403715531812143104,0.39689,1.32440,1.17451,-0.12357,0.79688,0.17230,0.56571,0.38195,0.37947,-0.03879,
1403715531912143104,0.43770,1.36109,1.17351,-0.11586,0.78937,0.17449,0.57709,0.36833,0.34681,-0.02940,
1403715532012142848,0.47674,1.39411,1.17343,-0.11073,0.78465,0.17465,0.58443,0.32828,0.32223,-0.03932,
1403715532112143104,0.50985,1.42340,1.17087,-0.10503,0.78230,0.17591,0.58825,0.28277,0.29480,-0.03610,
1403715532212142848,0.53665,1.45049,1.16691,-0.10360,0.78109,0.17556,0.59021,0.22637,0.27658,-0.05419,
1403715532312143104,0.55806,1.47763,1.16133,-0.10782,0.78087,0.17661,0.58943,0.16714,0.27111,-0.07083,
1403715532412143104,0.57362,1.50155,1.15567,-0.11642,0.78432,0.17473,0.58374,0.11921,0.24228,-0.07429,
1403715532512142848,0.58471,1.52113,1.14954,-0.12409,0.78696,0.17284,0.57916,0.09195,0.19900,-0.08110,
1403715532612143104,0.59385,1.53505,1.14272,-0.13728,0.78800,0.16597,0.57677,0.07026,0.12878,-0.08442,
1403715532712142848,0.60095,1.54049,1.13563,-0.15148,0.78629,0.15764,0.57788,0.05579,0.02473,-0.08814,
1403715532812143104,0.60662,1.53433,1.12673,-0.15966,0.78465,0.15223,0.57935,0.04136,-0.11498,-0.10895,
1403715532912143104,0.61215,1.51560,1.11543,-0.15973,0.78545,0.14484,0.58014,0.04029,-0.25161,-0.15761,
1403715533012142848,0.61807,1.48266,1.09490,-0.15438,0.78916,0.12996,0.58009,0.04122,-0.39983,-0.27363,
1403715533112143104,0.62347,1.43446,1.06353,-0.14252,0.79364,0.11055,0.58103,0.03767,-0.54819,-0.36652,
1403715533212142848,0.62908,1.37128,1.03298,-0.12160,0.79040,0.09160,0.59337,0.02032,-0.69060,-0.27111,
1403715533312143104,0.62935,1.29445,1.01431,-0.09930,0.78601,0.07419,0.60566,-0.04831,-0.82240,-0.14061,
1403715533412143104,0.62368,1.20690,1.01069,-0.08050,0.78807,0.06255,0.60709,-0.10248,-0.91892,0.02316,
1403715533512142848,0.61117,1.11089,1.02155,-0.07162,0.79475,0.05048,0.60058,-0.17004,-0.99624,0.16729,
1403715533612143104,0.59224,1.00746,1.04778,-0.07590,0.80119,0.03466,0.59256,-0.22963,-1.08265,0.31016,
1403715533712142848,0.56971,0.89416,1.08988,-0.08270,0.80724,0.02141,0.58400,-0.25267,-1.21422,0.47083,
1403715533812143104,0.54857,0.76796,1.14512,-0.08270,0.81071,0.01608,0.57935,-0.23627,-1.35624,0.56086,
1403715533912143104,0.53146,0.62946,1.20111,-0.07114,0.81285,0.02164,0.57770,-0.21595,-1.46185,0.49667,
1403715534012142848,0.51729,0.48165,1.24680,-0.05952,0.81336,0.02983,0.57794,-0.20907,-1.53334,0.36173,
1403715534112143104,0.50487,0.32614,1.27732,-0.04824,0.81273,0.03960,0.57929,-0.18947,-1.58930,0.22832,
1403715534212142848,0.49481,0.16589,1.29347,-0.03694,0.81235,0.05141,0.57973,-0.18487,-1.61279,0.09645,
1403715534312143104,0.48833,0.00367,1.29701,-0.03029,0.81196,0.06112,0.57972,-0.16282,-1.60435,-0.02926,
1403715534412143104,0.48558,-0.15866,1.28897,-0.02676,0.81201,0.06527,0.57936,-0.14281,-1.59567,-0.14510,
1403715534512142848,0.48687,-0.32180,1.27003,-0.02254,0.81243,0.06246,0.57926,-0.12134,-1.58968,-0.23715,
1403715534612143104,0.49345,-0.48435,1.24734,-0.01752,0.81333,0.05238,0.57918,-0.09565,-1.56732,-0.24239,
1403715534712142848,0.50235,-0.64180,1.22221,-0.00849,0.81553,0.03742,0.57745,-0.08200,-1.54804,-0.25051,
1403715534812143104,0.51338,-0.79397,1.19418,0.00537,0.82138,0.01775,0.57008,-0.06353,-1.51920,-0.26402,
1403715534912143104,0.52919,-0.93994,1.16468,0.02207,0.82736,-0.00502,0.56122,-0.00845,-1.47681,-0.27121,
1403715535012142848,0.55196,-1.07974,1.13617,0.03860,0.83044,-0.02604,0.55515,0.06555,-1.42157,-0.26478,
1403715535112143104,0.58344,-1.20990,1.10761,0.05043,0.83444,-0.04319,0.54708,0.13704,-1.35820,-0.28393,
1403715535212142848,0.62602,-1.33059,1.07895,0.05588,0.84033,-0.05668,0.53619,0.25276,-1.28515,-0.26637,
1403715535312143104,0.68431,-1.43958,1.05411,0.05765,0.84502,-0.06613,0.52749,0.41388,-1.22745,-0.22296,
1403715535412143104,0.75808,-1.54095,1.03103,0.04952,0.84607,-0.07782,0.52504,0.56756,-1.18551,-0.19854,
1403715535512142848,0.84502,-1.64282,1.00882,0.03613,0.83948,-0.08871,0.53488,0.70870,-1.18104,-0.17001,
1403715535612143104,0.93898,-1.75117,0.98706,0.03119,0.82930,-0.08835,0.55089,0.79619,-1.19535,-0.16511,
1403715535712142848,1.03494,-1.86611,0.96475,0.02956,0.82366,-0.07865,0.56083,0.85748,-1.20154,-0.18231,
1403715535812143104,1.13129,-1.98347,0.94168,0.02776,0.82197,-0.06007,0.56568,0.86585,-1.19792,-0.19198,
1403715535912143104,1.22521,-2.09840,0.91790,0.02783,0.82435,-0.03434,0.56436,0.89447,-1.17394,-0.21897,
1403715536012142848,1.31898,-2.21149,0.89370,0.02153,0.82991,-0.01219,0.55735,0.91595,-1.13206,-0.22226,
1403715536112143104,1.41649,-2.32237,0.87248,0.01429,0.83625,0.00414,0.54815,0.97508,-1.07730,-0.20237,
1403715536212142848,1.51765,-2.42613,0.85483,0.01087,0.84092,0.01885,0.54073,1.04751,-1.02803,-0.17695,
1403715536312143104,1.62586,-2.52403,0.84172,0.01159,0.84261,0.03316,0.53738,1.12445,-0.94065,-0.10904,
1403715536412143104,1.74150,-2.61330,0.83275,0.01692,0.83864,0.04883,0.54223,1.19163,-0.84489,-0.06128,
1403715536512142848,1.86373,-2.69198,0.82710,0.02567,0.83209,0.06328,0.55043,1.23477,-0.71560,-0.02973,
1403715536612143104,1.98732,-2.75455,0.82400,0.03075,0.82492,0.07212,0.55979,1.25762,-0.56306,-0.01690,
1403715536712142848,2.11463,-2.80358,0.82289,0.03239,0.81550,0.07675,0.57273,1.25331,-0.39903,0.01396,
1403715536812143104,2.23600,-2.83318,0.82598,0.02874,0.80156,0.08017,0.59181,1.19698,-0.22835,0.04279,
1403715536912143104,2.35156,-2.84823,0.83097,0.03105,0.78805,0.08859,0.60841,1.09265,-0.08066,0.06709,
1403715537012142848,2.45497,-2.84845,0.83788,0.04104,0.77409,0.09876,0.62397,0.94477,0.07947,0.08143,
1403715537112143104,2.54257,-2.83011,0.84866,0.04683,0.75633,0.10424,0.64413,0.75668,0.28033,0.13611,
1403715537212142848,2.60792,-2.79163,0.86310,0.04803,0.73663,0.10542,0.66630,0.49976,0.47866,0.16589,
1403715537312143104,2.64849,-2.73401,0.88010,0.03368,0.72497,0.09607,0.68121,0.21175,0.66808,0.17913,
1403715537412143104,2.65804,-2.66054,0.89748,0.00538,0.73548,0.07664,0.67317,-0.07533,0.78120,0.15201,
1403715537512142848,2.63995,-2.57944,0.91399,-0.02004,0.76236,0.05709,0.64431,-0.30985,0.82708,0.16547,
1403715537612143104,2.60325,-2.49671,0.93184,-0.03575,0.78960,0.04318,0.61106,-0.45094,0.82215,0.19677,
1403715537712142848,2.55749,-2.41561,0.95449,-0.04368,0.80021,0.03345,0.59719,-0.49822,0.79176,0.25982,
1403715537812143104,2.50717,-2.33781,0.98151,-0.04730,0.79246,0.02749,0.60746,-0.55457,0.74960,0.28845,
1403715537912143104,2.44774,-2.26572,1.00671,-0.04713,0.78478,0.02539,0.61746,-0.64167,0.69833,0.23455,
1403715538012142848,2.37914,-2.19880,1.02587,-0.04762,0.78922,0.02481,0.61175,-0.73225,0.64198,0.18987,
1403715538112143104,2.30298,-2.13848,1.04371,-0.05042,0.79642,0.01917,0.60233,-0.80336,0.56987,0.17191,
1403715538212142848,2.22086,-2.08664,1.05688,-0.04973,0.80336,0.00872,0.59335,-0.84345,0.48615,0.07754,
1403715538312143104,2.13547,-2.04208,1.05965,-0.04251,0.80557,-0.00371,0.59096,-0.86457,0.41338,-0.02299,
1403715538412143104,2.04755,-2.00539,1.05326,-0.02898,0.80009,-0.01630,0.59896,-0.89507,0.33451,-0.08533,
1403715538512142848,1.95435,-1.97468,1.04477,-0.00459,0.78841,-0.02576,0.61460,-0.96742,0.28266,-0.06641,
1403715538612143104,1.85208,-1.94727,1.03747,0.01982,0.78013,-0.03862,0.62411,-1.07548,0.26851,-0.07402,
1403715538712142848,1.74018,-1.92096,1.02866,0.03973,0.77917,-0.05867,0.62279,-1.17342,0.25960,-0.09895,
1403715538812143104,1.62036,-1.89492,1.01650,0.05924,0.78711,-0.08462,0.60810,-1.25751,0.26756,-0.11877,
1403715538912143104,1.49144,-1.86659,1.00373,0.08188,0.79322,-0.11460,0.59242,-1.30707,0.27379,-0.15661,
1403715539012142848,1.35912,-1.83800,0.98243,0.10721,0.79259,-0.14803,0.58171,-1.33820,0.28075,-0.26564,
1403715539112143104,1.22448,-1.80744,0.94941,0.13278,0.78766,-0.18479,0.57255,-1.35908,0.30124,-0.38973,
1403715539212142848,1.08894,-1.77575,0.90466,0.15718,0.77906,-0.22280,0.56455,-1.36008,0.32380,-0.50149,
1403715539312143104,0.95451,-1.74224,0.84849,0.17993,0.77291,-0.25831,0.55092,-1.36456,0.34517,-0.61731,
1403715539412143104,0.82346,-1.70699,0.78417,0.19967,0.76753,-0.28970,0.53582,-1.32984,0.33858,-0.62634,
1403715539512142848,0.69675,-1.67254,0.72860,0.21485,0.76008,-0.31355,0.52708,-1.27074,0.34309,-0.49140,
1403715539612143104,0.57973,-1.64001,0.69041,0.21536,0.75258,-0.33684,0.52325,-1.19266,0.31141,-0.28751,
1403715539712142848,0.46888,-1.61148,0.67102,0.21603,0.74360,-0.35158,0.52611,-1.14766,0.27371,-0.10393,
1403715539812143104,0.36018,-1.58562,0.66876,0.21995,0.73845,-0.35672,0.52826,-1.13335,0.24282,0.03982,
1403715539912143104,0.25274,-1.56403,0.67840,0.21845,0.74338,-0.35679,0.52189,-1.11317,0.20318,0.17172,
1403715540012142848,0.15196,-1.55121,0.70392,0.20701,0.75224,-0.35909,0.51219,-1.08607,0.12941,0.25319,
1403715540112143104,0.05844,-1.54868,0.73428,0.18887,0.76229,-0.36529,0.49980,-1.01719,0.01522,0.31234,
1403715540212142848,-0.02766,-1.55992,0.76995,0.17360,0.76715,-0.36981,0.49455,-0.94719,-0.14341,0.33843,
1403715540312143104,-0.10872,-1.58812,0.80853,0.17379,0.76743,-0.36545,0.49728,-0.89653,-0.30853,0.37348,
1403715540412143104,-0.18760,-1.62934,0.84647,0.18387,0.77164,-0.35434,0.49519,-0.83045,-0.43353,0.35455,
1403715540512142848,-0.26336,-1.67949,0.87963,0.19357,0.77941,-0.34499,0.48582,-0.76821,-0.53321,0.30094,
1403715540612143104,-0.33439,-1.73696,0.90759,0.19741,0.78705,-0.34358,0.47280,-0.66782,-0.62921,0.26944,
1403715540712142848,-0.39592,-1.80386,0.93251,0.18928,0.78811,-0.35306,0.46734,-0.55423,-0.73250,0.22988,
1403715540812143104,-0.44564,-1.88380,0.95612,0.18244,0.78256,-0.36301,0.47174,-0.44994,-0.86644,0.21723,
1403715540912143104,-0.48540,-1.97704,0.97855,0.18426,0.77479,-0.36596,0.48148,-0.37367,-1.00265,0.21709,
1403715541012142848,-0.51905,-2.08261,0.99937,0.19266,0.76906,-0.36251,0.48990,-0.30736,-1.11257,0.20370,
1403715541112143104,-0.54651,-2.19727,1.01681,0.19974,0.76744,-0.35792,0.49298,-0.26064,-1.18668,0.17072,
1403715541212142848,-0.56954,-2.31988,1.03135,0.19394,0.76150,-0.36153,0.50180,-0.20581,-1.26025,0.15900,
1403715541312143104,-0.59024,-2.45153,1.04644,0.18972,0.74938,-0.36622,0.51800,-0.21133,-1.34315,0.14512,
1403715541412143104,-0.61314,-2.58906,1.05940,0.20127,0.74570,-0.36189,0.52197,-0.23435,-1.39412,0.09633,
1403715541512142848,-0.63718,-2.73132,1.06746,0.20827,0.75391,-0.35921,0.50912,-0.22948,-1.43054,0.06173,
1403715541612143104,-0.65835,-2.87736,1.07427,0.20979,0.76342,-0.35923,0.49410,-0.19328,-1.46882,0.05958,
1403715541712142848,-0.67411,-3.02764,1.08285,0.21836,0.77064,-0.35316,0.48344,-0.12014,-1.52014,0.09831,
1403715541812143104,-0.67976,-3.18127,1.09356,0.24082,0.77342,-0.33621,0.48041,-0.01020,-1.54297,0.12557,
1403715541912143104,-0.67413,-3.33355,1.10492,0.26333,0.77267,-0.31719,0.48273,0.11903,-1.50201,0.12232,
1403715542012142848,-0.65470,-3.47902,1.11428,0.27635,0.77518,-0.29886,0.48313,0.26431,-1.41329,0.10555,
1403715542112143104,-0.61992,-3.61406,1.12364,0.28100,0.77445,-0.27854,0.49364,0.41169,-1.27562,0.12663,
1403715542212142848,-0.57133,-3.73369,1.13307,0.27779,0.77019,-0.25788,0.51297,0.54881,-1.10761,0.13049,
1403715542312143104,-0.51006,-3.83847,1.14389,0.26179,0.76518,-0.24157,0.53629,0.63092,-0.92471,0.15687,
1403715542412143104,-0.44220,-3.92499,1.15636,0.23548,0.75984,-0.22767,0.56157,0.67235,-0.75898,0.16871,
1403715542512142848,-0.37274,-3.99872,1.17059,0.20489,0.75181,-0.21673,0.58807,0.64413,-0.62621,0.17301,
1403715542612143104,-0.30910,-4.06112,1.18108,0.18329,0.75350,-0.20673,0.59658,0.55809,-0.52068,0.11123,
1403715542712142848,-0.25498,-4.11274,1.18681,0.16709,0.76113,-0.19976,0.59402,0.46978,-0.42966,0.09353,
1403715542812143104,-0.20995,-4.15341,1.19044,0.15858,0.76916,-0.19325,0.58814,0.40345,-0.35106,0.04042,
1403715542912143104,-0.17147,-4.18560,1.18898,0.14914,0.77604,-0.19181,0.58201,0.34111,-0.27909,-0.01307,
1403715543012142848,-0.13846,-4.21213,1.18103,0.13706,0.77745,-0.19536,0.58191,0.28682,-0.23940,-0.09138,
1403715543112143104,-0.11020,-4.23614,1.16642,0.12933,0.77571,-0.19885,0.58482,0.23125,-0.21889,-0.14203,
1403715543212142848,-0.08896,-4.25864,1.15036,0.12808,0.77240,-0.20097,0.58873,0.16063,-0.21373,-0.15226,
1403715543312143104,-0.07081,-4.28170,1.13235,0.12622,0.76802,-0.20477,0.59353,0.08853,-0.19578,-0.16193,
1403715543412143104,-0.06321,-4.30330,1.11644,0.12942,0.76664,-0.20540,0.59441,0.00434,-0.18999,-0.15745,
1403715543512142848,-0.05921,-4.32529,1.09892,0.13792,0.76738,-0.20223,0.59263,-0.06059,-0.16908,-0.15546,
1403715543612143104,-0.06552,-4.34266,1.08397,0.14610,0.76322,-0.19877,0.59719,-0.13326,-0.13425,-0.15748,
1403715543712142848,-0.07881,-4.35609,1.06674,0.16002,0.75720,-0.19247,0.60333,-0.22915,-0.08440,-0.17352,
1403715543812143104,-0.10558,-4.36016,1.04772,0.18386,0.75239,-0.18874,0.60373,-0.31976,0.00672,-0.20829,
1403715543912143104,-0.14023,-4.35358,1.02465,0.20890,0.74983,-0.19374,0.59714,-0.39555,0.13729,-0.24555,
1403715544012142848,-0.18193,-4.33220,0.99898,0.23275,0.74967,-0.20824,0.58350,-0.45176,0.29734,-0.28219,
1403715544112143104,-0.22786,-4.29451,0.96782,0.24896,0.74721,-0.23702,0.56879,-0.47278,0.44787,-0.38660,
1403715544212142848,-0.27546,-4.24327,0.92429,0.25752,0.73987,-0.28024,0.55475,-0.48483,0.56551,-0.50083,
1403715544312143104,-0.32356,-4.18234,0.86735,0.26990,0.72697,-0.32739,0.53990,-0.48381,0.65273,-0.64534,
1403715544412143104,-0.37121,-4.11357,0.79712,0.28157,0.70972,-0.37537,0.52547,-0.47387,0.72188,-0.75273,
1403715544512142848,-0.41883,-4.03859,0.72099,0.29746,0.69019,-0.41529,0.51253,-0.46814,0.77077,-0.74044,
1403715544612143104,-0.46501,-3.95914,0.65313,0.31221,0.67305,-0.44481,0.50167,-0.45619,0.81049,-0.59822,
1403715544712142848,-0.50838,-3.87658,0.60574,0.32679,0.66024,-0.45983,0.49583,-0.43544,0.83359,-0.32846,
1403715544812143104,-0.55196,-3.78949,0.58488,0.34001,0.64996,-0.46361,0.49700,-0.43069,0.89788,-0.06063,
1403715544912143104,-0.59604,-3.69514,0.58962,0.34597,0.64659,-0.46433,0.49661,-0.43688,0.97562,0.14724,
1403715545012142848,-0.64066,-3.59384,0.60708,0.34443,0.65044,-0.46805,0.48911,-0.44358,1.03202,0.18928,
1403715545112143104,-0.68468,-3.48981,0.62791,0.34474,0.65188,-0.47443,0.48075,-0.44446,1.06501,0.16322,
1403715545212142848,-0.72809,-3.38412,0.64142,0.34841,0.64940,-0.48425,0.47159,-0.43856,1.08278,0.04825,
1403715545312143104,-0.77172,-3.27596,0.64196,0.35326,0.64402,-0.49726,0.46171,-0.42687,1.09431,-0.06930,
1403715545412143104,-0.81315,-3.16742,0.63506,0.35295,0.63345,-0.51231,0.46012,-0.40284,1.09270,-0.10764,
1403715545512142848,-0.85422,-3.05749,0.62930,0.34505,0.62086,-0.52855,0.46486,-0.41291,1.08693,-0.04260,
1403715545612143104,-0.89920,-2.95056,0.63233,0.33723,0.61005,-0.54136,0.47015,-0.46803,1.05860,0.04715,
1403715545712142848,-0.95002,-2.84819,0.63976,0.33219,0.60520,-0.54661,0.47391,-0.53876,1.02373,0.05583,
1403715545812143104,-1.00801,-2.74915,0.64589,0.33120,0.60937,-0.54323,0.47316,-0.62029,0.99181,0.04489,
1403715545912143104,-1.07336,-2.65003,0.65181,0.33232,0.62030,-0.53040,0.47273,-0.68095,0.97011,0.06323,
1403715546012142848,-1.14349,-2.55117,0.65805,0.33269,0.63807,-0.50814,0.47325,-0.69609,0.95598,0.06183,
1403715546112143104,-1.21501,-2.45236,0.66539,0.32621,0.65842,-0.48043,0.47881,-0.68922,0.95457,0.09961,
1403715546212142848,-1.28483,-2.35550,0.67375,0.30970,0.67939,-0.44970,0.49020,-0.67397,0.95192,0.10780,
1403715546312143104,-1.35345,-2.25871,0.68273,0.28629,0.70055,-0.41717,0.50323,-0.66186,0.96245,0.10572,
1403715546412143104,-1.42018,-2.16202,0.69314,0.26043,0.72114,-0.38263,0.51550,-0.65428,0.97017,0.12344,
1403715546512142848,-1.48633,-2.06634,0.70560,0.23298,0.74070,-0.34658,0.52627,-0.65438,0.96954,0.13036,
1403715546612143104,-1.55161,-1.97146,0.71796,0.20659,0.75945,-0.30764,0.53472,-0.65237,0.95566,0.12165,
1403715546712142848,-1.61745,-1.87640,0.72824,0.17958,0.78131,-0.26698,0.53481,-0.63588,0.93594,0.08072,
1403715546812143104,-1.67943,-1.78439,0.73517,0.14782,0.80618,-0.22912,0.52509,-0.58324,0.91111,0.06528,
1403715546912143104,-1.73555,-1.69567,0.74388,0.11459,0.82290,-0.19394,0.52162,-0.51721,0.85121,0.08135,
1403715547012142848,-1.78350,-1.61448,0.75460,0.09601,0.83512,-0.14862,0.52083,-0.42686,0.79366,0.08696,
1403715547112143104,-1.82004,-1.53927,0.76539,0.07631,0.84333,-0.10503,0.52148,-0.31386,0.77407,0.08971,
1403715547212142848,-1.84541,-1.46427,0.77643,0.05560,0.84769,-0.06251,0.52386,-0.19995,0.76713,0.10101,
1403715547312143104,-1.85821,-1.39083,0.78814,0.03719,0.85006,-0.02123,0.52494,-0.08574,0.77370,0.09519,
1403715547412143104,-1.85816,-1.31853,0.79769,0.01677,0.85268,0.01299,0.52200,0.03242,0.79347,0.06413,
1403715547512142848,-1.84528,-1.24406,0.80339,-0.00497,0.85667,0.04293,0.51405,0.15364,0.82831,0.03202,
1403715547612143104,-1.81371,-1.17036,0.80629,-0.02578,0.85768,0.07634,0.50783,0.29947,0.88312,0.02177,
1403715547712142848,-1.77413,-1.08415,0.80995,-0.04472,0.85595,0.11193,0.50281,0.43970,0.93424,0.02330,
1403715547812143104,-1.72387,-0.98733,0.81560,-0.06427,0.85188,0.14600,0.49885,0.58103,1.00983,0.02512,
1403715547912143104,-1.66123,-0.88140,0.82155,-0.08521,0.84406,0.17698,0.49899,0.71584,1.08979,0.04020,
1403715548012142848,-1.58549,-0.76853,0.82730,-0.10847,0.83127,0.19850,0.50776,0.81758,1.15877,0.04144,
1403715548112143104,-1.50160,-0.64853,0.83401,-0.12388,0.81471,0.21330,0.52479,0.87181,1.19992,0.02929,
1403715548212142848,-1.41382,-0.52625,0.83923,-0.13152,0.80137,0.22284,0.53930,0.89473,1.23178,0.02564,
1403715548312143104,-1.32465,-0.40069,0.84211,-0.13362,0.79226,0.22812,0.54993,0.89535,1.26593,-0.04791,
1403715548412143104,-1.23601,-0.27264,0.83309,-0.13215,0.78959,0.22963,0.55349,0.87763,1.28805,-0.18225,
1403715548512142848,-1.14750,-0.14038,0.81396,-0.13186,0.79084,0.22681,0.55294,0.86013,1.31509,-0.23409,
1403715548612143104,-1.06020,-0.00339,0.79265,-0.13513,0.79375,0.21940,0.55097,0.84597,1.34339,-0.22480,
1403715548712142848,-0.97650,0.13237,0.77144,-0.13679,0.79578,0.21220,0.55045,0.81784,1.35543,-0.21938,
1403715548812143104,-0.89453,0.27013,0.75172,-0.13702,0.79730,0.20626,0.55046,0.81434,1.36637,-0.19740,
1403715548912143104,-0.81576,0.40278,0.73398,-0.13677,0.79753,0.20103,0.55212,0.82018,1.36564,-0.17970,
1403715549012142848,-0.73714,0.53808,0.71598,-0.13927,0.79603,0.20153,0.55347,0.79906,1.37487,-0.16826,
1403715549112143104,-0.66328,0.67283,0.69989,-0.14718,0.79010,0.20730,0.55777,0.77352,1.37255,-0.13447,
1403715549212142848,-0.59036,0.80775,0.68743,-0.15578,0.77879,0.21375,0.56880,0.73277,1.34677,-0.09461,
1403715549312143104,-0.52364,0.93917,0.67536,-0.16389,0.76808,0.21843,0.57921,0.65593,1.29437,-0.10224,
1403715549412143104,-0.46789,1.06189,0.66185,-0.18014,0.76477,0.21588,0.57971,0.56225,1.22977,-0.13068,
1403715549512142848,-0.41821,1.17709,0.64648,-0.19483,0.76875,0.21257,0.57086,0.50732,1.12905,-0.14026,
1403715549612143104,-0.37095,1.28336,0.63028,-0.20441,0.77817,0.20925,0.55578,0.48434,1.01892,-0.15277,
1403715549712142848,-0.32058,1.38151,0.61517,-0.20889,0.78787,0.19809,0.54441,0.51926,0.90251,-0.12301,
1403715549812143104,-0.26597,1.46666,0.60389,-0.20759,0.79210,0.17963,0.54518,0.57018,0.77769,-0.08822,
1403715549912143104,-0.21037,1.53302,0.59575,-0.20346,0.79640,0.15414,0.54827,0.60910,0.62591,-0.07761,
1403715550012142848,-0.14967,1.58347,0.59040,-0.19913,0.80311,0.11976,0.54866,0.65648,0.44984,-0.05751,
1403715550112143104,-0.08490,1.61404,0.58604,-0.18096,0.81215,0.08772,0.54769,0.70056,0.23527,-0.01519,
1403715550212142848,-0.01836,1.61913,0.59269,-0.14970,0.81913,0.06263,0.55017,0.73703,0.02539,0.11765,
1403715550312143104,0.05499,1.61151,0.61179,-0.11819,0.82510,0.03855,0.55114,0.76718,-0.13739,0.26137,
1403715550412143104,0.13287,1.59099,0.64518,-0.08681,0.82640,0.01439,0.55617,0.80526,-0.27401,0.37144,
1403715550512142848,0.21443,1.56016,0.68215,-0.05361,0.82532,-0.01056,0.56201,0.82218,-0.36951,0.36337,
1403715550612143104,0.29622,1.52105,0.71307,-0.02716,0.82419,-0.04087,0.56419,0.81398,-0.41880,0.23385,
1403715550712142848,0.37875,1.47658,0.73068,-0.00888,0.82110,-0.07740,0.56544,0.81868,-0.47974,0.11349,
1403715550812143104,0.46019,1.42503,0.73608,0.00223,0.81622,-0.11809,0.56554,0.80381,-0.55103,-0.02295,
1403715550912143104,0.54087,1.36501,0.72928,0.01287,0.81020,-0.15826,0.56423,0.78275,-0.65573,-0.11979,
1403715551012142848,0.61953,1.29243,0.71727,0.02899,0.80311,-0.19416,0.56257,0.75610,-0.80381,-0.10009,
1403715551112143104,0.69506,1.20446,0.71518,0.05675,0.79557,-0.22165,0.56100,0.69945,-0.95939,0.03719,
1403715551212142848,0.76331,1.10143,0.72585,0.08120,0.78629,-0.25073,0.55883,0.65051,-1.09695,0.17037,
1403715551312143104,0.82724,0.98518,0.74637,0.09867,0.77327,-0.28498,0.55777,0.58185,-1.22006,0.22566,
1403715551412143104,0.88143,0.85713,0.76953,0.11508,0.75921,-0.32019,0.55483,0.49246,-1.34006,0.22816,
1403715551512142848,0.92425,0.71849,0.79287,0.13689,0.74340,-0.35175,0.55217,0.38366,-1.45261,0.22664,
1403715551612143104,0.95825,0.56731,0.81689,0.16881,0.72774,-0.37606,0.54815,0.26429,-1.55237,0.24076,
1403715551712142848,0.97763,0.40883,0.84158,0.20794,0.70892,-0.39435,0.54651,0.14231,-1.59749,0.24908,
1403715551812143104,0.98409,0.24885,0.86546,0.24170,0.68692,-0.41470,0.54566,0.01421,-1.59350,0.22713,
1403715551912143104,0.97927,0.09046,0.88953,0.27071,0.65943,-0.43635,0.54906,-0.10853,-1.55929,0.23405,
1403715552012142848,0.96282,-0.06367,0.91166,0.30327,0.63719,-0.45434,0.54368,-0.24007,-1.47189,0.21070,
1403715552112143104,0.93084,-0.20347,0.93022,0.33312,0.62394,-0.47274,0.52559,-0.35119,-1.36086,0.17226,
1403715552212142848,0.89185,-0.33341,0.94585,0.35869,0.60858,-0.49214,0.50869,-0.42644,-1.23199,0.17467,
1403715552312143104,0.84691,-0.45092,0.96070,0.38940,0.58636,-0.50764,0.49683,-0.47930,-1.09505,0.14814,
1403715552412143104,0.79689,-0.55301,0.97394,0.41601,0.56354,-0.52727,0.48099,-0.52281,-0.92622,0.12146,
1403715552512142848,0.74361,-0.63611,0.98535,-0.43904,-0.53733,0.55031,-0.46442,-0.53898,-0.75182,0.11489,
1403715552612143104,0.68763,-0.69455,0.99585,-0.45891,-0.50467,0.57565,-0.45093,-0.55090,-0.55230,0.08672,
1403715552712142848,0.63144,-0.73963,1.00361,-0.47386,-0.46884,0.60428,-0.43646,-0.56861,-0.35592,0.04515,
1403715552812143104,0.57316,-0.76045,1.00841,-0.48607,-0.43278,0.63488,-0.41638,-0.59311,-0.16053,0.02906,
1403715552912143104,0.51121,-0.75850,1.01007,-0.49417,-0.39566,0.66632,-0.39403,-0.62194,0.04366,-0.02528,
1403715553012142848,0.44643,-0.74345,1.00686,-0.49475,-0.35625,0.69862,-0.37449,-0.67357,0.22444,-0.06253,
1403715553112143104,0.37511,-0.70981,1.00132,-0.49798,-0.31668,0.72531,-0.35448,-0.74339,0.40339,-0.08771,
1403715553212142848,0.29616,-0.65959,0.99527,0.51270,0.28094,-0.74130,0.32968,-0.82520,0.56625,-0.08571,
1403715553312143104,0.20837,-0.59174,0.98933,0.53186,0.24320,-0.75009,0.30876,-0.89467,0.74831,-0.07729,
1403715553412143104,0.11798,-0.50215,0.98217,0.56176,0.20890,-0.74956,0.28099,-0.90705,0.95489,-0.08924,
1403715553512142848,0.02990,-0.39476,0.97294,0.59574,0.18022,-0.74344,0.24477,-0.85102,1.13972,-0.12983,
1403715553612143104,-0.04984,-0.27148,0.95776,0.61825,0.15587,-0.74149,0.20897,-0.73668,1.29700,-0.18007,
1403715553712142848,-0.11482,-0.13441,0.93841,0.62614,0.14097,-0.74589,0.17809,-0.57860,1.41335,-0.23030,
1403715553812143104,-0.16463,0.01199,0.91430,0.61069,0.13913,-0.76539,0.14792,-0.43257,1.48893,-0.23552,
1403715553912143104,-0.20105,0.16374,0.89269,0.59073,0.14355,-0.78446,0.12265,-0.32055,1.51692,-0.20015,
1403715554012142848,-0.22965,0.31478,0.87286,0.56614,0.14696,-0.80380,0.10862,-0.27239,1.49041,-0.20324,
1403715554112143104,-0.25489,0.46271,0.85261,0.53500,0.14905,-0.82519,0.10306,-0.28129,1.44136,-0.19506,
1403715554212142848,-0.28572,0.60570,0.83534,0.50717,0.15309,-0.84243,0.09825,-0.37889,1.36635,-0.14839,
1403715554312143104,-0.33086,0.73988,0.82086,-0.49091,-0.16152,0.85132,-0.09040,-0.52488,1.27849,-0.15515,
1403715554412143104,-0.39065,0.86228,0.80324,-0.49431,-0.18641,0.84633,-0.06808,-0.67744,1.13032,-0.18583,
1403715554512142848,-0.46310,0.96739,0.77988,0.52849,0.23718,-0.81468,0.02715,-0.73586,0.92100,-0.29010,
1403715554612143104,-0.53279,1.04761,0.74520,0.56450,0.28735,-0.77361,-0.01749,-0.64407,0.62169,-0.39605,
1403715554712142848,-0.58895,1.09455,0.69902,0.58840,0.31986,-0.74100,-0.04893,-0.44801,0.24989,-0.48754,
1403715554812143104,-0.62038,1.09973,0.64805,0.60665,0.33671,-0.71704,-0.06674,-0.13656,-0.22909,-0.46523,
1403715554912143104,-0.61557,1.06405,0.60890,0.62187,0.33414,-0.70569,-0.06016,0.29398,-0.78910,-0.24706,
1403715555012142848,-0.56209,0.94839,0.59885,0.63235,0.30918,-0.70967,-0.03016,0.74524,-1.31043,-0.01563,
1403715555112143104,-0.46879,0.79829,0.60837,0.61672,0.25743,-0.74313,0.03383,1.07024,-1.64952,0.16749,
1403715555212142848,-0.35405,0.62668,0.62831,0.58187,0.20045,-0.78111,0.10544,1.19556,-1.77257,0.17296,
1403715555312143104,-0.23417,0.45113,0.63886,0.53617,0.14144,-0.81221,0.18120,1.15886,-1.73645,0.03207,
1403715555412143104,-0.12465,0.28754,0.64059,0.51690,0.11335,-0.82068,0.21553,1.00340,-1.55188,0.03945,
1403715555512142848,-0.03335,0.14724,0.65495,0.52791,0.11414,-0.81433,0.21250,0.82672,-1.29278,0.19834,
1403715555612143104,0.04212,0.02927,0.68561,0.54330,0.12757,-0.80618,0.19656,0.70608,-1.07292,0.33773,
1403715555712142848,0.11018,-0.06963,0.72736,0.54774,0.14234,-0.80405,0.18227,0.64317,-0.90220,0.43796,
1403715555812143104,0.17887,-0.15187,0.77825,0.53740,0.14414,-0.80917,0.18889,0.57921,-0.75083,0.54075,
1403715555912143104,0.24590,-0.21686,0.83828,0.52740,0.14127,-0.81356,0.20006,0.47990,-0.58725,0.64498,
1403715556012142848,0.29497,-0.26875,0.90597,0.51682,0.13841,-0.81827,0.21017,0.36898,-0.43474,0.60126,
1403715556112143104,0.32854,-0.30581,0.96657,0.50388,0.12946,-0.82352,0.22618,0.23157,-0.26727,0.52332,
1403715556212142848,0.34307,-0.32237,1.01659,0.50980,0.12675,-0.81868,0.23195,0.06694,-0.07183,0.49470,
1403715556312143104,0.33884,-0.31956,1.06064,0.52120,0.13073,-0.81131,0.23030,-0.08239,0.12238,0.46991,
1403715556412143104,0.32193,-0.29824,1.10148,0.52782,0.13887,-0.80688,0.22597,-0.20168,0.30476,0.40670,
1403715556512142848,0.29714,-0.26094,1.13354,0.53417,0.15914,-0.80437,0.20572,-0.28057,0.43965,0.25741,
1403715556612143104,0.26658,-0.21314,1.15239,0.53855,0.18245,-0.80249,0.18076,-0.33596,0.51033,0.09893,
1403715556712142848,0.23141,-0.16020,1.15582,0.53283,0.19830,-0.80598,0.16482,-0.37685,0.54230,-0.06111,
1403715556812143104,0.19144,-0.10759,1.14749,0.53195,0.21234,-0.80569,0.15102,-0.44213,0.52790,-0.12822,
1403715556912143104,0.14696,-0.05748,1.13523,0.53710,0.22344,-0.80126,0.13990,-0.47117,0.48614,-0.14196,
1403715557012142848,0.09982,-0.01170,1.12133,0.53491,0.22841,-0.80219,0.13488,-0.49194,0.41845,-0.17024,
1403715557112143104,0.04950,0.02658,1.10546,0.51878,0.22633,-0.81279,0.13792,-0.52747,0.34382,-0.15919,
1403715557212142848,-0.00676,0.05823,1.09205,0.50013,0.22171,-0.82489,0.14237,-0.61533,0.26819,-0.13395,
1403715557312143104,-0.07406,0.08312,1.08125,-0.48769,-0.21865,0.83293,-0.14347,-0.74561,0.19182,-0.11116,
1403715557412143104,-0.15515,0.10140,1.07167,-0.48451,-0.21595,0.83541,-0.14385,-0.88837,0.12209,-0.09054,
1403715557512142848,-0.25064,0.11313,1.06389,-0.49905,-0.21520,0.82720,-0.14273,-1.01642,0.06032,-0.08083,
1403715557612143104,-0.35612,0.11770,1.05392,0.51944,0.21676,-0.81495,0.13803,-1.10090,-0.00312,-0.09942,
1403715557712142848,-0.46782,0.11606,1.04119,0.53741,0.21888,-0.80372,0.13160,-1.13031,-0.05580,-0.12494,
1403715557812143104,-0.58102,0.10795,1.02758,0.54445,0.21496,-0.80005,0.13147,-1.12828,-0.11031,-0.08754,
1403715557912143104,-0.69384,0.09534,1.02380,0.54394,0.20742,-0.80214,0.13295,-1.12578,-0.15960,0.02986,
1403715558012142848,-0.80564,0.07842,1.03420,0.54440,0.19987,-0.80360,0.13379,-1.11948,-0.19408,0.15592,
1403715558112143104,-0.91738,0.05722,1.05618,0.54367,0.19536,-0.80553,0.13183,-1.13032,-0.23413,0.27350,
1403715558212142848,-1.03007,0.03215,1.08659,0.54166,0.19538,-0.80781,0.12599,-1.14212,-0.26476,0.30611,
1403715558312143104,-1.14523,0.00320,1.11769,0.54524,0.20073,-0.80577,0.11472,-1.15363,-0.30869,0.29805,
1403715558412143104,-1.26062,-0.03189,1.14727,0.55791,0.20461,-0.79704,0.10765,-1.13703,-0.38899,0.27771,
1403715558512142848,-1.37311,-0.07394,1.17080,0.57551,0.19754,-0.78472,0.11824,-1.08038,-0.42991,0.17833,
1403715558612143104,-1.47898,-0.11739,1.18305,0.59227,0.18943,-0.77221,0.13048,-1.01266,-0.42803,0.05012,
1403715558712142848,-1.57777,-0.15884,1.18043,0.59820,0.18485,-0.76740,0.13819,-0.92006,-0.41254,-0.08462,
1403715558812143104,-1.66697,-0.19899,1.17003,0.59874,0.19180,-0.76471,0.14122,-0.82552,-0.39830,-0.10621,
1403715558912143104,-1.74691,-0.23729,1.16052,0.59836,0.20858,-0.76044,0.14211,-0.71732,-0.37522,-0.08837,
1403715559012142848,-1.81461,-0.27337,1.15441,0.59893,0.22955,-0.75346,0.14452,-0.57720,-0.36372,-0.05342,
1403715559112143104,-1.86673,-0.30881,1.15176,0.59646,0.24972,-0.74692,0.15488,-0.42613,-0.36324,-0.02365,
1403715559212142848,-1.90439,-0.34478,1.15273,0.59353,0.27035,-0.73897,0.16898,-0.28958,-0.36020,0.00525,
1403715559312143104,-1.92624,-0.37942,1.15482,0.59064,0.29348,-0.72944,0.18145,-0.14650,-0.34972,-0.00661,
1403715559412143104,-1.93317,-0.41267,1.15619,0.58285,0.31821,-0.72263,0.19190,-0.01834,-0.33858,-0.01649,
1403715559512142848,-1.92733,-0.44653,1.15176,0.56356,0.34013,-0.72604,0.19892,0.09236,-0.35138,-0.11602,
1403715559612143104,-1.91166,-0.48160,1.13539,0.54132,0.34942,-0.73407,0.21454,0.16509,-0.35463,-0.23750,
1403715559712142848,-1.89003,-0.51747,1.10790,0.53001,0.36008,-0.73493,0.22206,0.20008,-0.38248,-0.32444,
1403715559812143104,-1.86502,-0.55709,1.07530,0.52576,0.37495,-0.72932,0.22602,0.24877,-0.42118,-0.32279,
1403715559912143104,-1.83496,-0.59946,1.04157,0.52136,0.39288,-0.72140,0.23111,0.31122,-0.46265,-0.32214,
1403715560012142848,-1.79980,-0.64695,1.00820,0.51718,0.41502,-0.71064,0.23511,0.38097,-0.52250,-0.32424,
1403715560112143104,-1.75740,-0.70233,0.97781,0.51052,0.43572,-0.70030,0.24309,0.46651,-0.59054,-0.24669,
1403715560212142848,-1.70649,-0.76575,0.95848,-0.49847,-0.45058,0.69314,-0.26089,0.55212,-0.66470,-0.13434,
1403715560312143104,-1.64949,-0.83605,0.95276,-0.48369,-0.46187,0.68751,-0.28293,0.59448,-0.73214,-0.00939,
1403715560412143104,-1.59050,-0.91127,0.95572,-0.47147,-0.47477,0.67893,-0.30227,0.60707,-0.77096,0.02305,
1403715560512142848,-1.53066,-0.99059,0.95890,-0.46129,-0.49050,0.66841,-0.31599,0.61102,-0.80253,0.00667,
1403715560612143104,-1.47009,-1.07254,0.96006,-0.45175,-0.50632,0.65652,-0.32947,0.62011,-0.83531,0.02422,
1403715560712142848,-1.40764,-1.15837,0.96311,-0.44250,-0.52354,0.64228,-0.34288,0.63565,-0.88461,0.03698,
1403715560812143104,-1.34439,-1.24746,0.96671,-0.43517,-0.54302,0.62488,-0.35395,0.64941,-0.90183,0.02472,
1403715560912143104,-1.27813,-1.33821,0.97055,-0.42853,-0.56570,0.60494,-0.36109,0.68968,-0.92818,0.02897,
1403715561012142848,-1.20629,-1.43079,0.97484,0.41852,0.58680,-0.58462,0.37245,0.74007,-0.95149,0.03276,
1403715561112143104,-1.12999,-1.52496,0.97814,0.40341,0.60545,-0.56616,0.38750,0.78529,-0.96115,0.01258,
1403715561212142848,-1.04942,-1.62024,0.97969,0.38549,0.62042,-0.55046,0.40432,0.81913,-0.97080,0.00782,
1403715561312143104,-0.96773,-1.71694,0.98059,0.36331,0.62508,-0.54395,0.42591,0.81938,-0.98196,-0.00567,
1403715561412143104,-0.88803,-1.81698,0.98036,0.34312,0.62849,-0.53841,0.44427,0.79456,-1.00259,-0.00793,
1403715561512142848,-0.81249,-1.91828,0.98289,0.33642,0.63816,-0.52325,0.45363,0.74294,-1.02647,0.02376,
1403715561612143104,-0.74118,-2.02147,0.98739,0.33761,0.65033,-0.50253,0.45886,0.70425,-1.03468,0.05263,
1403715561712142848,-0.67266,-2.12285,0.99255,0.34080,0.66138,-0.47939,0.46542,0.71092,-1.02272,0.05039,
1403715561812143104,-0.60460,-2.22000,0.99828,0.34051,0.67005,-0.45561,0.47697,0.71406,-0.96445,0.06015,
1403715561912143104,-0.53235,-2.31420,1.00508,0.33501,0.67806,-0.43192,0.49138,0.73806,-0.89468,0.09232,
1403715562012142848,-0.46058,-2.39792,1.01453,0.33111,0.68221,-0.40621,0.50985,0.73164,-0.79031,0.10337,
1403715562112143104,-0.38975,-2.47173,1.02497,0.32907,0.68271,-0.38407,0.52736,0.69734,-0.66302,0.12421,
1403715562212142848,-0.32160,-2.53276,1.03558,0.33150,0.68325,-0.36650,0.53754,0.66589,-0.51362,0.11467,
1403715562312143104,-0.25580,-2.57744,1.04349,0.33529,0.69135,-0.35515,0.53243,0.63398,-0.33759,0.08256,
1403715562412143104,-0.19067,-2.60334,1.04827,0.33545,0.70634,-0.35160,0.51471,0.65991,-0.17435,0.05310,
1403715562512142848,-0.12016,-2.61433,1.05270,0.33360,0.72285,-0.34768,0.49529,0.72530,-0.03063,0.04907,
1403715562612143104,-0.03982,-2.61265,1.06029,0.33366,0.73294,-0.33406,0.48978,0.84473,0.10003,0.06077,
1403715562712142848,0.05023,-2.59726,1.06594,0.30825,0.73851,-0.33762,0.49558,0.93618,0.21420,0.04041,
1403715562812143104,0.14833,-2.57296,1.07186,0.27953,0.73969,-0.34598,0.50499,0.98959,0.28445,0.03641,
1403715562912143104,0.24948,-2.54276,1.07819,0.25329,0.74196,-0.34803,0.51403,1.01441,0.32311,0.03904,
1403715563012142848,0.35259,-2.51188,1.08448,0.23332,0.74617,-0.34004,0.52265,1.01476,0.32897,0.04310,
1403715563112143104,0.45700,-2.48093,1.09063,0.22271,0.75025,-0.31960,0.53421,1.01893,0.32966,0.05249,
1403715563212142848,0.55875,-2.44763,1.09689,0.21394,0.75370,-0.28961,0.54980,1.01980,0.34812,0.06133,
1403715563312143104,0.66155,-2.41038,1.10212,0.19867,0.75717,-0.25362,0.56824,0.99135,0.41170,0.06183,
1403715563412143104,0.75830,-2.36549,1.10573,0.17604,0.76424,-0.21371,0.58247,0.93302,0.47620,0.05131,
1403715563512142848,0.84794,-2.31456,1.10507,0.15480,0.77359,-0.17123,0.59015,0.87261,0.53200,-0.02241,
1403715563612143104,0.92635,-2.25717,1.09315,0.13555,0.77983,-0.12931,0.59730,0.78364,0.60643,-0.15442,
1403715563712142848,0.99407,-2.19330,1.06868,0.11815,0.78246,-0.09024,0.60470,0.69155,0.67797,-0.25381,
1403715563812143104,1.05106,-2.12244,1.03479,0.09661,0.78196,-0.05564,0.61328,0.58844,0.76670,-0.36787,
1403715563912143104,1.09763,-2.04307,0.98992,0.06015,0.78116,-0.02951,0.62073,0.47304,0.84230,-0.46912,
1403715564012142848,1.13359,-1.95665,0.93632,0.01702,0.78300,-0.00608,0.62176,0.33598,0.88444,-0.54339,
1403715564112143104,1.15813,-1.86632,0.88140,-0.02755,0.78575,0.01828,0.61766,0.19369,0.87496,-0.53243,
1403715564212142848,1.16973,-1.77855,0.82945,-0.06665,0.78583,0.04664,0.61307,0.07790,0.83213,-0.49698,
1403715564312143104,1.17255,-1.69634,0.78537,-0.09660,0.78442,0.08372,0.60691,-0.02445,0.75398,-0.37057,
1403715564412143104,1.16602,-1.62139,0.75452,-0.12351,0.78424,0.12774,0.59447,-0.11748,0.68370,-0.24958,
1403715564512142848,1.15295,-1.55397,0.73683,-0.14708,0.78677,0.17588,0.57309,-0.17349,0.62281,-0.08105,
1403715564612143104,1.13519,-1.49172,0.73493,-0.16878,0.78244,0.22389,0.55604,-0.21394,0.57191,0.06879,
1403715564712142848,1.11379,-1.43306,0.74806,-0.18839,0.77111,0.27053,0.54471,-0.23385,0.55296,0.20780,
1403715564812143104,1.09013,-1.37401,0.77532,-0.20825,0.75519,0.31462,0.53604,-0.25413,0.56059,0.33199,
1403715564912143104,1.06541,-1.31533,0.81604,-0.22962,0.73586,0.35369,0.52980,-0.27530,0.57481,0.47057,
1403715565012142848,1.03718,-1.25623,0.87024,-0.25170,0.71324,0.38902,0.52593,-0.32988,0.58786,0.59041,
1403715565112143104,1.00162,-1.19757,0.93390,-0.27627,0.69270,0.42219,0.51536,-0.40079,0.58621,0.63523,
1403715565212142848,0.95879,-1.14211,0.99402,-0.30567,0.67477,0.45107,0.49778,-0.45703,0.56598,0.53206,
1403715565312143104,0.91364,-1.08813,1.04151,-0.33539,0.65509,0.47471,0.48272,-0.47945,0.55198,0.41211,
1403715565412143104,0.86717,-1.03916,1.07873,-0.36476,0.63064,0.49478,0.47374,-0.48823,0.50850,0.29086,
1403715565512142848,0.81922,-0.99599,1.10473,-0.39356,0.60570,0.51390,0.46277,-0.50722,0.42996,0.19182,
1403715565612143104,0.76876,-0.95901,1.12599,-0.41768,0.57906,0.53786,0.44827,-0.51790,0.32957,0.21792,
1403715565712142848,0.71725,-0.93162,1.15055,-0.44085,0.55108,0.56476,0.42781,-0.53126,0.22454,0.27693,
1403715565812143104,0.66287,-0.91625,1.17868,-0.45889,0.52037,0.59747,0.40207,-0.53502,0.09661,0.29856,
1403715565912143104,0.60825,-0.91373,1.20861,-0.47827,0.48561,0.63096,0.37058,-0.53277,-0.01748,0.32704,
1403715566012142848,0.55541,-0.92440,1.23884,-0.49994,0.44417,0.66143,0.33953,-0.51854,-0.10564,0.31855,
1403715566112143104,0.50471,-0.94076,1.26922,0.51832,-0.40195,-0.68934,-0.30756,-0.47774,-0.18805,0.30700,
1403715566212142848,0.45704,-0.96355,1.29875,0.53486,-0.35818,-0.71329,-0.27724,-0.43612,-0.26427,0.29169,
1403715566312143104,0.41347,-0.99349,1.32727,0.55057,-0.31441,-0.73343,-0.24515,-0.39008,-0.33483,0.28645,
1403715566412143104,0.37634,-1.03114,1.35069,0.56220,-0.27044,-0.75146,-0.21471,-0.33239,-0.40450,0.20321,
1403715566512142848,0.34371,-1.07413,1.36302,0.57482,-0.22771,-0.76378,-0.18536,-0.28867,-0.44924,0.07422,
1403715566612143104,0.31540,-1.12258,1.36446,0.58608,-0.18762,-0.77242,-0.15710,-0.23792,-0.51496,-0.03990,
1403715566712142848,0.29219,-1.17687,1.35573,0.59406,-0.14519,-0.78043,-0.13017,-0.18209,-0.58019,-0.10405,
1403715566812143104,0.27665,-1.23866,1.34458,0.59900,-0.10120,-0.78831,-0.09762,-0.10446,-0.65571,-0.10564,
1403715566912143104,0.26756,-1.30905,1.33710,0.60475,-0.05516,-0.79221,-0.06020,-0.03356,-0.71896,-0.07090,
1403715567012142848,0.26649,-1.38444,1.32889,0.60622,-0.00569,-0.79502,-0.02010,0.05268,-0.76787,-0.08156,
1403715567112143104,0.27336,-1.46233,1.31993,0.60157,0.04377,-0.79712,0.02812,0.13886,-0.79017,-0.08798,
1403715567212142848,0.29008,-1.54153,1.31196,0.59404,0.09744,-0.79494,0.07541,0.22432,-0.78598,-0.08441,
1403715567312143104,0.31419,-1.61994,1.30213,0.57771,0.15558,-0.79240,0.11893,0.26434,-0.77900,-0.10677,
1403715567412143104,0.34236,-1.69650,1.28851,0.56039,0.21893,-0.78350,0.15546,0.30833,-0.75689,-0.18145,
1403715567512142848,0.37447,-1.77162,1.26359,0.54177,0.28064,-0.76952,0.18857,0.34168,-0.73941,-0.31710,
1403715567612143104,0.40913,-1.84709,1.22514,0.52517,0.33545,-0.74996,0.22190,0.36131,-0.73778,-0.44712,
1403715567712142848,0.44742,-1.92682,1.17827,0.51105,0.38491,-0.72461,0.25616,0.39031,-0.75256,-0.50012,
1403715567812143104,0.49056,-2.00797,1.12935,-0.49860,-0.42930,0.69381,-0.29280,0.43586,-0.75315,-0.50559,
1403715567912143104,0.53855,-2.08919,1.08075,-0.48254,-0.47308,0.66159,-0.32505,0.47575,-0.74559,-0.49526,
1403715568012142848,0.59122,-2.16818,1.03421,-0.46640,-0.51535,0.62637,-0.35291,0.51795,-0.71864,-0.46437,
1403715568112143104,0.65133,-2.24465,0.99158,-0.45082,-0.55010,0.58935,-0.38316,0.58718,-0.67781,-0.43638,
1403715568212142848,0.71732,-2.31530,0.95112,0.43240,0.58240,-0.55193,0.41135,0.64500,-0.61272,-0.42432,
1403715568312143104,0.78994,-2.37540,0.91155,0.40675,0.61181,-0.51789,0.43822,0.70150,-0.54284,-0.40870,
1403715568412143104,0.87064,-2.42496,0.87743,0.38089,0.63885,-0.48292,0.46216,0.73921,-0.45584,-0.37566,
1403715568512142848,0.95763,-2.46344,0.85070,0.35571,0.66476,-0.44547,0.48282,0.77253,-0.35794,-0.31580,
1403715568612143104,1.04443,-2.49015,0.83089,0.32918,0.68911,-0.40731,0.50087,0.80207,-0.25385,-0.24185,
1403715568712142848,1.12854,-2.50435,0.81659,0.30113,0.71182,-0.36830,0.51671,0.81720,-0.14021,-0.18409,
1403715568812143104,1.20975,-2.50797,0.80528,0.27115,0.73264,-0.32923,0.53041,0.81836,-0.04463,-0.14542,
1403715568912143104,1.28826,-2.50254,0.79677,0.24231,0.75147,-0.29085,0.54035,0.79937,0.04690,-0.14277,
1403715569012142848,1.36219,-2.48908,0.78768,0.21175,0.76978,-0.25789,0.54415,0.78144,0.11728,-0.12757,
1403715569112143104,1.43452,-2.47052,0.77824,0.18433,0.78408,-0.22479,0.54837,0.76688,0.17578,-0.13586,
1403715569212142848,1.50830,-2.44836,0.76762,0.15535,0.79418,-0.19561,0.55397,0.75910,0.21916,-0.12517,
1403715569312143104,1.58314,-2.42376,0.75891,0.13316,0.79482,-0.16874,0.56750,0.75210,0.24080,-0.08724,
1403715569412143104,1.65644,-2.39568,0.75246,0.11717,0.79038,-0.14366,0.58390,0.72180,0.28595,-0.05449,
1403715569512142848,1.72383,-2.36222,0.74756,0.10485,0.78849,-0.11802,0.59444,0.66605,0.34108,-0.04404,
1403715569612143104,1.78294,-2.32218,0.74376,0.09244,0.79045,-0.09116,0.59861,0.59153,0.40752,-0.04019,
1403715569712142848,1.83473,-2.27560,0.73938,0.07622,0.79596,-0.06421,0.59709,0.51341,0.48268,-0.04221,
1403715569812143104,1.87867,-2.22175,0.73592,0.05299,0.80099,-0.03610,0.59523,0.43344,0.55632,-0.02545,
1403715569912143104,1.91574,-2.16229,0.73433,0.02596,0.80192,-0.00497,0.59685,0.35631,0.61859,0.00396,
1403715570012142848,1.94911,-2.09709,0.73388,0.00002,0.79888,0.02862,0.60081,0.29067,0.66359,-0.00079,
1403715570112143104,1.97435,-2.02803,0.73258,-0.02617,0.79485,0.06368,0.60288,0.21388,0.70296,-0.01380,
1403715570212142848,1.99104,-1.95593,0.73038,-0.05356,0.79002,0.09962,0.60255,0.11629,0.72957,-0.02844,
1403715570312143104,1.99669,-1.88231,0.72725,-0.08228,0.78291,0.13707,0.60124,0.02251,0.75358,-0.04177,
1403715570412143104,1.99286,-1.80683,0.72127,-0.11195,0.77254,0.17640,0.59961,-0.08591,0.76311,-0.06698,
1403715570512142848,1.97808,-1.73046,0.71392,-0.14458,0.75981,0.21528,0.59618,-0.20107,0.75595,-0.07413,
1403715570612143104,1.95116,-1.65604,0.70418,-0.17406,0.74488,0.25706,0.59057,-0.33699,0.73319,-0.11005,
1403715570712142848,1.91337,-1.58350,0.68957,-0.20421,0.73547,0.29819,0.57311,-0.45298,0.69267,-0.14310,
1403715570812143104,1.86476,-1.51219,0.67584,-0.23308,0.72150,0.34035,0.55612,-0.55278,0.67105,-0.15293,
1403715570912143104,1.80622,-1.44343,0.66147,-0.26198,0.70534,0.38024,0.53785,-0.62685,0.64472,-0.15737,
1403715571012142848,1.73988,-1.37821,0.64581,-0.28610,0.69154,0.41611,0.51650,-0.68788,0.61228,-0.16101,
1403715571112143104,1.66928,-1.31565,0.63003,-0.30876,0.68016,0.43932,0.49905,-0.71527,0.57949,-0.17158,
1403715571212142848,1.59712,-1.25538,0.61642,-0.33028,0.66756,0.44983,0.49288,-0.71922,0.55091,-0.13116,
1403715571312143104,1.52452,-1.20120,0.60603,-0.34395,0.65190,0.45508,0.49962,-0.73331,0.46879,-0.11835,
1403715571412143104,1.44897,-1.15754,0.59608,-0.34981,0.64409,0.45839,0.50266,-0.76376,0.38587,-0.12482,
1403715571512142848,1.36988,-1.12310,0.58548,-0.34543,0.64939,0.46486,0.49283,-0.79116,0.30597,-0.13040,
1403715571612143104,1.28898,-1.09481,0.57027,-0.34832,0.66577,0.46416,0.46902,-0.80640,0.25963,-0.21631,
1403715571712142848,1.20934,-1.06807,0.54302,-0.36110,0.69036,0.45359,0.43275,-0.75255,0.24969,-0.34585,
1403715571812143104,1.13805,-1.04101,0.50470,-0.36906,0.71659,0.44346,0.39197,-0.61199,0.25261,-0.40390,
1403715571912143104,1.08840,-1.01610,0.46683,-0.36896,0.73652,0.43792,0.36004,-0.37377,0.30470,-0.38649,
1403715572012142848,1.06798,-0.98607,0.43139,-0.35783,0.75105,0.44061,0.33725,-0.06898,0.39544,-0.33565,
1403715572112143104,1.08463,-0.95121,0.40171,-0.33467,0.75348,0.45713,0.33362,0.25227,0.52822,-0.26874,
1403715572212142848,1.12080,-0.89915,0.37722,-0.31117,0.73681,0.48347,0.35574,0.46354,0.71929,-0.21255,
1403715572312143104,1.17382,-0.82502,0.35773,-0.30171,0.69675,0.51168,0.40212,0.53834,0.90078,-0.19986,
1403715572412143104,1.22724,-0.73412,0.33756,-0.31055,0.65086,0.53132,0.44457,0.48901,1.00990,-0.22158,
1403715572512142848,1.27181,-0.63513,0.31293,-0.32948,0.61557,0.54425,0.46509,0.37423,1.04106,-0.26863,
1403715572612143104,1.30497,-0.53472,0.28495,-0.35013,0.59200,0.55699,0.46552,0.24474,1.02504,-0.27275,
1403715572712142848,1.32528,-0.43500,0.25879,-0.36767,0.57094,0.57403,0.45754,0.11343,0.98933,-0.26655,
1403715572812143104,1.33016,-0.33777,0.23679,-0.38147,0.55520,0.59371,0.44016,-0.02630,0.93929,-0.17158,
1403715572912143104,1.32365,-0.24506,0.22746,-0.40108,0.54128,0.60900,0.41865,-0.12976,0.91504,-0.02795,
1403715573012142848,1.30805,-0.15398,0.23152,-0.42208,0.52294,0.62228,0.40142,-0.21500,0.87503,0.09980,
1403715573112143104,1.28469,-0.06710,0.24747,-0.44262,0.50378,0.63544,0.38276,-0.28059,0.83342,0.21455,
1403715573212142848,1.25621,0.01305,0.27223,-0.46017,0.48488,0.64970,0.36198,-0.30590,0.77068,0.23141,
1403715573312143104,1.22497,0.08652,0.29679,-0.47469,0.46633,0.66530,0.33850,-0.31883,0.72095,0.20992,
1403715573412143104,1.19346,0.15518,0.31938,-0.48668,0.44768,0.68135,0.31383,-0.31588,0.69131,0.18977,
1403715573512142848,1.16271,0.22184,0.34030,0.50012,-0.43246,-0.69454,-0.28368,-0.29115,0.67956,0.17865,
1403715573612143104,1.13489,0.28505,0.36244,0.50958,-0.41328,-0.70859,-0.25967,-0.25290,0.68105,0.19272,
1403715573712142848,1.11104,0.35121,0.38392,0.50977,-0.38623,-0.72801,-0.24689,-0.23005,0.69761,0.18568,
1403715573812143104,1.08756,0.42033,0.40381,0.50432,-0.35752,-0.75018,-0.23470,-0.23973,0.72004,0.18363,
1403715573912143104,1.06037,0.49207,0.42296,-0.49998,0.32862,0.77115,0.21762,-0.28729,0.72615,0.19166,
1403715574012142848,1.02968,0.56094,0.44295,0.50089,-0.29936,-0.78868,-0.19359,-0.35769,0.74671,0.17984,
1403715574112143104,0.98990,0.63601,0.46357,0.50384,-0.26724,-0.80444,-0.16615,-0.45193,0.78626,0.20397,
1403715574212142848,0.94066,0.71692,0.48622,0.51450,-0.23046,-0.81362,-0.14211,-0.53119,0.83117,0.23136,
1403715574312143104,0.88672,0.79819,0.51028,0.53239,-0.18488,-0.81554,-0.13148,-0.58450,0.84606,0.23886,
1403715574412143104,0.82606,0.88217,0.53349,0.54545,-0.13909,-0.81603,-0.13128,-0.62799,0.81679,0.20231,
1403715574512142848,0.76457,0.95731,0.54977,0.55043,-0.10546,-0.81743,-0.13306,-0.66108,0.73096,0.15703,
1403715574612143104,0.69405,1.03032,0.56411,0.54946,-0.08290,-0.82128,-0.12930,-0.70923,0.62370,0.11027,
1403715574712142848,0.62070,1.08713,0.57440,0.54694,-0.06538,-0.82567,-0.12185,-0.76035,0.48316,0.08808,
1403715574812143104,0.54205,1.12918,0.58179,0.54613,-0.05770,-0.82911,-0.10486,-0.82672,0.35506,0.07864,
1403715574912143104,0.45536,1.16368,0.59202,0.54948,-0.06158,-0.82920,-0.08187,-0.87701,0.26346,0.11435,
1403715575012142848,0.36356,1.19248,0.60825,0.55871,-0.06475,-0.82397,-0.06869,-0.90597,0.21810,0.15649,
1403715575112143104,0.26953,1.21623,0.62761,0.57031,-0.06444,-0.81609,-0.06774,-0.91269,0.17567,0.18493,
1403715575212142848,0.17805,1.23344,0.64894,0.59167,-0.06347,-0.80036,-0.07292,-0.88020,0.13272,0.21131,
1403715575312143104,0.09303,1.24256,0.66877,0.60338,-0.06204,-0.79057,-0.08413,-0.79484,0.05281,0.16409,
1403715575412143104,0.01441,1.24219,0.68332,0.59221,-0.07022,-0.79808,-0.08610,-0.71801,-0.02771,0.13065,
1403715575512142848,-0.05154,1.23268,0.70001,0.58041,-0.07515,-0.80541,-0.09377,-0.67691,-0.10593,0.18092,
1403715575612143104,-0.11778,1.21714,0.72112,0.58070,-0.06903,-0.80281,-0.11625,-0.65180,-0.20716,0.22698,
1403715575712142848,-0.17873,1.18691,0.74571,0.58258,-0.06255,-0.79858,-0.13770,-0.63219,-0.35836,0.23184,
1403715575812143104,-0.23952,1.14057,0.76879,0.57984,-0.06276,-0.79868,-0.14820,-0.61524,-0.53976,0.19501,
1403715575912143104,-0.30216,1.07626,0.79079,0.57770,-0.06973,-0.80007,-0.14589,-0.59814,-0.72467,0.18401,
1403715576012142848,-0.36613,0.99582,0.80938,0.57677,-0.08613,-0.80228,-0.12755,-0.60016,-0.86268,0.16852,
1403715576112143104,-0.43083,0.90405,0.82738,0.57704,-0.09777,-0.80290,-0.11327,-0.57657,-0.95699,0.14903,
1403715576212142848,-0.49071,0.80472,0.84277,0.57907,-0.10654,-0.80193,-0.10122,-0.57016,-1.01312,0.13630,
1403715576312143104,-0.54869,0.70188,0.85936,0.58326,-0.10839,-0.79916,-0.09694,-0.55341,-1.03806,0.17875,
1403715576412143104,-0.60257,0.59630,0.88028,0.59646,-0.10525,-0.78968,-0.09778,-0.50651,-1.08086,0.21562,
1403715576512142848,-0.65186,0.48487,0.90407,0.61158,-0.10218,-0.77819,-0.09976,-0.43144,-1.13538,0.23601,
1403715576612143104,-0.68930,0.36889,0.92887,0.62447,-0.10090,-0.76722,-0.10601,-0.30601,-1.19526,0.24139,
1403715576712142848,-0.71360,0.24616,0.95274,0.62524,-0.10344,-0.76517,-0.11357,-0.17341,-1.25974,0.22588,
1403715576812143104,-0.72551,0.11555,0.97534,0.61517,-0.11309,-0.77120,-0.11844,-0.04551,-1.33645,0.21172,
1403715576912143104,-0.72584,-0.02248,0.99720,0.59751,-0.12465,-0.78268,-0.12190,0.04329,-1.40744,0.22418,
1403715577012142848,-0.71871,-0.16631,1.02004,0.58570,-0.13827,-0.78926,-0.12211,0.09503,-1.45743,0.23216,
1403715577112143104,-0.70712,-0.31378,1.04190,0.58104,-0.15873,-0.78982,-0.11566,0.13176,-1.47622,0.21112,
1403715577212142848,-0.69192,-0.46127,1.05899,0.57879,-0.17884,-0.78778,-0.11147,0.16249,-1.46444,0.10712,
1403715577312143104,-0.67414,-0.60581,1.05791,0.57807,-0.19036,-0.78525,-0.11387,0.17727,-1.43844,-0.12050,
1403715577412143104,-0.65276,-0.74674,1.03548,0.57675,-0.19272,-0.78428,-0.12299,0.21801,-1.41997,-0.27014,
1403715577512142848,-0.62773,-0.88576,1.00640,0.57533,-0.19367,-0.78407,-0.12932,0.25322,-1.41003,-0.27591,
1403715577612143104,-0.59874,-1.02084,0.98123,0.57414,-0.19464,-0.78428,-0.13181,0.29175,-1.39493,-0.17433,
1403715577712142848,-0.56657,-1.15565,0.97028,0.57312,-0.19709,-0.78476,-0.12977,0.32191,-1.37926,-0.01987,
1403715577812143104,-0.53102,-1.28768,0.96975,0.57450,-0.20449,-0.78314,-0.12180,0.35544,-1.32851,-0.01245,
1403715577912143104,-0.49116,-1.41323,0.96195,0.57488,-0.21766,-0.78021,-0.11582,0.40683,-1.26743,-0.13998,
1403715578012142848,-0.44563,-1.53094,0.93800,0.57139,-0.23722,-0.77764,-0.11190,0.47295,-1.19156,-0.30325,
1403715578112143104,-0.39584,-1.63918,0.89864,0.56144,-0.26524,-0.77686,-0.10454,0.52805,-1.10423,-0.45294,
1403715578212142848,-0.34148,-1.73481,0.84892,0.54705,-0.30161,-0.77498,-0.09581,0.57561,-0.92654,-0.50917,
1403715578312143104,-0.28250,-1.81119,0.80067,0.53957,-0.32631,-0.76767,-0.11433,0.63283,-0.71316,-0.46919,
1403715578412143104,-0.21626,-1.87240,0.75420,0.53193,-0.34657,-0.75916,-0.14357,0.69324,-0.55734,-0.47093,
1403715578512142848,-0.14532,-1.92064,0.70704,0.51402,-0.36521,-0.75624,-0.17464,0.71212,-0.42437,-0.48627,
1403715578612143104,-0.07373,-1.95730,0.65717,-0.47853,0.38127,0.76525,0.20010,0.69241,-0.31264,-0.50500,
1403715578712142848,-0.00953,-1.97901,0.60790,-0.44074,0.39606,0.77701,0.21246,0.58554,-0.16777,-0.48443,
1403715578812143104,0.04009,-1.98305,0.56231,-0.41796,0.40884,0.78159,0.21745,0.42529,0.01936,-0.44307,
1403715578912143104,0.07080,-1.96764,0.52001,-0.41270,0.41349,0.77932,0.22664,0.23457,0.22619,-0.38903,
1403715579012142848,0.08190,-1.93195,0.48405,-0.42271,0.40159,0.77235,0.25202,0.02786,0.40404,-0.29372,
1403715579112143104,0.07537,-1.88417,0.45717,-0.43166,0.37839,0.76686,0.28706,-0.16842,0.48996,-0.15504,
1403715579212142848,0.04659,-1.83313,0.44450,-0.44254,0.34968,0.75922,0.32477,-0.39508,0.47830,-0.05126,
1403715579312143104,-0.00669,-1.78847,0.44062,-0.45379,0.33603,0.75045,0.34349,-0.60490,0.36768,-0.06204,
1403715579412143104,-0.07885,-1.75563,0.43471,-0.45651,0.33596,0.74786,0.34559,-0.79071,0.25159,-0.09109,
1403715579512142848,-0.16835,-1.73445,0.42589,-0.45720,0.34570,0.74802,0.33455,-0.97420,0.13877,-0.11799,
1403715579612143104,-0.27426,-1.72269,0.41764,-0.46058,0.35819,0.74745,0.31764,-1.12985,0.07892,-0.05966,
1403715579712142848,-0.39437,-1.71583,0.41492,-0.47092,0.36134,0.74291,0.30943,-1.25366,0.02868,-0.01439,
1403715579812143104,-0.52560,-1.71403,0.41987,-0.48053,0.35941,0.73881,0.30673,-1.34872,-0.01861,0.09669,
1403715579912143104,-0.66590,-1.71883,0.43580,-0.48386,0.35664,0.73630,0.31072,-1.43526,-0.09006,0.19807,
1403715580012142848,-0.81403,-1.72990,0.45536,-0.48949,0.36793,0.72799,0.30832,-1.49093,-0.14036,0.16844,
1403715580112143104,-0.96509,-1.74652,0.46626,-0.49181,0.38660,0.71576,0.31040,-1.51144,-0.19162,0.04197,
1403715580212142848,-1.11573,-1.76809,0.46425,-0.49006,0.40922,0.70153,0.31659,-1.51777,-0.22792,-0.08683,
1403715580312143104,-1.26857,-1.79357,0.45464,-0.48611,0.43438,0.68534,0.32454,-1.51933,-0.27556,-0.10990,
1403715580412143104,-1.41996,-1.82307,0.44499,-0.48410,0.46383,0.66476,0.32955,-1.49029,-0.30669,-0.08860,
1403715580512142848,-1.56916,-1.85595,0.43707,-0.48119,0.49272,0.64432,0.33247,-1.45112,-0.33406,-0.06733,
1403715580612143104,-1.71315,-1.89063,0.42958,-0.47785,0.51781,0.62879,0.32887,-1.38434,-0.34332,-0.07191,
1403715580712142848,-1.84717,-1.92497,0.42223,-0.47618,0.54153,0.61564,0.31778,-1.27781,-0.31855,-0.07077,
1403715580812143104,-1.96852,-1.95552,0.41644,-0.47646,0.56096,0.60417,0.30542,-1.13202,-0.26472,-0.04529,
1403715580912143104,-2.07221,-1.98064,0.41237,-0.48010,0.58092,0.59205,0.28550,-0.94530,-0.19758,-0.02758,
1403715581012142848,-2.15327,-1.99676,0.41114,-0.47757,0.59412,0.58775,0.27109,-0.68978,-0.09178,0.00642,
1403715581112143104,-2.20822,-2.00046,0.41328,-0.46380,0.59844,0.59568,0.26819,-0.44310,0.05204,0.04728,
1403715581212142848,-2.24175,-1.98925,0.42010,-0.45092,0.59332,0.60450,0.28148,-0.23677,0.20340,0.08828,
1403715581312143104,-2.26023,-1.96410,0.42918,-0.45190,0.58460,0.60606,0.29447,-0.09989,0.33241,0.10155,
1403715581412143104,-2.26468,-1.92720,0.43700,-0.45770,0.57149,0.61145,0.30006,0.03187,0.41531,0.08263,
1403715581512142848,-2.25745,-1.88157,0.44243,-0.45847,0.54685,0.62772,0.31100,0.12713,0.49134,0.04721,
1403715581612143104,-2.24332,-1.82852,0.43859,-0.45806,0.51245,0.64992,0.32433,0.15142,0.55435,-0.07868,
1403715581712142848,-2.22790,-1.77237,0.42268,-0.45898,0.47694,0.67313,0.32980,0.13570,0.56734,-0.18244,
1403715581812143104,-2.21607,-1.71576,0.40360,-0.46001,0.43797,0.69770,0.33134,0.08142,0.56763,-0.14379,
1403715581912143104,-2.21243,-1.66129,0.39332,-0.46672,0.40464,0.71758,0.32175,-0.01674,0.52609,-0.04467,
1403715582012142848,-2.21884,-1.61079,0.39484,-0.48621,0.38164,0.72648,0.30029,-0.10828,0.48330,0.09700,
1403715582112143104,-2.23177,-1.56468,0.40837,0.51462,-0.35785,-0.72527,-0.28476,-0.14300,0.43008,0.14848,
1403715582212142848,-2.24489,-1.52550,0.42054,0.53666,-0.33769,-0.72305,-0.27416,-0.12406,0.35764,0.04889,
1403715582312143104,-2.25706,-1.49338,0.41783,0.53803,-0.32734,-0.73032,-0.26456,-0.10567,0.28903,-0.11714,
1403715582412143104,-2.26875,-1.46757,0.40645,0.52780,-0.32433,-0.74194,-0.25644,-0.10645,0.23676,-0.14577,
1403715582512142848,-2.28205,-1.44763,0.39714,0.51311,-0.32611,-0.75381,-0.24929,-0.12775,0.19463,-0.08749,
1403715582612143104,-2.29982,-1.43035,0.39872,0.50211,-0.33017,-0.76086,-0.24490,-0.19164,0.18386,0.05154,
1403715582712142848,-2.32403,-1.41490,0.41175,-0.49375,0.33623,0.76426,0.24306,-0.26309,0.18866,0.13544,
1403715582812143104,-2.35421,-1.39875,0.42220,-0.48575,0.34377,0.76602,0.24306,-0.31155,0.18997,0.02519,
1403715582912143104,-2.38996,-1.38035,0.41910,-0.47335,0.35273,0.77011,0.24176,-0.38721,0.21006,-0.10932,
1403715583012142848,-2.43396,-1.35843,0.40432,-0.46127,0.36158,0.77390,0.23991,-0.48042,0.25774,-0.23009,
1403715583112143104,-2.49024,-1.32672,0.37922,-0.45811,0.36763,0.77266,0.24081,-0.60529,0.34448,-0.26597,
1403715583212142848,-2.55683,-1.28728,0.35577,-0.47897,0.36673,0.75721,0.25048,-0.69971,0.40852,-0.23160,
1403715583312143104,-2.62827,-1.24509,0.33350,0.50945,-0.36508,-0.73533,-0.25782,-0.72187,0.42495,-0.23645,
1403715583412143104,-2.70176,-1.20245,0.31075,0.53954,-0.36256,-0.71312,-0.26251,-0.70719,0.39571,-0.26207,
1403715583512142848,-2.77148,-1.16424,0.28568,0.56312,-0.35739,-0.69543,-0.26748,-0.63578,0.33213,-0.26252,
1403715583612143104,-2.82993,-1.13517,0.26214,0.59013,-0.34752,-0.67449,-0.27575,-0.49927,0.21730,-0.23089,
1403715583712142848,-2.87353,-1.12038,0.23934,0.62032,-0.33070,-0.64868,-0.29164,-0.32743,0.03793,-0.23838,
1403715583812143104,-2.89634,-1.12794,0.21659,0.64328,-0.31502,-0.62778,-0.30470,-0.10199,-0.22702,-0.21298,
1403715583912143104,-2.89253,-1.16620,0.20450,0.65477,-0.30942,-0.61805,-0.30586,0.19427,-0.56276,-0.04771,
1403715584012142848,-2.85774,-1.23897,0.20996,0.65485,-0.31666,-0.62084,-0.29232,0.51637,-0.89637,0.14538,
1403715584112143104,-2.79048,-1.34167,0.23307,0.64152,-0.33295,-0.63608,-0.27019,0.81658,-1.15421,0.29554,
1403715584212142848,-2.69463,-1.46581,0.27139,0.61465,-0.35332,-0.66161,-0.24422,1.08583,-1.31964,0.44806,
1403715584312143104,-2.57542,-1.59980,0.31726,0.57555,-0.37162,-0.69447,-0.21988,1.25237,-1.35274,0.42733,
1403715584412143104,-2.44520,-1.73234,0.35203,0.54398,-0.38248,-0.71867,-0.20326,1.33901,-1.31056,0.24383,
1403715584512142848,-2.30722,-1.85856,0.36820,0.52296,-0.38585,-0.73385,-0.19772,1.38839,-1.22258,0.11275,
1403715584612143104,-2.16700,-1.97348,0.37954,0.50983,-0.38634,-0.74300,-0.19690,1.40010,-1.08304,0.11928,
1403715584712142848,-2.02660,-2.07556,0.39303,-0.49491,0.37842,0.75402,0.20813,1.38707,-0.93211,0.15344,
1403715584812143104,-1.89011,-2.16368,0.40863,-0.48143,0.37032,0.76306,0.22099,1.30461,-0.81860,0.17638,
1403715584912143104,-1.76019,-2.24134,0.42594,-0.47029,0.36532,0.76997,0.22918,1.21030,-0.71913,0.19399,
1403715585012142848,-1.64123,-2.31123,0.44116,-0.45126,0.36086,0.78137,0.23582,1.07998,-0.65062,0.14254,
1403715585112143104,-1.53970,-2.37459,0.45334,-0.43415,0.36748,0.78968,0.22995,0.90511,-0.54564,0.14434,
1403715585212142848,-1.45813,-2.42519,0.46739,-0.42450,0.37341,0.79383,0.22404,0.69811,-0.40543,0.17192,
1403715585312143104,-1.39730,-2.45781,0.48571,-0.43235,0.37144,0.78971,0.22686,0.48912,-0.24936,0.22309,
1403715585412143104,-1.35399,-2.47602,0.50670,-0.44720,0.36330,0.78266,0.23551,0.32630,-0.13143,0.21851,
1403715585512142848,-1.32393,-2.48628,0.52685,-0.46049,0.35519,0.77643,0.24278,0.18740,-0.05760,0.22046,
1403715585612143104,-1.30496,-2.49233,0.54568,-0.47362,0.34633,0.77003,0.25058,0.07721,-0.01933,0.17657,
1403715585712142848,-1.29628,-2.49571,0.55906,-0.47907,0.34177,0.76780,0.25331,-0.00708,-0.00750,0.08865,
1403715585812143104,-1.29932,-2.49680,0.55962,-0.48159,0.34301,0.76685,0.24969,-0.08431,0.00181,-0.11737,
1403715585912143104,-1.31390,-2.49467,0.53675,-0.48621,0.35223,0.76402,0.23626,-0.14515,0.02580,-0.31192,
1403715586012142848,-1.33268,-2.48895,0.50469,-0.49548,0.36861,0.75665,0.21475,-0.19658,0.08656,-0.31298,
1403715586112143104,-1.35410,-2.47346,0.48278,0.51595,-0.37889,-0.74086,-0.20337,-0.19025,0.20073,-0.15297,
1403715586212142848,-1.37140,-2.44844,0.47535,0.53463,-0.37237,-0.72763,-0.21462,-0.11422,0.26276,-0.02599,
1403715586312143104,-1.38299,-2.42172,0.47651,0.53976,-0.35574,-0.72438,-0.23953,-0.05538,0.26346,0.00577,
1403715586412143104,-1.38984,-2.39701,0.47753,0.54123,-0.33736,-0.72300,-0.26559,-0.03183,0.21540,-0.00540,
1403715586512142848,-1.39463,-2.37904,0.47737,0.54490,-0.32564,-0.72000,-0.28043,-0.02489,0.11910,-0.02170,
1403715586612143104,-1.39921,-2.37206,0.47851,0.54811,-0.32222,-0.71750,-0.28451,-0.01099,-0.00325,-0.02107,
1403715586712142848,-1.40157,-2.37604,0.47888,0.54534,-0.32619,-0.71954,-0.28011,0.00648,-0.12167,-0.03991,
1403715586812143104,-1.40081,-2.39170,0.47670,0.53608,-0.33969,-0.72625,-0.26416,0.02599,-0.21374,-0.04635,
1403715586912143104,-1.39849,-2.41168,0.47634,0.52203,-0.35368,-0.73550,-0.24787,0.03662,-0.23678,-0.01213,
1403715587012142848,-1.39721,-2.43297,0.48222,0.51305,-0.36106,-0.74048,-0.24105,0.03123,-0.22676,0.01490,
1403715587112143104,-1.39492,-2.45354,0.48826,0.51222,-0.36372,-0.73994,-0.24046,0.02241,-0.19566,0.05605,
1403715587212142848,-1.39315,-2.47189,0.49957,0.51962,-0.35566,-0.73519,-0.25100,0.01062,-0.18141,0.12180,
1403715587312143104,-1.39248,-2.49197,0.51327,0.52724,-0.34783,-0.73126,-0.25748,-0.00621,-0.21309,0.13957,
1403715587412143104,-1.39179,-2.51552,0.52780,0.53639,-0.34827,-0.72714,-0.24953,0.00916,-0.25204,0.12464,
1403715587512142848,-1.38798,-2.54154,0.54242,0.54157,-0.35615,-0.72376,-0.23671,0.05759,-0.26960,0.12670,
1403715587612143104,-1.37683,-2.56719,0.55837,0.54327,-0.37268,-0.71794,-0.22478,0.14889,-0.25401,0.14535,
1403715587712142848,-1.35607,-2.59052,0.57530,0.53764,-0.39365,-0.71240,-0.22016,0.25523,-0.21680,0.14792,
1403715587812143104,-1.32439,-2.60899,0.59364,0.52884,-0.41710,-0.70337,-0.22722,0.36620,-0.15165,0.17629,
1403715587912143104,-1.28265,-2.62118,0.61347,0.51919,-0.43988,-0.68947,-0.24815,0.47394,-0.08465,0.20057,
1403715588012142848,-1.23084,-2.62876,0.63391,0.50996,-0.45880,-0.67078,-0.28197,0.56344,-0.06038,0.20510,
1403715588112143104,-1.17081,-2.63608,0.65094,0.50138,-0.47617,-0.64888,-0.31753,0.63371,-0.08260,0.12326,
1403715588212142848,-1.10477,-2.64715,0.65188,-0.49239,0.49454,0.62470,0.35035,0.66959,-0.12561,-0.09273,
1403715588312143104,-1.03673,-2.66376,0.62900,-0.48218,0.51713,0.59981,0.37457,0.69850,-0.20862,-0.31115,
1403715588412143104,-0.96725,-2.68917,0.59187,-0.46909,0.53990,0.57678,0.39469,0.73449,-0.31006,-0.34161,
1403715588512142848,-0.89560,-2.72437,0.55362,-0.45367,0.56137,0.55649,0.41153,0.76311,-0.41308,-0.33858,
1403715588612143104,-0.81978,-2.76839,0.51734,-0.43675,0.58346,0.53751,0.42416,0.79055,-0.50232,-0.33740,
1403715588712142848,-0.74014,-2.82036,0.48127,-0.41416,0.60818,0.52356,0.42951,0.81086,-0.56958,-0.33438,
1403715588812143104,-0.65811,-2.87780,0.44481,-0.38507,0.63360,0.51355,0.43191,0.83091,-0.61065,-0.35081,
1403715588912143104,-0.57477,-2.93619,0.40658,-0.34845,0.66041,0.50743,0.43007,0.83688,-0.58897,-0.37097,
1403715589012142848,-0.49113,-2.98908,0.36894,-0.31298,0.68597,0.49971,0.42636,0.83626,-0.49971,-0.33264,
1403715589112143104,-0.40689,-3.03026,0.33928,-0.28731,0.70684,0.48609,0.42609,0.84580,-0.35265,-0.22225,
1403715589212142848,-0.31987,-3.05309,0.32333,-0.27019,0.72192,0.47086,0.42910,0.86259,-0.16327,-0.06694,
1403715589312143104,-0.23056,-3.05424,0.32188,-0.25496,0.73540,0.45594,0.43163,0.89497,0.02311,0.05124,
1403715589412143104,-0.14117,-3.03329,0.33334,-0.23857,0.75096,0.44123,0.42949,0.93062,0.21294,0.14803,
1403715589512142848,-0.04759,-2.99482,0.34775,-0.22387,0.76548,0.42577,0.42737,0.98566,0.41303,0.15848,
1403715589612143104,0.05624,-2.93726,0.36350,-0.21104,0.77473,0.41606,0.42680,1.06395,0.63721,0.25206,
1403715589712142848,0.17117,-2.85721,0.39408,-0.20759,0.77659,0.40808,0.43277,1.16281,0.88932,0.42713,
1403715589812143104,0.29437,-2.75446,0.44662,-0.21695,0.76197,0.39910,0.46158,1.24448,1.11686,0.63855,
1403715589912143104,0.42195,-2.63669,0.51034,-0.23531,0.74168,0.38777,0.49413,1.24565,1.21205,0.63812,
1403715590012142848,0.54702,-2.51259,0.56884,-0.25017,0.72840,0.37957,0.51262,1.20280,1.24021,0.56644,
1403715590112143104,0.66827,-2.38714,0.62114,-0.25515,0.72136,0.37909,0.52042,1.15793,1.23357,0.50514,
1403715590212142848,0.78245,-2.26361,0.66665,-0.25315,0.72048,0.38511,0.51818,1.09692,1.22880,0.44089,
1403715590312143104,0.89134,-2.13802,0.70895,-0.24985,0.71660,0.39930,0.51441,1.02881,1.24534,0.43190,
1403715590412143104,0.99092,-2.00970,0.75037,-0.24574,0.70585,0.42239,0.51280,0.93601,1.31133,0.41720,
1403715590512142848,1.08146,-1.87325,0.78936,-0.24851,0.69012,0.44927,0.51004,0.82371,1.38803,0.38943,
1403715590612143104,1.15963,-1.72921,0.82620,-0.25498,0.67299,0.47921,0.50243,0.69455,1.45916,0.36246,
1403715590712142848,1.22462,-1.57880,0.85951,-0.27641,0.66413,0.50194,0.48019,0.56497,1.52306,0.32842,
1403715590812143104,1.27751,-1.42264,0.89362,-0.30833,0.65169,0.51914,0.45905,0.47129,1.58097,0.35111,
1403715590912143104,1.32142,-1.26302,0.93008,-0.34014,0.63019,0.53752,0.44524,0.39572,1.60523,0.34911,
1403715591012142848,1.35703,-1.10332,0.96550,-0.36306,0.60587,0.56262,0.42962,0.32315,1.60245,0.32036,
1403715591112143104,1.38443,-0.94541,0.99929,-0.38089,0.58007,0.59155,0.41049,0.25879,1.60023,0.29796,
1403715591212142848,1.40442,-0.79003,1.02972,-0.39260,0.54797,0.62467,0.39418,0.18390,1.58865,0.28091,
1403715591312143104,1.41641,-0.63462,1.05768,-0.40165,0.51078,0.65771,0.38105,0.08207,1.58274,0.25141,
1403715591412143104,1.41618,-0.47949,1.08421,-0.41429,0.47519,0.68530,0.36459,-0.04345,1.57415,0.22522,
1403715591512142848,1.40373,-0.32489,1.10606,-0.42808,0.44232,0.70894,0.34425,-0.17396,1.54682,0.16155,
1403715591612143104,1.37871,-0.17504,1.11794,-0.44308,0.41322,0.72908,0.31839,-0.29391,1.52057,0.02758,
1403715591712142848,1.34255,-0.02329,1.11838,-0.45934,0.38232,0.74467,0.29716,-0.38983,1.51134,-0.07803,
1403715591812143104,1.29682,0.12535,1.10678,-0.47229,0.35034,0.75830,0.28139,-0.49379,1.47459,-0.20282,
1403715591912143104,1.24041,0.27396,1.08279,-0.48223,0.31976,0.77100,0.26601,-0.59529,1.41904,-0.33152,
1403715592012142848,1.17527,0.41272,1.04705,-0.48835,0.28366,0.78440,0.25645,-0.70312,1.35430,-0.44058,
1403715592112143104,1.09774,0.55078,1.00382,-0.49444,0.24619,0.79645,0.24615,-0.82914,1.25184,-0.47952,
1403715592212142848,1.00515,0.67604,0.96757,0.51049,-0.20650,-0.80143,-0.23339,-0.98568,1.11764,-0.33628,
1403715592312143104,0.90041,0.77949,0.94405,0.52592,-0.16618,-0.80513,-0.21808,-1.09172,0.93099,-0.20352,
1403715592412143104,0.78516,0.86004,0.93301,0.53560,-0.12634,-0.81044,-0.20087,-1.19668,0.71397,-0.07660,
1403715592512142848,0.66187,0.91860,0.93077,0.54200,-0.08713,-0.81554,-0.18311,-1.26480,0.49032,-0.02739,
1403715592612143104,0.53358,0.95397,0.92816,0.54935,-0.04743,-0.81752,-0.16622,-1.31537,0.27098,-0.04153,
1403715592712142848,0.40031,0.96525,0.92427,0.55487,-0.00643,-0.81845,-0.14903,-1.35017,0.00891,-0.03592,
1403715592812143104,0.26546,0.94924,0.92124,0.55902,0.02506,-0.82041,-0.11746,-1.36508,-0.24599,-0.04348,
1403715592912143104,0.12932,0.91227,0.91679,0.56083,0.03958,-0.82452,-0.06383,-1.36659,-0.45177,-0.04456,
1403715593012142848,-0.00714,0.86070,0.91177,0.56170,0.05351,-0.82557,-0.00807,-1.36141,-0.56265,-0.05231,
1403715593112143104,-0.14482,0.80263,0.90698,0.56307,0.07598,-0.82196,0.03953,-1.35221,-0.60619,-0.03721,
1403715593212142848,-0.28213,0.74224,0.90264,0.56433,0.10860,-0.81507,0.07344,-1.33000,-0.60427,-0.04296,
1403715593312143104,-0.41622,0.68134,0.89825,0.56313,0.14578,-0.80775,0.09580,-1.30852,-0.60193,-0.05750,
1403715593412143104,-0.54657,0.61942,0.89511,0.56225,0.19004,-0.79821,0.10306,-1.27660,-0.63078,-0.03337,
1403715593512142848,-0.67207,0.55322,0.89159,0.56005,0.23339,-0.78720,0.11038,-1.22150,-0.69164,-0.04676,
1403715593612143104,-0.79127,0.47909,0.88931,0.56085,0.26919,-0.77253,0.12720,-1.13274,-0.77630,-0.02574,
1403715593712142848,-0.90066,0.39736,0.88890,0.56693,0.29804,-0.75274,0.15214,-1.02599,-0.84277,-0.01362,
1403715593812143104,-0.99840,0.30954,0.88866,0.56901,0.32659,-0.73347,0.17771,-0.89694,-0.88706,-0.01355,
1403715593912143104,-1.08319,0.21763,0.88550,0.56241,0.35971,-0.71716,0.19995,-0.73515,-0.91926,-0.04391,
1403715594012142848,-1.15237,0.12205,0.87913,0.54670,0.39470,-0.70452,0.22133,-0.59285,-0.94761,-0.06141,
1403715594112143104,-1.20913,0.02244,0.87262,0.52573,0.42608,-0.69453,0.24431,-0.46374,-0.97966,-0.06434,
1403715594212142848,-1.25311,-0.07984,0.86761,0.50741,0.45421,-0.68206,0.26648,-0.35952,-1.01088,-0.04757,
1403715594312143104,-1.28914,-0.18696,0.86566,-0.49242,-0.48079,0.66680,-0.28589,-0.26040,-1.04065,-0.02098,
1403715594412143104,-1.31442,-0.29697,0.86633,-0.48206,-0.50835,0.64629,-0.30248,-0.15701,-1.08033,-0.01229,
1403715594512142848,-1.32724,-0.40904,0.86739,-0.47243,-0.53921,0.62149,-0.31594,-0.04222,-1.10612,-0.00003,
1403715594612143104,-1.32860,-0.52423,0.86728,-0.46023,-0.57083,0.59476,-0.32954,0.08413,-1.12694,-0.01140,
1403715594712142848,-1.31552,-0.64204,0.86506,0.43698,0.60264,-0.57364,0.34178,0.23366,-1.15935,-0.04325,
1403715594812143104,-1.28727,-0.76253,0.85952,0.39915,0.62879,-0.56160,0.36041,0.35029,-1.20729,-0.06337,
1403715594912143104,-1.24829,-0.88700,0.85487,0.36406,0.65150,-0.54570,0.38107,0.43268,-1.27506,-0.05957,
1403715595012142848,-1.20268,-1.01850,0.84972,0.33609,0.67383,-0.52373,0.39837,0.50051,-1.35298,-0.06839,
1403715595112143104,-1.15020,-1.16174,0.84428,0.31273,0.69417,-0.49810,0.41500,0.56352,-1.45465,-0.05730,
1403715595212142848,-1.09210,-1.31353,0.84054,0.29015,0.70808,-0.47118,0.43866,0.60460,-1.53632,-0.04363,
1403715595312143104,-1.03003,-1.47328,0.83614,0.27048,0.72120,-0.43993,0.46170,0.63650,-1.60727,-0.06930,
1403715595412143104,-0.96497,-1.63913,0.82832,0.25187,0.73287,-0.40590,0.48447,0.65162,-1.63867,-0.09570,
1403715595512142848,-0.89831,-1.80596,0.82157,0.23627,0.74284,-0.36746,0.50728,0.65325,-1.66309,-0.07903,
1403715595612143104,-0.83216,-1.97244,0.81580,0.23162,0.75383,-0.31987,0.52514,0.65117,-1.64439,-0.04750,
1403715595712142848,-0.76526,-2.13294,0.81090,0.23919,0.76074,-0.26179,0.54363,0.66324,-1.55213,-0.04096,
1403715595812143104,-0.69770,-2.27811,0.80679,0.24827,0.76211,-0.20262,0.56258,0.67068,-1.36705,-0.03014,
1403715595912143104,-0.63090,-2.40069,0.80566,0.25101,0.75540,-0.15353,0.58549,0.64792,-1.09633,0.01782,
1403715596012142848,-0.56844,-2.49106,0.81030,0.24383,0.73811,-0.11826,0.61787,0.56543,-0.75046,0.08902,
1403715596112143104,-0.51959,-2.54429,0.82212,0.22231,0.71722,-0.09999,0.65282,0.37354,-0.38495,0.17191,
1403715596212142848,-0.49109,-2.55978,0.84205,0.20487,0.71709,-0.09189,0.65983,0.14503,-0.03345,0.21779,
1403715596312143104,-0.48615,-2.54024,0.86765,0.18578,0.74936,-0.09426,0.62854,-0.04901,0.26106,0.22852,
1403715596412143104,-0.49430,-2.49759,0.89398,0.15821,0.79104,-0.10132,0.58221,-0.12242,0.48239,0.25446,
1403715596512142848,-0.50089,-2.44291,0.92248,0.12693,0.82409,-0.10611,0.54176,-0.08480,0.60555,0.28055,
1403715596612143104,-0.49797,-2.37970,0.95418,0.09921,0.84762,-0.10414,0.51074,0.03935,0.65496,0.28579,
1403715596712142848,-0.47815,-2.31489,0.98769,0.07613,0.86448,-0.09557,0.48759,0.22829,0.65548,0.30365,
1403715596812143104,-0.44346,-2.25090,1.02075,0.05636,0.87605,-0.08187,0.47186,0.43870,0.63751,0.29417,
1403715596912143104,-0.38865,-2.18999,1.05056,0.03782,0.88593,-0.07117,0.45676,0.68104,0.58939,0.27568,
1403715597012142848,-0.30916,-2.13218,1.07604,0.02706,0.89280,-0.06111,0.44546,0.94847,0.53851,0.25774,
1403715597112143104,-0.20007,-2.07905,1.10193,0.02096,0.89218,-0.05395,0.44796,1.23808,0.48447,0.27167,
1403715597212142848,-0.06120,-2.02911,1.12940,0.01211,0.88003,-0.04979,0.47215,1.49342,0.44716,0.27874,
1403715597312143104,0.09879,-1.98273,1.15739,-0.00069,0.86116,-0.04503,0.50634,1.65634,0.41249,0.26381,
1403715597412143104,0.27046,-1.94210,1.18295,-0.01642,0.84204,-0.03660,0.53792,1.73773,0.35758,0.26397,
1403715597512142848,0.44641,-1.90735,1.20788,-0.02664,0.82198,-0.01788,0.56862,1.73724,0.30660,0.22987,
1403715597612143104,0.61648,-1.87943,1.22842,-0.03775,0.81103,0.00679,0.58375,1.67889,0.27120,0.16902,
1403715597712142848,0.78445,-1.85203,1.24279,-0.04992,0.80861,0.03308,0.58528,1.63543,0.22831,0.13072,
1403715597812143104,0.94471,-1.83148,1.25440,-0.06190,0.80909,0.05452,0.58186,1.58517,0.18304,0.09891,
1403715597912143104,1.10091,-1.81612,1.26567,-0.06992,0.80486,0.07052,0.58509,1.53921,0.14560,0.12662,
1403715598012142848,1.25313,-1.80397,1.27806,-0.07546,0.79693,0.08018,0.59395,1.46543,0.10146,0.10841,
1403715598112143104,1.39725,-1.79517,1.28864,-0.07384,0.79251,0.08853,0.59886,1.38555,0.07212,0.07044,
1403715598212142848,1.53339,-1.78804,1.29171,-0.07316,0.78512,0.09243,0.60802,1.30574,0.06044,-0.01682,
1403715598312143104,1.65968,-1.78203,1.28373,-0.07502,0.77251,0.09122,0.62392,1.19292,0.04412,-0.14858,
1403715598412143104,1.77232,-1.77793,1.26761,-0.08034,0.75434,0.08570,0.64588,1.02299,0.01299,-0.15269,
1403715598512142848,1.86314,-1.77899,1.25138,-0.08752,0.73719,0.07795,0.66544,0.77317,-0.05479,-0.15411,
1403715598612143104,1.92592,-1.78777,1.23471,-0.09014,0.73043,0.07285,0.67308,0.50981,-0.13623,-0.17274,
1403715598712142848,1.96611,-1.80301,1.21499,-0.08313,0.74380,0.07364,0.65911,0.26756,-0.19536,-0.22381,
1403715598812143104,1.98631,-1.82193,1.18950,-0.07432,0.76675,0.07658,0.63302,0.07660,-0.23179,-0.26769,
1403715598912143104,1.99025,-1.84276,1.15958,-0.06623,0.78434,0.07981,0.61160,-0.03520,-0.23835,-0.29821,
1403715599012142848,1.98122,-1.86330,1.12669,-0.06008,0.79394,0.08233,0.59940,-0.10925,-0.22986,-0.32607,
1403715599112143104,1.96115,-1.88267,1.09352,-0.05691,0.79615,0.08360,0.59659,-0.16445,-0.20306,-0.35293,
1403715599212142848,1.93557,-1.90053,1.05706,-0.05991,0.79948,0.08102,0.59218,-0.23346,-0.18924,-0.40389,
1403715599312143104,1.90858,-1.91876,1.01510,-0.06798,0.80579,0.07531,0.58345,-0.27821,-0.18488,-0.44347,
1403715599412143104,1.88130,-1.93938,0.96985,-0.08141,0.80926,0.06602,0.57802,-0.29474,-0.21264,-0.46888,
1403715599512142848,1.85371,-1.96446,0.92245,-0.09549,0.80903,0.05658,0.57719,-0.28750,-0.27571,-0.46685,
1403715599612143104,1.82484,-1.99784,0.87731,-0.10512,0.80658,0.05056,0.57950,-0.28727,-0.37132,-0.43717,
1403715599712142848,1.79447,-2.04196,0.83610,-0.10936,0.80115,0.04768,0.58645,-0.30248,-0.47975,-0.40855,
1403715599812143104,1.76284,-2.09441,0.79559,-0.10200,0.79558,0.05147,0.59498,-0.34411,-0.58151,-0.40930,
1403715599912143104,1.72501,-2.15700,0.75517,-0.08413,0.79658,0.06279,0.59534,-0.39786,-0.65067,-0.42034,
1403715600012142848,1.68257,-2.22453,0.71316,-0.06799,0.80387,0.07259,0.58643,-0.43484,-0.67581,-0.41951,
1403715600112143104,1.63844,-2.29094,0.67145,-0.04987,0.80724,0.09003,0.58117,-0.45518,-0.64279,-0.40657,
1403715600212142848,1.59191,-2.35107,0.62866,-0.03105,0.80594,0.11986,0.57890,-0.48032,-0.53823,-0.41055,
1403715600312143104,1.54344,-2.39865,0.58471,-0.02662,0.80286,0.15120,0.57606,-0.51367,-0.39865,-0.42304,
1403715600412143104,1.49121,-2.43026,0.54069,-0.03842,0.79986,0.18151,0.57079,-0.55455,-0.23120,-0.43532,
1403715600512142848,1.43527,-2.44458,0.49697,-0.06771,0.80352,0.20573,0.55448,-0.58857,-0.07180,-0.43940,
1403715600612143104,1.37809,-2.44540,0.45552,-0.10709,0.80792,0.22560,0.53375,-0.57110,0.05065,-0.38896,
1403715600712142848,1.32499,-2.43491,0.42342,-0.13951,0.80429,0.25159,0.51996,-0.52839,0.15636,-0.25370,
1403715600812143104,1.27724,-2.41441,0.40636,-0.16623,0.79337,0.28209,0.51319,-0.47229,0.23250,-0.11480,
1403715600912143104,1.23420,-2.38610,0.40443,-0.18797,0.77896,0.31306,0.50979,-0.43074,0.31967,0.03459,
1403715601012142848,1.19639,-2.35018,0.41653,-0.20548,0.76504,0.33860,0.50778,-0.38901,0.38917,0.15534,
1403715601112143104,1.16234,-2.30845,0.44045,-0.21845,0.75287,0.35629,0.50845,-0.35292,0.44072,0.29327,
1403715601212142848,1.13062,-2.26133,0.47602,-0.22304,0.74404,0.36872,0.51058,-0.33784,0.48809,0.41148,
1403715601312143104,1.09758,-2.20877,0.52046,-0.22174,0.73722,0.37839,0.51396,-0.35940,0.54656,0.46239,
1403715601412143104,1.06205,-2.14932,0.56490,-0.22279,0.73278,0.38458,0.51527,-0.38834,0.60608,0.43227,
1403715601512142848,1.02443,-2.08382,0.60359,-0.22725,0.73234,0.38462,0.51391,-0.41090,0.66189,0.38664,
1403715601612143104,0.98464,-2.01227,0.63854,-0.23234,0.73274,0.38190,0.51308,-0.42819,0.72084,0.34937,
1403715601712142848,0.94408,-1.93626,0.67124,-0.23769,0.73341,0.37795,0.51261,-0.44358,0.76031,0.34652,
1403715601812143104,0.90169,-1.85720,0.70374,-0.24226,0.73012,0.37478,0.51748,-0.45237,0.79210,0.32990,
1403715601912143104,0.85660,-1.77602,0.73507,-0.24397,0.72751,0.36713,0.52576,-0.46457,0.79736,0.31890,
1403715602012142848,0.80803,-1.69610,0.76699,-0.24606,0.71993,0.35091,0.54591,-0.49586,0.77900,0.30850,
1403715602112143104,0.75438,-1.61979,0.79528,-0.24625,0.71318,0.33058,0.56696,-0.55458,0.72345,0.25766,
1403715602212142848,0.69368,-1.55283,0.81717,-0.24112,0.71762,0.30889,0.57574,-0.64124,0.62247,0.19756,
1403715602312143104,0.62456,-1.49587,0.83448,-0.22991,0.72926,0.28800,0.57652,-0.71113,0.52944,0.13930,
1403715602412143104,0.54933,-1.44704,0.84738,-0.20767,0.74962,0.27250,0.56629,-0.75776,0.46276,0.12255,
1403715602512142848,0.47015,-1.40372,0.86065,-0.18605,0.76878,0.25544,0.55598,-0.78867,0.41580,0.15395,
1403715602612143104,0.39080,-1.36498,0.87158,-0.16468,0.78109,0.23811,0.55324,-0.79104,0.39172,0.09232,
1403715602712142848,0.31064,-1.32768,0.87398,-0.14126,0.78654,0.22016,0.55940,-0.79429,0.38425,-0.02867,
1403715602812143104,0.22961,-1.29191,0.85951,-0.11968,0.79432,0.20050,0.56084,-0.80390,0.40075,-0.19879,
1403715602912143104,0.14817,-1.25125,0.83286,-0.10397,0.80160,0.17778,0.56127,-0.80817,0.42486,-0.32023,
1403715603012142848,0.06846,-1.20648,0.79507,-0.08768,0.80816,0.15671,0.56091,-0.79295,0.46725,-0.41429,
1403715603112143104,-0.01250,-1.15630,0.75065,-0.07329,0.81040,0.13372,0.56569,-0.79038,0.49181,-0.45813,
1403715603212142848,-0.09139,-1.10325,0.70518,-0.05778,0.81497,0.11181,0.56568,-0.78662,0.52922,-0.45729,
1403715603312143104,-0.16987,-1.04668,0.66008,-0.04298,0.82214,0.09305,0.55998,-0.76106,0.57181,-0.44288,
1403715603412143104,-0.24456,-0.98596,0.61855,-0.03508,0.82689,0.07697,0.55597,-0.72145,0.62925,-0.39512,
1403715603512142848,-0.31398,-0.91987,0.58260,-0.03714,0.82749,0.06059,0.55696,-0.67353,0.66989,-0.35136,
1403715603612143104,-0.37783,-0.85225,0.55105,-0.04435,0.82823,0.04505,0.55681,-0.62472,0.67092,-0.31384,
1403715603712142848,-0.43636,-0.78685,0.52190,-0.05586,0.82780,0.02858,0.55750,-0.55793,0.63345,-0.28878,
1403715603812143104,-0.48869,-0.72807,0.49897,-0.06643,0.82487,0.01614,0.56117,-0.51079,0.54884,-0.18423,
1403715603912143104,-0.53576,-0.68035,0.48660,-0.07476,0.83153,0.00883,0.55035,-0.46211,0.43795,-0.09211,
1403715604012142848,-0.57614,-0.64361,0.48283,-0.07512,0.84270,0.00904,0.53303,-0.35292,0.32379,-0.02029,
1403715604112143104,-0.60384,-0.61803,0.48510,-0.05835,0.84589,0.02161,0.52972,-0.24042,0.24157,-0.01322,
1403715604212142848,-0.62199,-0.59768,0.48431,-0.04301,0.84215,0.03246,0.53654,-0.14242,0.20462,-0.03093,
1403715604312143104,-0.63140,-0.57905,0.48037,-0.03525,0.83734,0.03797,0.54422,-0.07150,0.19565,-0.07984,
1403715604412143104,-0.63467,-0.56103,0.47291,-0.03226,0.83698,0.03974,0.54484,-0.00687,0.19636,-0.11026,
1403715604512142848,-0.63052,-0.54234,0.46499,-0.03147,0.83479,0.04008,0.54820,0.05128,0.20763,-0.09220,
1403715604612143104,-0.62122,-0.52324,0.45702,-0.03168,0.82726,0.04013,0.55949,0.10385,0.21087,-0.09366,
1403715604712142848,-0.60895,-0.50303,0.44791,-0.02971,0.82177,0.04110,0.56755,0.12264,0.22036,-0.10291,
1403715604812143104,-0.59678,-0.48123,0.43845,-0.02826,0.82053,0.04201,0.56936,0.12189,0.23197,-0.10935,
1403715604912143104,-0.58405,-0.45795,0.43027,-0.02764,0.82053,0.04277,0.56933,0.12743,0.23949,-0.07725,
1403715605012142848,-0.57065,-0.43369,0.42290,-0.02719,0.82350,0.04376,0.56497,0.13415,0.24752,-0.06874,
1403715605112143104,-0.55464,-0.40841,0.41937,-0.02784,0.82356,0.04411,0.56483,0.16134,0.26717,-0.02352,
1403715605212142848,-0.53724,-0.38073,0.41907,-0.02876,0.82135,0.04562,0.56787,0.18553,0.28022,-0.00874,
1403715605312143104,-0.51801,-0.35203,0.42055,-0.03422,0.81960,0.04439,0.57018,0.19867,0.29153,0.01592,
1403715605412143104,-0.49878,-0.32327,0.42106,-0.04276,0.81781,0.04123,0.57241,0.20450,0.27791,-0.04942,
1403715605512142848,-0.47894,-0.29604,0.41248,-0.04868,0.81900,0.03978,0.57034,0.20541,0.25847,-0.14577,
1403715605612143104,-0.45872,-0.26993,0.39385,-0.05346,0.82164,0.03866,0.56618,0.20422,0.23261,-0.23045,
1403715605712142848,-0.43782,-0.24809,0.37164,-0.05011,0.82110,0.04283,0.56697,0.22170,0.19225,-0.22277,
1403715605812143104,-0.41518,-0.23033,0.35256,-0.04260,0.81908,0.04890,0.57000,0.23356,0.17227,-0.19476,
1403715605912143104,-0.39060,-0.21225,0.33590,-0.03921,0.81771,0.05237,0.57189,0.24870,0.17379,-0.15769,
1403715606012142848,-0.36599,-0.19279,0.31881,-0.03740,0.81582,0.05471,0.57449,0.24190,0.18034,-0.20798,
1403715606112143104,-0.34220,-0.17350,0.29513,-0.03685,0.81473,0.05708,0.57585,0.23278,0.19125,-0.26477,
1403715606212142848,-0.31990,-0.15205,0.26691,-0.03876,0.81498,0.05767,0.57531,0.21637,0.21229,-0.28499,
1403715606312143104,-0.29890,-0.12886,0.24197,-0.04676,0.81525,0.05473,0.57462,0.20930,0.23046,-0.20899,
1403715606412143104,-0.27850,-0.10766,0.22769,-0.05320,0.81592,0.05282,0.57328,0.21255,0.20640,-0.10293,
1403715606512142848,-0.25713,-0.08801,0.22339,-0.05703,0.81435,0.05244,0.57519,0.21296,0.19522,-0.01975,
1403715606612143104,-0.23613,-0.06888,0.22020,-0.06329,0.81350,0.05143,0.57582,0.19703,0.17054,-0.03973,
1403715606712142848,-0.21628,-0.05264,0.21391,-0.07122,0.81245,0.04945,0.57655,0.19272,0.14045,-0.08155,
1403715606812143104,-0.19734,-0.04166,0.20409,-0.07859,0.81011,0.04743,0.57905,0.18851,0.07884,-0.10905,
1403715606912143104,-0.18017,-0.03697,0.19281,-0.07497,0.80445,0.05206,0.58697,0.16323,0.02415,-0.12163,
1403715607012142848,-0.16718,-0.03671,0.18013,-0.06423,0.80225,0.06111,0.59037,0.11459,-0.01005,-0.14826,
1403715607112143104,-0.15922,-0.03819,0.16489,-0.05484,0.80494,0.06864,0.58682,0.06835,-0.00716,-0.15257,
1403715607212142848,-0.15456,-0.03875,0.15008,-0.05110,0.80757,0.07256,0.58305,0.03940,0.00744,-0.14210,
1403715607312143104,-0.15216,-0.03681,0.13711,-0.05007,0.80916,0.07365,0.58081,0.00352,0.02356,-0.12249,
1403715607412143104,-0.15395,-0.03456,0.12877,-0.05040,0.80828,0.07318,0.58206,-0.01985,0.02917,-0.07972,
1403715607512142848,-0.15799,-0.03023,0.12204,-0.04874,0.80856,0.07326,0.58179,-0.05463,0.05591,-0.05925,
1403715607612143104,-0.16496,-0.02425,0.11787,-0.04761,0.80929,0.07251,0.58097,-0.07495,0.07472,-0.02644,
1403715607712142848,-0.17365,-0.01579,0.11476,-0.04597,0.80963,0.07200,0.58069,-0.09964,0.09507,-0.02595,
1403715607812143104,-0.18463,-0.00584,0.10702,-0.04665,0.81068,0.06987,0.57944,-0.12096,0.10795,-0.12112,
1403715607912143104,-0.19616,0.00551,0.09090,-0.04594,0.81195,0.07284,0.57734,-0.06702,0.12113,-0.09964,
1403715608012142848,-0.19572,0.00587,0.09373,-0.04305,0.81134,0.07717,0.57786,0.01013,-0.02991,0.01498,
1403715608112143104,-0.19448,0.00495,0.09068,-0.04366,0.81259,0.07675,0.57610,0.02279,-0.00393,-0.00859,
1403715608212142848,-0.19503,0.00604,0.09117,-0.04321,0.81238,0.07688,0.57642,-0.01497,-0.02638,-0.00281,
1403715608312143104,-0.19472,0.00603,0.09049,-0.04370,0.81251,0.07625,0.57629,0.01286,0.00938,-0.00099,
1403715608412143104,-0.19459,0.00561,0.09032,-0.04369,0.81231,0.07616,0.57657,-0.00349,0.00751,0.00228,
1403715608512142848,-0.19493,0.00618,0.09007,-0.04396,0.81215,0.07599,0.57680,0.00240,-0.00533,-0.00098,
1403715608612143104,-0.19456,0.00590,0.09011,-0.04409,0.81261,0.07569,0.57619,0.00263,0.00329,0.00063,
1403715608712142848,-0.19480,0.00605,0.08982,-0.04430,0.81255,0.07565,0.57626,-0.00710,-0.00094,0.00673,
1403715608812143104,-0.19479,0.00595,0.08981,-0.04431,0.81242,0.07554,0.57646,0.00235,-0.00364,0.00018,
1403715608912143104,-0.19474,0.00587,0.08982,-0.04427,0.81260,0.07548,0.57622,-0.00795,-0.00077,0.00374,
1403715609012142848,-0.19493,0.00599,0.08974,-0.04434,0.81241,0.07542,0.57649,-0.00130,-0.00214,0.00548,
1403715609112143104,-0.19478,0.00585,0.08983,-0.04430,0.81260,0.07529,0.57624,-0.00468,0.00028,0.00471,
1403715609212142848,-0.19493,0.00592,0.08983,-0.04439,0.81257,0.07522,0.57629,-0.00683,-0.00315,0.00666,
1403715609312143104,-0.19484,0.00588,0.08980,-0.04437,0.81264,0.07507,0.57621,-0.00136,-0.00331,0.00494,
